,S0,S1,S2,S0+VT,S1+VT,S2+VT
2021-05-03 00:00:00+00:00,0.14662601599423541,0.1335621253848993,0.1657805070087098,0.09627892360712235,0.10731134973516111,0.08538689376897976
2021-05-10 00:00:00+00:00,-0.03257082512832556,-0.009124310918428233,-0.055582821707776654,-0.02056173272734996,-0.007720675145821621,-0.02638434412524366
2021-05-17 00:00:00+00:00,-0.019148174243840067,-0.007061591356311726,-0.04026656530405847,-0.0266676964239867,-0.010160124660617543,-0.04228284042217951
2021-05-24 00:00:00+00:00,-0.14861987782704686,-0.14400883432095307,-0.15062400180432295,-0.031939797556366195,-0.031103375360726167,-0.03276292036872838
2021-05-31 00:00:00+00:00,-0.1158289347482254,-0.1116923505966988,-0.11852077539649807,-0.022149968876335448,-0.021808675656646716,-0.022405028448695553
2021-06-07 00:00:00+00:00,0.11722591535799858,0.11121779211117462,0.12066476166908587,0.02048094961898558,0.01987301262978055,0.02073617957834214
2021-06-14 00:00:00+00:00,0.0909191021679792,0.08920043455560786,0.09291381285070142,0.01563998981243392,0.01567321441988504,0.01572194855531307
2021-06-21 00:00:00+00:00,-0.01653799720389227,-0.015860446552841526,-0.017066136941632313,-0.021783638643576544,-0.01975848392157571,-0.023079041950415817
2021-06-28 00:00:00+00:00,-0.14197315450842657,-0.1410498265571971,-0.14180267183220974,-0.026494548300511827,-0.02669109669074826,-0.0261550146254565
2021-07-05 00:00:00+00:00,0.014183548477797764,0.01557248156174557,0.013349691894699391,0.0025256002799939614,0.0028295213977058255,0.0023382441509975376
2021-07-12 00:00:00+00:00,0.09736917256520188,0.0963141983705141,0.09823517421809654,0.022639820140970893,0.022605898795893475,0.022663791431617872
2021-07-19 00:00:00+00:00,-0.09645362439701356,-0.09730789094787212,-0.09556274779523881,-0.02151911069680989,-0.021932293252536258,-0.021169942496137423
2021-07-26 00:00:00+00:00,-0.0018968015941238476,-0.0030861725725211614,0.00013720482849904233,-0.0021179703950018262,-0.0039520113925685905,0.00034635617062277977
2021-08-02 00:00:00+00:00,-0.01811358368762924,-0.01928134595021951,-0.013733355988496376,-0.039391253412119166,-0.046319901878159854,-0.025672518312315585
2021-08-09 00:00:00+00:00,0.16303153544993354,0.1692080404383238,0.15586832222302002,0.0736717828701336,0.07676566353653368,0.06980449021362861
2021-08-16 00:00:00+00:00,0.09729994581716313,0.10120142386189647,0.09111744181841583,0.029058303779779603,0.030871089225674952,0.026682887121209725
2021-08-23 00:00:00+00:00,-0.0062916882731920976,-0.014088361302238594,0.009540498295761634,-0.0024221340668678874,-0.005488497672460977,0.0035657161635485515
2021-08-30 00:00:00+00:00,0.19646767702291992,0.20307037880817785,0.1835854358648927,0.07429867554391273,0.07852836600141858,0.0675810188923118
2021-09-06 00:00:00+00:00,-0.06303523978040122,-0.07171177008681426,-0.051218693921110704,-0.02396459078333783,-0.02782594391066369,-0.01899185963840536
2021-09-13 00:00:00+00:00,-0.018162426893490458,-0.01393495287388325,-0.023701424610782874,-0.025304527802347692,-0.018057743679883928,-0.031025739169691237
2021-09-20 00:00:00+00:00,0.027099236939417667,0.04651507693170742,-0.0025310055100214468,0.022002629563641483,0.03310444569453645,-0.002487226317941181
2021-09-27 00:00:00+00:00,-0.059247844496992316,-0.06906381874275598,-0.04903886722793546,-0.0338953392327941,-0.03415168619113933,-0.0320400971404966
2021-10-04 00:00:00+00:00,-0.016957944674830798,-0.01568806933946443,-0.01951575755261512,-0.00735316955186169,-0.006158212684376569,-0.009567759884571002
2021-10-11 00:00:00+00:00,-0.016465145211165606,-0.014514653325886816,-0.01774595071185271,-0.0063336255485908904,-0.005772539762411703,-0.00678974832040422
2021-10-18 00:00:00+00:00,-0.014344215014934967,-0.01059860400290057,-0.017229945282238195,-0.00965120647207757,-0.008868311426578396,-0.00949670781554668
2021-10-25 00:00:00+00:00,0.10873891490125993,0.11149800629588552,0.10154684766158645,0.05180378963368612,0.05146845048170344,0.049214014473680734
2021-11-01 00:00:00+00:00,0.03960484773604569,0.04222112997935589,0.03445093213621593,0.021142830291146327,0.021797474745706223,0.01805844585748915
2021-11-08 00:00:00+00:00,0.027036100884532652,0.02760208636528037,0.03054659635521936,0.012546179572021463,0.013217982633350023,0.01327500394256841
2021-11-15 00:00:00+00:00,-0.044206729884524176,-0.049897432851122414,-0.034986779568591427,-0.026914359818190944,-0.03201738394385414,-0.018457851009573218
2021-11-22 00:00:00+00:00,0.04274167702165013,0.03738729364306531,0.05826934517807383,0.055996991654836285,0.054034647401464124,0.04566136846897939
2021-11-29 00:00:00+00:00,0.09833860583311,0.12386445386938318,0.05733165013248441,0.06982371720407518,0.08051121671811844,0.03802268560171588
2021-12-06 00:00:00+00:00,-0.0004044612306828896,0.002250245061729248,-0.0031466308258778354,-0.00018321614389750582,0.0010063655509034508,-0.0014042594783785793
2021-12-13 00:00:00+00:00,0.04301118105364111,0.04234706398722518,0.03987117294685589,0.018097421802637598,0.017529482947454537,0.01696048395315044
2021-12-20 00:00:00+00:00,-0.16379746135455292,-0.1615795221218272,-0.16271847132027942,-0.06952241154527064,-0.06681245438614972,-0.0703815707323805
2021-12-27 00:00:00+00:00,0.04436150568984217,0.04545625824832698,0.04469327380235571,0.02358304346195128,0.02375968984929462,0.021786250396323585
2022-01-03 00:00:00+00:00,-0.009764706867804894,0.0024056822280531373,-0.021897227429938337,-0.020965107842789335,0.005446831986844435,-0.038431589832170175
2022-01-10 00:00:00+00:00,-0.022270376471888516,-0.03316902145951668,-0.009614456173474619,-0.012936133739997906,-0.017835013694948176,-0.006236582007974234
2022-01-17 00:00:00+00:00,-0.004641165110068591,0.01038361363109159,-0.016232648399020208,-0.00929847005569691,0.023341735666951774,-0.026500528675567684
2022-01-24 00:00:00+00:00,-0.005186500246355354,-0.004227984673080679,-0.006034060778871024,-0.0024326853395529187,-0.002226460915740201,-0.0025595201018423844
2022-01-31 00:00:00+00:00,-0.16338939944594394,-0.16136013842625277,-0.16510820083079727,-0.055683584860549355,-0.05686903264657553,-0.054687127458466926
2022-02-07 00:00:00+00:00,0.0638414612644961,0.05604952494614418,0.07107232315966582,0.029950493266933196,0.028782591137482653,0.031107258108045877
2022-02-14 00:00:00+00:00,0.07628970168454666,0.07367190910036088,0.07878343667828824,0.031158884311296507,0.03138119796982782,0.030903061980141273
2022-02-21 00:00:00+00:00,0.02210322762589183,0.020781649627727414,0.0232577376888496,0.038708526371967464,0.044500551532576156,0.0342260635650684
2022-02-28 00:00:00+00:00,-0.0033979321487576735,-0.0024638405731708265,-0.005060981235101809,-0.0027723948680600423,-0.002398162382913307,-0.0036639162008546607
2022-03-07 00:00:00+00:00,0.022741999386441038,0.023059981026558582,0.021748665894004118,0.008185602738249588,0.008367861882031756,0.007828137602742785
2022-03-14 00:00:00+00:00,-0.13937310434609892,-0.1398645284870018,-0.1369321348660094,-0.05210997754392442,-0.051986760592077935,-0.05213838896763152
2022-03-21 00:00:00+00:00,-0.03475431003412208,-0.03749077038265399,-0.03139362597130821,-0.08037197890842102,-0.0984014737846944,-0.062317397388278704
2022-03-28 00:00:00+00:00,0.10901109021616179,0.09819461042463701,0.1217417423804036,0.038759914832522474,0.03562234326673027,0.04227735662957538
2022-04-04 00:00:00+00:00,-0.1757992051881644,-0.17338839901028616,-0.17665460925241355,-0.06844788048471111,-0.06872524963383032,-0.06707720220967651
2022-04-11 00:00:00+00:00,-0.051395839859193285,-0.052514637248701125,-0.04941728139285864,-0.019951655628925098,-0.020965720648862863,-0.018558830055902472
2022-04-18 00:00:00+00:00,-0.0011215258174920224,-0.00011774277412743292,-0.0037625171624239696,-0.001081363524196416,2.6029358569610043e-06,-0.004108282031596212
2022-04-25 00:00:00+00:00,0.0978748646576411,0.09983945155845134,0.09650908361721475,0.05216712643686624,0.05064984003860826,0.05325876196420535
2022-05-02 00:00:00+00:00,0.0709461306059035,0.06924943468089988,0.07078299040700574,0.027515161290460017,0.028088292237743055,0.02576125201077311
2022-05-09 00:00:00+00:00,0.23579111656520402,0.22680480495068034,0.24499125090114982,0.08971668176280273,0.09090025547255079,0.08634541771639152
2022-05-16 00:00:00+00:00,0.04367401306364967,0.045082627713506504,0.04094771836396117,0.012216951948684553,0.01333989817494787,0.010811602463238975
2022-05-23 00:00:00+00:00,0.07575821167151214,0.07500865690843436,0.07652741881960486,0.020090795840581824,0.021045105814611133,0.019162591276697755
2022-05-30 00:00:00+00:00,-0.007792290850214279,-0.008366298223567931,-0.0072753402727894125,-0.002098238301077661,-0.0023645543139992416,-0.0018748458687692208
2022-06-06 00:00:00+00:00,0.1967741958513333,0.1960655398991363,0.19509762624254445,0.05060359059099182,0.052773293598942894,0.04805736040936934
2022-06-13 00:00:00+00:00,0.03407439606907689,0.04215144684184843,0.02728417209443287,0.010645008344341704,0.013257833335287683,0.00868260659776518
2022-06-20 00:00:00+00:00,-0.10886693024287772,-0.10574366301978358,-0.10925948924092949,-0.027482202161511038,-0.02704191252254793,-0.02752743332865959
2022-06-27 00:00:00+00:00,0.05263233306096108,0.05637536119736712,0.048198805572352135,0.018506393259352518,0.01903243549015171,0.018075362364116377
2022-07-04 00:00:00+00:00,-0.05095773916097054,-0.05183829477374521,-0.04777664335048144,-0.015439022050656413,-0.015518147391565136,-0.014948265989448721
2022-07-11 00:00:00+00:00,-0.00388327605145307,-0.010950512060228798,0.00459254850748963,-0.004648913406802462,-0.024126511748579386,0.0035509225635281206
2022-07-18 00:00:00+00:00,0.043718879941863735,0.037661252281271415,0.050853794736540454,0.02413416378004121,0.023122405545550385,0.024440827015457977
2022-07-25 00:00:00+00:00,0.007760995344925986,-0.0025622134559121676,0.01920093572612081,0.005823292658272149,-0.0022269834730470005,0.0124874983785291
2022-08-01 00:00:00+00:00,0.05547868778752533,0.05193354181879928,0.05981589743199779,0.01919033199944556,0.018255960855600363,0.02040585574469219
2022-08-08 00:00:00+00:00,0.03038776342677432,0.029886607644284056,0.031188469296011854,0.009710391148817726,0.009908768148662437,0.009598098318924764
2022-08-15 00:00:00+00:00,-0.1564252250481177,-0.15185067713501424,-0.15784200668285603,-0.056041400397685306,-0.057573923040325735,-0.053739693539314626
2022-08-22 00:00:00+00:00,0.03715348497950914,0.04059661783067223,0.032519918143455374,0.04042239350963921,0.04230319306301482,0.03588787384733043
2022-08-29 00:00:00+00:00,-0.07782061474232112,-0.07134682433000646,-0.08694811393711233,-0.03416936978746943,-0.032198577959351424,-0.037529491945648745
2022-09-05 00:00:00+00:00,-0.041372917037393694,-0.041505509604023084,-0.03936426134892487,-0.017448111720539394,-0.018131081877001447,-0.016114992368680713
2022-09-12 00:00:00+00:00,0.14149854878704068,0.13343790504901157,0.14821591658936664,0.06120125556023816,0.05925383966848999,0.06276678328689833
2022-09-19 00:00:00+00:00,-0.017871591176110705,-0.01549566791417909,-0.01897958021135867,-0.008206198122723817,-0.007421320983431957,-0.008374348454838466
2022-09-26 00:00:00+00:00,-0.0036960565427476273,-0.004025846662797325,-0.003405080995710406,-0.0053777871944903485,-0.005640382964918641,-0.0046287007214547956
2022-10-03 00:00:00+00:00,-0.03888946643221556,-0.037828142616926484,-0.03996284948813013,-0.022263729502285813,-0.021709463294855964,-0.02283623696980377
2022-10-10 00:00:00+00:00,0.035659244658976096,0.037722915374895076,0.0317880862229977,0.025477890218051084,0.026654697089560347,0.02296346005426519
2022-10-17 00:00:00+00:00,-0.0019207491056718613,0.0003127627242854883,-0.005207905312947339,-0.0017075688534954974,0.00021200568123445304,-0.004769421485820588
2022-10-24 00:00:00+00:00,-0.08177088989814076,-0.08297683666487304,-0.07885220518000406,-0.0646485335685918,-0.07028715402142571,-0.058074418135283065
2022-10-31 00:00:00+00:00,0.012261000601623334,-0.00016808853919069713,0.035871556986236154,0.015913999965610093,-0.00015013585221695187,0.040305382435405504
2022-11-07 00:00:00+00:00,-0.019112590744954586,-0.009439261483178233,-0.044808260639645,-0.03765769309015786,-0.02869452295707945,-0.044504294666344264
2022-11-14 00:00:00+00:00,0.026778992104288173,0.030309511862239187,0.017067144937554277,0.01104875085466224,0.011457679193361343,0.008324065176040733
2022-11-21 00:00:00+00:00,-0.040577805606057796,-0.042658012384470305,-0.032077707873716756,-0.01817296721512369,-0.018045810666141256,-0.01657899011301839
2022-11-28 00:00:00+00:00,-0.018838130633822794,-0.023631121705789942,-0.004697536955533543,-0.007503265089822551,-0.00932556930691275,-0.002063323022148019
2022-12-05 00:00:00+00:00,0.039195801284726425,0.032831277177053,0.04936123928860224,0.01311045388395532,0.01207167456118969,0.014453815973547508
2022-12-12 00:00:00+00:00,0.0076179095679835065,0.011789517005710421,0.002988834008174764,0.017494726160186377,0.03544463190145158,0.003934327950025331
2022-12-19 00:00:00+00:00,0.014283446221597565,0.018082735810918352,0.005685926289473562,0.014909074490192067,0.015669789313456226,0.00653613276173434
2022-12-26 00:00:00+00:00,0.02770183370589155,0.02584460539823565,0.03116805893938283,0.009468263270919037,0.010162948410829058,0.009147776734222174
2023-01-02 00:00:00+00:00,-0.12053080213170844,-0.1107655033895225,-0.13080696912595696,-0.038428900683846384,-0.03904956456527845,-0.03726068821040151
2023-01-09 00:00:00+00:00,-0.14906942796739378,-0.14283359514777283,-0.14694526848169853,-0.10055935361695473,-0.10407370646734972,-0.092405437991131
2023-01-16 00:00:00+00:00,0.05346851006237272,0.05075258084187038,0.05710908418819141,0.029585265936378093,0.030043899938334225,0.029435046759500413
2023-01-23 00:00:00+00:00,0.08394987302672637,0.08532171515152964,0.08001811896910128,0.044778398912614405,0.048549647987902296,0.03985247398118111
2023-01-30 00:00:00+00:00,0.01157614309159321,0.010750392618276983,0.010113472429601637,0.005856696666611596,0.00583336637117035,0.004717371075583107
2023-02-06 00:00:00+00:00,-0.06588579813805558,-0.06127231786608501,-0.07226645842865585,-0.032133658002056226,-0.03216174680193881,-0.03245696076837279
2023-02-13 00:00:00+00:00,0.14175119382090107,0.09623808276391504,0.23733712620381153,0.16399809755410572,0.12402286102009735,0.22822727946191562
2023-02-20 00:00:00+00:00,-0.014083939144601437,-0.008007519104233269,-0.019220647104833767,-0.008126508731173744,-0.005361061649306312,-0.009254157049179073
2023-02-27 00:00:00+00:00,-0.016259030316586945,-0.013406682710415977,-0.022806457915536617,-0.030219913416275855,-0.03750708404759623,-0.021501374023074095
2023-03-06 00:00:00+00:00,0.022831219899037965,0.027436829376852597,0.012814385452544614,0.01618703722592345,0.01744931391303182,0.010169377684288217
2023-03-13 00:00:00+00:00,-0.03632312630413252,-0.04992465957488579,0.026859598635414688,-0.02690551346893563,-0.03646733594758793,0.020061518232030954
2023-03-20 00:00:00+00:00,0.017731394418821687,0.017016818585864336,0.007712140436204421,0.012015570698443423,0.010762183219246116,0.005742913863745424
2023-03-27 00:00:00+00:00,-0.007951141458471655,-0.005507454063254345,-0.007354360945145643,-0.003995186109666377,-0.0028261313093788727,-0.0040340508032390855
2023-04-03 00:00:00+00:00,-0.006008812010063438,-0.004885630699832679,-0.006607911982697191,-0.0119385356314168,-0.011937027054095767,-0.007166008714888151
2023-04-10 00:00:00+00:00,0.0728712061343777,0.0724086987789216,0.07075410028461968,0.03194163355641325,0.03422672633376467,0.026710476498186548
2023-04-17 00:00:00+00:00,-0.08298162713236194,-0.08803097775945327,-0.06714466350215684,-0.06109506181760186,-0.061318014144454536,-0.058143793851640306
2023-04-24 00:00:00+00:00,-0.006645633628962887,-0.0056171190097637205,-0.00993664007797778,-0.005731188512159917,-0.005196499638982886,-0.007401188515946137
2023-05-01 00:00:00+00:00,0.016109743854383605,0.009209929614176866,0.023841919290901025,0.011201120778360909,0.007421020119208326,0.013860317045898544
2023-05-08 00:00:00+00:00,0.056574785044275114,0.05510694979001727,0.05611073305722698,0.029914071526413885,0.031340299223155274,0.027078310238756863
2023-05-15 00:00:00+00:00,-0.006766427388149749,-7.461914543776269e-06,-0.016743933652436423,-0.0035965173180593077,5.9244489258614705e-06,-0.008481223483517594
2023-05-22 00:00:00+00:00,-0.03348580213677356,-0.03444809485462788,-0.030279687508914944,-0.024453813737693224,-0.02528072252826735,-0.02321101003158039
2023-05-29 00:00:00+00:00,0.008696888139319504,0.013594639054699239,0.0014921235594352,0.010769714075652111,0.01587237625111365,0.0019690557518536812
2023-06-05 00:00:00+00:00,0.12416312475304814,0.1211976937510395,0.1259302419433196,0.1508079347735918,0.15203148805842515,0.14207382588248213
2023-06-12 00:00:00+00:00,-0.009478120380004878,-0.008788211418691365,-0.009539466722075174,-0.005264191698817573,-0.005267368570711192,-0.004914594687308002
2023-06-19 00:00:00+00:00,-0.17763817153146905,-0.17650506465499766,-0.1778284969544406,-0.10249262034764776,-0.10943809686231906,-0.09503443068527814
2023-06-26 00:00:00+00:00,0.0044633097940712865,-0.004845215128612055,0.019584685278679338,0.003099566270602857,-0.0033954971710746223,0.012360267785955805
2023-07-03 00:00:00+00:00,0.01475974161997618,0.012051308083451971,0.01574565667636476,0.014126941771506618,0.012766861856528415,0.014040884983959298
2023-07-10 00:00:00+00:00,0.05223211472244749,0.04460113548721312,0.05848189285852473,0.030051953534851756,0.02736263826515247,0.03162681792769465
2023-07-17 00:00:00+00:00,0.00533492661025433,0.005286262980427684,0.0052734431670781266,0.0024673927033053186,0.0025968785751859158,0.0023103375734210532
2023-07-24 00:00:00+00:00,-0.008543975563905603,-0.007691902468107019,-0.008828709258719468,-0.008454880350946341,-0.00886209333919006,-0.007490273305765821
2023-07-31 00:00:00+00:00,-0.007267255272674075,-0.002817123034850078,-0.013918378223062388,-0.013012802795585553,-0.005291934477613752,-0.021311036510813824
2023-08-07 00:00:00+00:00,0.005566544074012019,0.003955733813560641,0.006912851350458864,0.012957351396479707,0.011075808012613887,0.01048429485216792
2023-08-14 00:00:00+00:00,0.07030543539245275,0.06776906953508773,0.07569582475028837,0.07904490657363414,0.07711027115230805,0.08153042070220001
2023-08-21 00:00:00+00:00,0.010848981423444213,0.013215648137078088,0.008593740868952064,0.005777955453091094,0.007797801667856652,0.004070635963488109
2023-08-28 00:00:00+00:00,0.031665044654788005,0.027975038655963475,0.034658751194131074,0.019612624684660466,0.018694093023544415,0.019360189168206386
2023-09-04 00:00:00+00:00,0.022535452231214854,0.019165719766038643,0.0268370035642552,0.01471516456400638,0.013556357530466797,0.015579494523462703
2023-09-11 00:00:00+00:00,-0.014894707742244878,-0.01622225056203696,-0.008921777016792375,-0.010197660372903232,-0.012097494448077959,-0.005451385087729762
2023-09-18 00:00:00+00:00,-0.0014034762360284553,-0.003364946425129443,0.01474529885773075,-0.0018053095108695072,-0.003905190421806174,0.018135351935493003
2023-09-25 00:00:00+00:00,-0.02501291605903835,-0.03584412526027723,0.009904375878135717,-0.052712189311704884,-0.06712535612283346,0.017323628564836224
2023-10-02 00:00:00+00:00,-0.05145501633826944,-0.04976441956184546,-0.05428740747054974,-0.04086129175143375,-0.04275230009825747,-0.034758002459395115
2023-10-09 00:00:00+00:00,-0.013724132923436409,-0.01551523192270084,-0.0023475397725944477,-0.012806218506983628,-0.01675572737333193,-0.0016171449515866624
2023-10-16 00:00:00+00:00,0.016261374982639496,0.008547409571488534,0.034005092486337755,0.048633894649794514,0.02554496317804453,0.04634259765456788
2023-10-23 00:00:00+00:00,0.03791527419555847,0.03027204719050356,0.07003553722951042,0.05704104110145381,0.0573943380122709,0.06034952376158206
2023-10-30 00:00:00+00:00,0.10004354183845418,0.09812910147328432,0.10111819664859145,0.09315807093119005,0.10228521745605788,0.06863069264832757
2023-11-06 00:00:00+00:00,0.135427177760895,0.13524999654210154,0.11605342664963005,0.09788974773333145,0.10711108228597821,0.06822835689893655
2023-11-13 00:00:00+00:00,-0.02722732952079051,-0.027500350550600784,-0.025949430639069612,-0.019464317426474437,-0.021612098299882955,-0.015469618289115835
2023-11-20 00:00:00+00:00,-0.004008978084473225,-0.003048412784869352,-0.006021820451878572,-0.0026279799111012386,-0.002183734164400442,-0.0035141176551561197
2023-11-27 00:00:00+00:00,0.055822792656583485,0.05621848334379622,0.05352532392032349,0.033569381147885255,0.0354953473595553,0.031255855391284976
2023-12-04 00:00:00+00:00,0.09457858751464632,0.09225909232479651,0.09014926261610924,0.07252752416294096,0.07808311369913637,0.06351192948278332
2023-12-11 00:00:00+00:00,-0.04821159447638219,-0.054773542743229556,-0.03669650857343913,-0.030881320690243658,-0.037446349237471144,-0.022375012921057084
2023-12-18 00:00:00+00:00,0.0992179633154826,0.07775142065348382,0.12152469371222212,0.0745039876427413,0.06493543263888163,0.08411515758740634
2023-12-25 00:00:00+00:00,0.013253571821030433,0.018774414953965403,0.008520090162816187,0.00793979938044033,0.012269088713978048,0.004825971065694501
2024-01-01 00:00:00+00:00,-0.10424026186053612,-0.10129670779097065,-0.10280691645575521,-0.06967131746043446,-0.06795592678349578,-0.07020376398633545
2024-01-08 00:00:00+00:00,-0.04964696411334988,-0.05639873495401687,-0.04300518647072707,-0.037742987425874064,-0.0416533140954719,-0.034542181020545536
2024-01-15 00:00:00+00:00,-0.046994767581492916,-0.0533313065817814,-0.03792124773089749,-0.13812560680789956,-0.16018614406223114,-0.09207826959873995
2024-01-22 00:00:00+00:00,0.004093682519656991,0.007429356832151318,-0.0014792397274521812,0.001347230367501655,0.0044545287766229805,-0.002169558221838836
2024-01-29 00:00:00+00:00,0.011495406917162412,0.016170493403428837,0.004822728658232723,0.006482102202132656,0.009527054912332742,0.002678313434675735
2024-02-05 00:00:00+00:00,-0.0221480986001074,-0.017419349617925413,-0.0271967171646744,-0.033805674837819516,-0.03191554299397677,-0.032044459841093643
2024-02-12 00:00:00+00:00,-0.004918925891449838,-0.004796999507216068,-0.001500507800073503,-0.012182275059337147,-0.01453694884845076,-0.002412040548522704
2024-02-19 00:00:00+00:00,0.053467414686795944,0.04785972513010157,0.056613062522830104,0.030503127814168047,0.029517411980380586,0.030555578305000823
2024-02-26 00:00:00+00:00,0.21125792033503188,0.2152143896120996,0.19455430502212906,0.1151149698915447,0.12309975863183638,0.10317175574967859
2024-03-04 00:00:00+00:00,0.10220775165710651,0.09369703621946993,0.10570733874087039,0.0564613908822638,0.05451299454142399,0.055738848391878884
2024-03-11 00:00:00+00:00,-0.013981050906525764,-0.024675492364086678,-0.0028956058258853296,-0.007869911529855863,-0.014664643157963455,-0.0015459859895870327
2024-03-18 00:00:00+00:00,-0.009298627590710646,-0.011186999838972377,-0.00462138092363652,-0.0050551716700026495,-0.006540868631482261,-0.0023907342784434075
2024-03-25 00:00:00+00:00,0.06160852557699891,0.05549306400335795,0.06878171805829024,0.03213142341093253,0.03131120540897934,0.03315200402088581
2024-04-01 00:00:00+00:00,-0.05153263903390105,-0.04437636952283375,-0.05846878859816432,-0.040585350324504915,-0.041466221870525795,-0.03834095070200145
2024-04-08 00:00:00+00:00,0.11531176330752627,0.12618679174030517,0.09550288532963548,0.08484805520585395,0.08362800822190404,0.08459450874488152
2024-04-15 00:00:00+00:00,-0.03981963169118815,-0.03574468440713376,-0.04215624700884679,-0.01634016859612596,-0.014287052937119696,-0.018625699275463696
2024-04-22 00:00:00+00:00,0.028228083236749094,0.02484041986579421,0.02909897807400533,0.010362852568190351,0.00934500193322339,0.01049563969369062
2024-04-29 00:00:00+00:00,-0.032668311052360656,-0.02728292644196784,-0.038651345530176365,-0.011416690957533544,-0.00985911775411569,-0.013188882615418136
2024-05-06 00:00:00+00:00,0.05339391730070212,0.05127760152916374,0.058327293788609694,0.023012532459451264,0.02217612733563119,0.026137796993163254
2024-05-13 00:00:00+00:00,-0.05168383506971158,-0.047215380802217384,-0.05979057563972971,-0.030209187851571395,-0.02753960517526405,-0.03616285885332814
2024-05-20 00:00:00+00:00,-0.06018633747920934,-0.06228144893852529,-0.05660668607622252,-0.046678796704719173,-0.0470644298165385,-0.050374578646505234
2024-05-27 00:00:00+00:00,-0.022972182405392626,-0.020566611666115665,-0.024928021747243387,-0.029133395091825158,-0.03167976812405943,-0.026312668565871687
2024-06-03 00:00:00+00:00,0.007427084221744749,0.009487109962031106,0.004292191134197601,0.013078896436797861,0.01620196051943094,0.006999701870642577
2024-06-10 00:00:00+00:00,0.0021304811590828364,0.0007351955139723099,0.002421022907138124,0.005356509711441501,0.0018054912591690614,0.004652227533269742
2024-06-17 00:00:00+00:00,0.1007089736067286,0.09369441380914308,0.10310181490949642,0.06292251039286878,0.06351003691502317,0.06042307739538487
2024-06-24 00:00:00+00:00,-0.04134331261034099,-0.040328072053514755,-0.0377984267247639,-0.021414165808090056,-0.023081205351591416,-0.018076785856517206
2024-07-01 00:00:00+00:00,0.15407378092599527,0.14161970455511871,0.1645986740432871,0.07987380483959927,0.08133260684275442,0.07901032277198147
2024-07-08 00:00:00+00:00,-0.13525306856449706,-0.12895613706752668,-0.13680830479163927,-0.061606096257756385,-0.06446073614681273,-0.058525730445367
2024-07-15 00:00:00+00:00,-0.08326027048646861,-0.07562127442523317,-0.08927733275373508,-0.048699949776344516,-0.05077310722627331,-0.04695445986896766
2024-07-22 00:00:00+00:00,-0.04618419670665052,-0.045582296462507825,-0.043681784485202976,-0.033611673489231726,-0.033756343365572906,-0.032242021412921706
2024-07-29 00:00:00+00:00,0.07237493918197554,0.0650949246569052,0.07268859005144558,0.08326357797635667,0.08216204548630558,0.08082133493071797
2024-08-05 00:00:00+00:00,0.01724294313854091,0.018006644143982765,0.016395509500283224,0.013312574749798224,0.015076568895395812,0.012340898767134295
2024-08-12 00:00:00+00:00,-0.02967250120832412,-0.026416333287574076,-0.03414177107638974,-0.012805317627661173,-0.012198812051722713,-0.01394649896864384
2024-08-19 00:00:00+00:00,-0.13315591702956137,-0.117289383465311,-0.14358568135323163,-0.06306149861698146,-0.05893760866798555,-0.06559281734883321
2024-08-26 00:00:00+00:00,0.09417775176552573,0.09465236333353161,0.08993841806760108,0.05995080615611559,0.060198861918737426,0.05905678326348675
2024-09-02 00:00:00+00:00,-0.003999138434320337,-0.0030024715831635782,-0.005169922340890103,-0.005832275937313128,-0.004205899385876915,-0.008208718751693956
2024-09-09 00:00:00+00:00,-0.00046430853804676185,-0.003535565680414608,0.003048199002191835,-0.0018800905077449197,-0.011074479956029388,0.008240313583666267
2024-09-16 00:00:00+00:00,-0.004870671601644588,-0.010499538217423048,0.001934219640460082,-0.011607285539982894,-0.031509659027157674,0.002488029651212071
2024-09-23 00:00:00+00:00,-0.046584490209509714,-0.04934178921405241,-0.04428252868069408,-0.0454094616632883,-0.04703201419394091,-0.04394302687143939
2024-09-30 00:00:00+00:00,-0.08584152966823475,-0.08492500978000944,-0.0865016844915974,-0.03874831835704712,-0.040375700256149845,-0.037204364642759724
2024-10-07 00:00:00+00:00,-0.004902167404408464,-0.004147026233722432,-0.006101168968337306,-0.0025087616925976003,-0.0022088540662784117,-0.0030119817754444777
2024-10-14 00:00:00+00:00,0.04893365954060743,0.04712272396392078,0.05039111239621072,0.03816546452735025,0.04086250609210954,0.03566991202030004
2024-10-21 00:00:00+00:00,-0.04724613560193269,-0.04104171736582777,-0.0533794451064684,-0.04403655982478699,-0.041624859126695536,-0.045447367164937615
2024-10-28 00:00:00+00:00,0.05937922846789155,0.05188319210527354,0.06575971670721072,0.03942785455866907,0.03905474695534217,0.039957409322223844
2024-11-04 00:00:00+00:00,-0.22109598162941294,-0.20592467881196644,-0.23061027127517467,-0.15242773168145682,-0.16170619118520532,-0.1450370526714329
2024-11-11 00:00:00+00:00,0.0811553348695966,0.11279272474797873,0.056780963728241936,0.0437237318007592,0.06532102093808932,0.029335023799940886
2024-11-18 00:00:00+00:00,0.2688320101021826,0.2634418920129365,0.2710062423214008,0.16955918095210679,0.15990359568404902,0.18224789346994924
2024-11-25 00:00:00+00:00,0.140732633640813,0.13212138096418372,0.1428757262056518,0.052123322889760744,0.05246181971088816,0.04927977796724755
2024-12-02 00:00:00+00:00,0.24652765308712227,0.24919469211652825,0.23861063609260924,0.09327176456688284,0.10098857196897897,0.08387601401999194
2024-12-09 00:00:00+00:00,-0.11179199869879454,-0.10502197272608496,-0.11802681496525538,-0.03980962006275951,-0.040183566233074945,-0.03810765523030348
2024-12-16 00:00:00+00:00,-0.22304911697395466,-0.2131818707197869,-0.22764622687810548,-0.06925052930052103,-0.0717914266625055,-0.06517023023537795
2024-12-23 00:00:00+00:00,-0.007928672500213736,-0.010881327464833735,-0.0018859768117914558,-0.005384504064820932,-0.006800938035686337,-0.0012667545245298537
2024-12-30 00:00:00+00:00,-0.0937033721253601,-0.09882160376782662,-0.08424740022760022,-0.04034243536724826,-0.041179751225774566,-0.038058542331125725
2025-01-06 00:00:00+00:00,0.11317820697979061,0.10909053156087027,0.1171875630916483,0.03342906405515795,0.03486041777598547,0.032000204066340555
2025-01-13 00:00:00+00:00,0.013881472990066528,0.005233432818140723,0.018476846737887433,0.004077074452596735,0.0016762593157111608,0.004995833760610177
2025-01-20 00:00:00+00:00,0.014767500113157908,0.01601207039948677,0.011680526451286501,0.010578881652018967,0.011468535731738727,0.008894581554143816
2025-01-27 00:00:00+00:00,0.10340804864015919,0.09514412460158639,0.10996809477233144,0.04925588416136615,0.051902820000747196,0.04466426996682029
2025-02-03 00:00:00+00:00,0.07138366995485412,0.06793798759652993,0.0737791913519917,0.022802468516334926,0.022737213666227534,0.022766740207172842
2025-02-10 00:00:00+00:00,-0.03648618046311623,-0.035876989203508104,-0.03634851242322069,-0.013933886067659124,-0.01466653264271474,-0.013274774628272888
2025-02-17 00:00:00+00:00,0.008570235733741473,0.007757868801091902,0.008817438839427127,0.0034335039914577562,0.003273053132223945,0.003410836690601707
2025-02-24 00:00:00+00:00,-0.017790635111241997,-0.015061163748402835,-0.019404287514224447,-0.0073863604666036375,-0.00645044298023362,-0.00789696867612187
2025-03-03 00:00:00+00:00,0.10350828622630158,0.10306406912507879,0.10102514827228123,0.08002440645456543,0.08086007639012716,0.07905637916439959
2025-03-10 00:00:00+00:00,-0.006702821804341896,-0.004367839654136757,-0.008645772538789771,-0.002588240612995082,-0.0017462451492843084,-0.0033420985945769644
2025-03-17 00:00:00+00:00,-0.06291013489802694,-0.06071749901236043,-0.06488572668486169,-0.022268220160452868,-0.022535527828077412,-0.02202360816031022
2025-03-24 00:00:00+00:00,0.08596340256659872,0.08253562996721642,0.08786951436241874,0.03089602226728237,0.03145871774589071,0.030072253222402107
2025-03-31 00:00:00+00:00,0.1356654192589138,0.1386631701712691,0.13417981103611998,0.04734468370273793,0.05113980147092516,0.04475154992661036
2025-04-07 00:00:00+00:00,-0.06330698584016108,-0.06481544578185258,-0.06175145384361741,-0.026988874101816808,-0.028090816334447564,-0.025967137169860485
2025-04-14 00:00:00+00:00,-0.025436788215441777,-0.027375445808393566,-0.022968004893059363,-0.01287493704204358,-0.014287355300924138,-0.011511093620265707
2025-04-21 00:00:00+00:00,-0.08066690332061455,-0.08165861793003491,-0.07867216616693848,-0.03945743498640554,-0.040304010902202765,-0.03865489356999553
2025-04-28 00:00:00+00:00,-0.0243650202164319,-0.024525709263942534,-0.02381045951537281,-0.017900161366136196,-0.019620089610098985,-0.015642150700755503
2025-05-05 00:00:00+00:00,0.18405187968393788,0.17939265697209622,0.18752710935795208,0.09299645294824252,0.0938986070862238,0.09197427612425053
2025-05-12 00:00:00+00:00,-0.05171156849013232,-0.0494040026097355,-0.05260265357705602,-0.020106186216805,-0.02005708974133417,-0.019832355139889228
2025-05-19 00:00:00+00:00,-0.02233831155234297,-0.02183721817824328,-0.021176592761858067,-0.00861519851601035,-0.008905359282234272,-0.007890450448570799
2025-05-26 00:00:00+00:00,-0.020181115624496253,-0.02404928354612524,-0.013962261314807062,-0.01369742247057266,-0.01749694452100069,-0.008960778340704936
2025-06-02 00:00:00+00:00,-0.003387109422272234,-0.00169227208163326,-0.0034807809345726885,-0.0032655994362163834,-0.001806531800660864,-0.0030616521210071585
2025-06-09 00:00:00+00:00,0.027870344650178895,0.029662296598957968,0.019828997142820003,0.01490480639310704,0.016764955527413836,0.010795647732751
2025-06-16 00:00:00+00:00,0.08986901775357246,0.0871828973192578,0.0873284056647055,0.05136525469142622,0.05130481684954391,0.05147528376889392
2025-06-23 00:00:00+00:00,-0.11416508265138152,-0.11305108190842252,-0.10956238758969276,-0.05905775092947649,-0.05908068687498296,-0.05951175479240357
2025-06-30 00:00:00+00:00,0.01622217258303811,0.015089694863107803,0.01821933303421574,0.009943472448487964,0.010554515644241232,0.010307268855866487
2025-07-07 00:00:00+00:00,-0.15193288783476225,-0.13892841931237354,-0.15323553937617143,-0.08387486047312358,-0.08823078832850981,-0.07891608313215408
2025-07-14 00:00:00+00:00,0.15810485565185506,0.15716503705685841,0.14778205412222403,0.08803385784519471,0.08700035115982008,0.08799500124346428
2025-07-21 00:00:00+00:00,-0.038953711388199745,-0.03257278609945849,-0.04593745526636008,-0.01730166080298115,-0.015569772589533022,-0.019064176659089608
2025-07-28 00:00:00+00:00,-0.13096603844540267,-0.12423247463744769,-0.12728379307158197,-0.05801574216138587,-0.059464231595524955,-0.052701813476485296
2025-08-04 00:00:00+00:00,0.1038692698819701,0.10003281932359469,0.10181808478695312,0.05320771647256912,0.05519948359775855,0.048319259760235565
2025-08-11 00:00:00+00:00,-0.0002886961959983875,0.00355118260589207,-0.007433695156043279,-0.00029553855495328854,0.0030475571030898997,-0.005203385694800724
2025-08-18 00:00:00+00:00,-0.02815718991976164,-0.026313569727843603,-0.02961325857790304,-0.0177707742392486,-0.019741811230975338,-0.016208116270931935
2025-08-25 00:00:00+00:00,0.026209271595164747,0.023328609227892195,0.025734043697784037,0.024059504694773495,0.02412774910512629,0.020364966261067763
2025-09-01 00:00:00+00:00,-0.006580548191813788,-0.008800251887080217,-0.003482006604558766,-0.011211277225802103,-0.016223376138870964,-0.005091119985746428
2025-09-08 00:00:00+00:00,-0.026016670723341545,-0.026101049648574022,-0.026522061627782062,-0.02031430479345195,-0.022329449769218614,-0.01787134708818854
2025-09-15 00:00:00+00:00,0.00478364495103761,0.004000842084856358,0.006059498715541765,0.011029871019827501,0.01163612670874557,0.008300014536221407
2025-09-22 00:00:00+00:00,0.03319405546467153,0.031416104630637334,0.03373088926146846,0.025210249161030256,0.026319152913809884,0.024101855741389108
2025-09-29 00:00:00+00:00,-0.011756062848798455,-0.007848709158042463,-0.013505293475638818,-0.012138820629458966,-0.009240604766018705,-0.01294903829589836
2025-10-06 00:00:00+00:00,0.03119571102092252,0.01441251948497279,0.05234632237292171,0.07190242683747139,0.042767984534423466,0.09467490879037853
2025-10-13 00:00:00+00:00,0.04412839609299976,0.04755320108022525,0.0382099122722479,0.01567474691499082,0.01730796435549536,0.013963516708307923
2025-10-20 00:00:00+00:00,-0.044442772548448695,-0.0420427784677938,-0.04795484464431344,-0.01698544958073023,-0.016586806037553525,-0.019044530643746078
2025-10-27 00:00:00+00:00,0.04928419751771316,0.04319798050939264,0.04964111080448902,0.021599365595303358,0.020858055041382474,0.022002483791468977
2025-11-03 00:00:00+00:00,-0.012260348599098575,-0.010522174141262006,-0.006754846107626414,-0.004512091167756828,-0.0042468192637316726,-0.002328869102458131
2025-11-10 00:00:00+00:00,0.060839117676086796,0.06268646191637903,0.05620979369271722,0.03435810917649111,0.03611625267202315,0.03166975531655473
2025-11-17 00:00:00+00:00,0.06506340580989974,0.07039844483969014,0.05895902502180077,0.028972989769479495,0.03318626948798675,0.025630799980794643
2025-11-24 00:00:00+00:00,-0.006735996241910082,-0.013654953327753606,0.0008368226073186338,-0.0021737431097817467,-0.0048127769778791895,0.00021772077243580208
2025-12-01 00:00:00+00:00,0.039864709782742994,0.03621474546525265,0.04141892255023109,0.014909321286955842,0.014750361071136756,0.014679118959056867
2025-12-08 00:00:00+00:00,0.04023943718639991,0.037039941337769125,0.04344114594231251,0.013400632607916926,0.013650844476873016,0.013548431200234181
2025-12-15 00:00:00+00:00,0.054401129573920036,0.05329808836894868,0.050917443141817204,0.027176547984350673,0.02871419475937574,0.02356867163867363
2025-12-22 00:00:00+00:00,-0.023378509894319787,-0.02320083194512314,-0.02312533830239044,-0.011634638883693307,-0.013068109561820475,-0.010451382170880234
2025-12-29 00:00:00+00:00,-0.07366656657733432,-0.06863155648438997,-0.07590408559774123,-0.036744601617224565,-0.037728762661066194,-0.03515272421240537
2026-01-05 00:00:00+00:00,-0.0033981613554239635,-0.0014352017947798384,-0.005001765990336982,-0.00979882627872385,-0.004184307004066624,-0.009410710078746483
2026-01-12 00:00:00+00:00,-0.00312285596399994,0.0008066788217292949,-0.004586467098763727,-0.005896807871716661,0.0006668402568197257,-0.007799417394901782
2026-01-19 00:00:00+00:00,-0.07886132707841663,-0.08023156646285569,-0.07611478612994747,-0.057418575671877164,-0.06009379221727427,-0.05602511659263317
2026-01-26 00:00:00+00:00,0.1220319764381289,0.11638069098019972,0.12474243713918326,0.07738518284232847,0.07811022766334669,0.07671381688707639
2026-02-02 00:00:00+00:00,0.07015329195481416,0.06942025094239893,0.06938646253807217,0.037262575886461036,0.038442284936040516,0.03635439730799732
2026-02-09 00:00:00+00:00,-0.024801858768052097,-0.02493378944559701,-0.023984838858291953,-0.01000272779732918,-0.010506265775588403,-0.0094464621867653
2026-02-16 00:00:00+00:00,0.03883848415186064,0.034597064642211545,0.04124874414972026,0.0154639338554056,0.01441386854163742,0.01605438066501917
2026-02-23 00:00:00+00:00,0.005856617756037734,0.008166593123298224,0.004043783977006568,0.0025711564111861604,0.003739033058655568,0.001739004356527349
2026-03-02 00:00:00+00:00,0.01937293614951994,0.018850186847719063,0.01830437658154178,0.008312305921059186,0.008245844115791734,0.00791552878232816
2026-03-09 00:00:00+00:00,-0.061229796502095875,-0.06076555885565864,-0.05913856913425398,-0.03747995542611383,-0.037450574379128604,-0.03736934933431717
2026-03-16 00:00:00+00:00,0.019436397091740144,0.020631047246868588,0.018587173984568637,0.027388687239225766,0.030279256844261353,0.02632217548081084
2026-03-23 00:00:00+00:00,0.002378917670117817,0.00550475369589378,0.00019418792712594605,0.0025047801558565263,0.0064070152676423825,0.00010759983440859132
2026-03-30 00:00:00+00:00,-0.029001443178821133,-0.03394041701552216,-0.02076845470907175,-0.024084459736385986,-0.029515888411086592,-0.017421114027833848
2026-04-06 00:00:00+00:00,-0.006392874287788215,-0.0057915438217709244,-0.007608339488086409,-0.019546544846346787,-0.017750873443711932,-0.022622479772659233
2026-04-13 00:00:00+00:00,-0.04731977896435184,-0.04392845125233681,-0.04924250776570809,-0.03362983388154714,-0.031908992733660935,-0.03604362417555038
2026-04-20 00:00:00+00:00,0.01962884337444477,0.016829206490323757,0.01967743266809526,0.03321580898341756,0.031668021285990534,0.027596535224674406
2026-04-27 00:00:00+00:00,-0.0299457142855338,-0.026474441457015174,-0.03136736214766047,-0.020547468840240297,-0.019583898451992154,-0.019880794763052833
2026-05-04 00:00:00+00:00,0.059056965105771936,0.05912742644175209,0.05817457793022476,0.0722539630170451,0.07481605530055001,0.06610881638020058
2026-05-11 00:00:00+00:00,-0.11191947930826067,-0.10697533832244462,-0.10684458870650372,-0.07524067599825361,-0.07657696031901202,-0.07037756730717577
2026-05-18 00:00:00+00:00,0.007462704060216844,0.009768583390115515,0.003921222810763711,0.021218347514949477,0.027768716723040654,0.008163911703691004
2026-05-25 00:00:00+00:00,-0.006625076025163086,-0.010238457945593289,-0.0014219505667641763,-0.007130003441154692,-0.011423106892028837,-0.0019139782451498121
2026-06-01 00:00:00+00:00,0.09707300531010912,0.10274878207752898,0.08664054343463881,0.10547818752374855,0.11544780878538849,0.09167572586223595
2026-06-08 00:00:00+00:00,-0.03239522462851676,-0.032297707305716516,-0.031125510968143213,-0.02051482587153524,-0.02102752508891775,-0.01976756511687562
2026-06-15 00:00:00+00:00,0.03543849965743567,0.033014087752250586,0.03664058688694905,0.024433853955499234,0.022856174178245446,0.02603869235086134
2026-06-22 00:00:00+00:00,0.06451345988806133,0.06307827594085148,0.06454221931959384,0.04222758446658354,0.0428144219921208,0.04132743979396316
