symbol,old_rows,new_rows,common,only_old,only_new,first_only_new,open_mismatch,open_max_rel,high_mismatch,high_max_rel,low_mismatch,low_max_rel,close_mismatch,close_max_rel,vol_equal_pct,vol_ratio_med,vol_ratio_p01,vol_ratio_p99,first_px_diff,vol_diff_first,vol_diff_last
ADA,535680,576473,535680,0,40793,"[Timestamp('2021-04-02 00:00:00+0000', tz='UTC'), Timestamp('2021-04-02 00:05:00+0000', tz='UTC'), Timestamp('2021-04-02 00:10:00+0000', tz='UTC')]",0,0.0,0,0.0,0,0.0,0,0.0,100.0,1.0,1.0,1.0,[],,
AVAX,466560,576475,466560,0,109915,"[Timestamp('2021-04-02 00:00:00+0000', tz='UTC'), Timestamp('2021-04-02 00:05:00+0000', tz='UTC'), Timestamp('2021-04-02 00:10:00+0000', tz='UTC')]",0,0.0,0,0.0,0,0.0,0,0.0,100.0,1.0,1.0,1.0,[],,
BTC,552960,576465,552960,0,23505,"[Timestamp('2023-11-18 00:00:00+0000', tz='UTC'), Timestamp('2026-07-05 00:05:00+0000', tz='UTC'), Timestamp('2026-07-05 00:10:00+0000', tz='UTC')]",0,0.0,0,0.0,0,0.0,0,0.0,100.0,1.0,1.0,1.0,[],,
DOGE,535680,576468,535680,0,40788,"[Timestamp('2021-04-02 00:00:00+0000', tz='UTC'), Timestamp('2021-04-02 00:05:00+0000', tz='UTC'), Timestamp('2021-04-02 00:10:00+0000', tz='UTC')]",0,0.0,0,0.0,0,0.0,0,0.0,100.0,1.0,1.0,1.0,[],,
ETH,552960,576466,552960,0,23506,"[Timestamp('2023-11-18 00:00:00+0000', tz='UTC'), Timestamp('2026-07-05 00:05:00+0000', tz='UTC'), Timestamp('2026-07-05 00:10:00+0000', tz='UTC')]",0,0.0,0,0.0,0,0.0,0,0.0,100.0,1.0,1.0,1.0,[],,
LINK,535680,576475,535680,0,40795,"[Timestamp('2021-04-02 00:00:00+0000', tz='UTC'), Timestamp('2021-04-02 00:05:00+0000', tz='UTC'), Timestamp('2021-04-02 00:10:00+0000', tz='UTC')]",0,0.0,0,0.0,0,0.0,0,0.0,100.0,1.0,1.0,1.0,[],,
SOL,552960,576467,552960,0,23507,"[Timestamp('2023-11-18 00:00:00+0000', tz='UTC'), Timestamp('2026-07-05 00:05:00+0000', tz='UTC'), Timestamp('2026-07-05 00:10:00+0000', tz='UTC')]",0,0.0,0,0.0,0,0.0,0,0.0,100.0,1.0,1.0,1.0,[],,
TRX,535680,576478,535680,0,40798,"[Timestamp('2021-04-02 00:00:00+0000', tz='UTC'), Timestamp('2021-04-02 00:05:00+0000', tz='UTC'), Timestamp('2021-04-02 00:10:00+0000', tz='UTC')]",0,0.0,0,0.0,0,0.0,0,0.0,100.0,1.0,1.0,1.0,[],,
XRP,535680,576467,535680,0,40787,"[Timestamp('2021-04-02 00:00:00+0000', tz='UTC'), Timestamp('2021-04-02 00:05:00+0000', tz='UTC'), Timestamp('2021-04-02 00:10:00+0000', tz='UTC')]",0,0.0,0,0.0,0,0.0,0,0.0,100.0,1.0,1.0,1.0,[],,
