symbol,month,pass_,val
ADA,24258,raw,0.9138246043061607
ADA,24259,raw,1.1439739501502133
ADA,24260,raw,-0.04555503236773172
ADA,24261,raw,-0.009684047334467797
ADA,24262,raw,0.6260794034625013
ADA,24263,raw,1.650889293761362
ADA,24264,raw,0.6311170000526295
ADA,24265,raw,-0.5137896791808237
ADA,24266,raw,-0.8370439786461032
ADA,24267,raw,1.368047552499704
ADA,24268,raw,-0.04821841219154861
ADA,24269,raw,-0.019186605949407635
ADA,24270,raw,-1.1868127064156928
ADA,24271,raw,-0.41817269795866974
ADA,24272,raw,-0.8390607753274508
ADA,24273,raw,-0.45162954155593676
ADA,24274,raw,-1.5272310299095435
ADA,24275,raw,-1.2828189924566211
ADA,24276,raw,-0.8167397165859039
ADA,24277,raw,1.873475275418467
ADA,24278,raw,0.827330065127755
ADA,24279,raw,0.03438480759188501
ADA,24280,raw,-1.6693025725710355
ADA,24281,raw,-0.08415986848680454
ADA,24282,raw,0.574418028112313
ADA,24283,raw,0.7172380628147361
ADA,24284,raw,0.9008137096222728
ADA,24285,raw,-0.1400719233663575
ADA,24286,raw,2.224533938487763
ADA,24287,raw,-1.3496465817208385
ADA,24288,raw,2.0230966960761174
ADA,24289,raw,-0.46801313739202394
ADA,24290,raw,-0.678673736438851
ADA,24291,raw,-0.1467686832214514
ADA,24292,raw,1.6021659750741062
ADA,24293,raw,-0.16581506234722526
ADA,24294,raw,-1.0477440836382015
ADA,24295,raw,2.281180001820832
ADA,24296,raw,1.8307249652344846
ADA,24297,raw,1.0479243481913965
ADA,24298,raw,-1.2458810131661988
ADA,24299,raw,1.91238376081243
ADA,24300,raw,-0.5202666013152811
ADA,24301,raw,0.28874322670877234
ADA,24302,raw,-1.6548316554221254
ADA,24303,raw,8.14599382876345
ADA,24304,raw,0.7819286179019962
ADA,24305,raw,-0.4727408097726684
ADA,24306,raw,0.7311319288827428
ADA,24307,raw,0.6914855237401017
ADA,24308,raw,-1.7851306815852561
ADA,24309,raw,-0.08396026014486677
ADA,24310,raw,0.15847571299293792
ADA,24311,raw,-1.1841641524609818
ADA,24312,raw,0.5757722686174436
ADA,24313,raw,0.8767142401949114
ADA,24314,raw,0.6509977461090471
ADA,24315,raw,-0.8833928181367782
ADA,24316,raw,2.4120053194271844
ADA,24317,raw,1.6530432714649168
ADA,24318,raw,-0.4137164203811354
ADA,24259,orth,1.130734613684493
ADA,24260,orth,-0.425624073546169
ADA,24261,orth,0.12282080005686
ADA,24262,orth,0.7359659112504949
ADA,24263,orth,1.204265602631725
ADA,24264,orth,0.47299283330784575
ADA,24265,orth,-0.07633212844627768
ADA,24266,orth,-0.7800812425059406
ADA,24267,orth,0.9329150287185812
ADA,24268,orth,0.04103148270213732
ADA,24269,orth,-0.11485358128002095
ADA,24270,orth,-0.7903290519338171
ADA,24271,orth,-0.34221684274673175
ADA,24272,orth,-0.7971370367385285
ADA,24273,orth,-0.19750029246337816
ADA,24274,orth,-1.3215409103879778
ADA,24275,orth,-1.095605703249325
ADA,24276,orth,-0.4445591958462
ADA,24277,orth,-0.08477048742788235
ADA,24278,orth,1.0067551094187843
ADA,24279,orth,0.03812654443624768
ADA,24280,orth,-1.5856564659564016
ADA,24281,orth,0.06432960705515565
ADA,24282,orth,-0.07627598175413022
ADA,24283,orth,1.1107428684393978
ADA,24284,orth,1.0315551876962417
ADA,24285,orth,-0.007743019079898155
ADA,24286,orth,1.66050210110366
ADA,24287,orth,-1.1344675746252326
ADA,24288,orth,1.6453432757138866
ADA,24289,orth,-0.36752537064329655
ADA,24290,orth,-0.07889277078485894
ADA,24291,orth,-0.0018562258824463508
ADA,24292,orth,1.9036658644997002
ADA,24293,orth,-0.5656137286037374
ADA,24294,orth,-1.5499218700423771
ADA,24295,orth,2.065414064698854
ADA,24296,orth,0.9864073629508551
ADA,24297,orth,0.7351699042124977
ADA,24298,orth,-0.7840376683617316
ADA,24299,orth,1.5752368491045696
ADA,24300,orth,-0.3332796973313087
ADA,24301,orth,0.22694952177746475
ADA,24302,orth,-1.7690963842844225
ADA,24303,orth,11.052928707464819
ADA,24304,orth,0.6338266151883323
ADA,24305,orth,-0.16564711572034738
ADA,24306,orth,1.1031419690236335
ADA,24307,orth,0.43632004614317527
ADA,24308,orth,-1.2101828213198345
ADA,24309,orth,-0.24268636315962297
ADA,24310,orth,-0.440837729255057
ADA,24311,orth,-1.1017608480079657
ADA,24312,orth,1.0806020073878835
ADA,24313,orth,0.9963862523087035
ADA,24314,orth,0.592620364991655
ADA,24315,orth,-0.540003877500201
ADA,24316,orth,2.2671860474228507
ADA,24317,orth,1.526317339676734
ADA,24318,orth,-0.35783780784633723
AVAX,24266,raw,1.086608032772268
AVAX,24267,raw,-1.7894590855762897
AVAX,24268,raw,0.9230258764836345
AVAX,24269,raw,-2.1709943016576605
AVAX,24270,raw,-0.7167416103472383
AVAX,24271,raw,0.03657570269984378
AVAX,24272,raw,-0.7985558744210272
AVAX,24273,raw,-0.3825472171677386
AVAX,24274,raw,0.6797886925753541
AVAX,24275,raw,0.9481026199367403
AVAX,24276,raw,-0.8990952527916232
AVAX,24277,raw,-0.78945452503979
AVAX,24278,raw,1.0190411390754912
AVAX,24279,raw,0.7571830133900858
AVAX,24280,raw,-1.27026155290178
AVAX,24281,raw,0.197256615452857
AVAX,24282,raw,-0.1229946765317887
AVAX,24283,raw,-0.5784337523566873
AVAX,24284,raw,1.430836530903627
AVAX,24285,raw,-0.12176820864882251
AVAX,24286,raw,0.9927784590850475
AVAX,24287,raw,0.5724930107639556
AVAX,24288,raw,-0.061897243809962886
AVAX,24289,raw,-1.00789453134984
AVAX,24290,raw,-0.33532973844792807
AVAX,24291,raw,-0.294084138794787
AVAX,24292,raw,0.8299859977296844
AVAX,24293,raw,-1.152502438352261
AVAX,24294,raw,-1.888232141198634
AVAX,24295,raw,1.3572976797862948
AVAX,24296,raw,-0.12896265781841473
AVAX,24297,raw,0.6060336151297501
AVAX,24298,raw,0.4971109088989758
AVAX,24299,raw,0.281563337940212
AVAX,24300,raw,0.31427390096637575
AVAX,24301,raw,-0.22550537679979887
AVAX,24302,raw,0.09764163818636552
AVAX,24303,raw,0.83059046327392
AVAX,24304,raw,0.5702903247209636
AVAX,24305,raw,0.5066511449909912
AVAX,24306,raw,-0.5901074152417422
AVAX,24307,raw,1.1773523950931952
AVAX,24308,raw,-1.7604910171849735
AVAX,24309,raw,-0.4343708078110709
AVAX,24310,raw,0.5953882186357612
AVAX,24311,raw,-0.5759235908604186
AVAX,24312,raw,0.18102855785093316
AVAX,24313,raw,1.5474528107196517
AVAX,24314,raw,-0.5341951572618527
AVAX,24315,raw,-0.5632722495673055
AVAX,24316,raw,2.2620772997565517
AVAX,24317,raw,-0.10360051474376704
AVAX,24318,raw,-0.5141612529364481
AVAX,24267,orth,-1.6516759288312473
AVAX,24268,orth,0.76059011396659
AVAX,24269,orth,-1.8584136607924318
AVAX,24270,orth,-0.4078279631761712
AVAX,24271,orth,0.6095219923168326
AVAX,24272,orth,-0.9316716839577982
AVAX,24273,orth,0.24691470920876019
AVAX,24274,orth,0.1271291302939204
AVAX,24275,orth,1.5574372913392451
AVAX,24276,orth,-0.321988088398933
AVAX,24277,orth,-0.5899996436202523
AVAX,24278,orth,0.5471293952845264
AVAX,24279,orth,0.504454989218781
AVAX,24280,orth,-1.1225269356639451
AVAX,24281,orth,0.36378806284317716
AVAX,24282,orth,0.36997269244965686
AVAX,24283,orth,-0.439677501412013
AVAX,24284,orth,1.9890231465449304
AVAX,24285,orth,0.46970088711301144
AVAX,24286,orth,1.101534792114055
AVAX,24287,orth,0.5561085074824489
AVAX,24288,orth,-0.634058033438851
AVAX,24289,orth,-0.393049003942403
AVAX,24290,orth,0.282184126064538
AVAX,24291,orth,-0.4920807002319121
AVAX,24292,orth,0.5592551132951293
AVAX,24293,orth,-1.0104793010509827
AVAX,24294,orth,-1.6626173825623984
AVAX,24295,orth,1.532548951658036
AVAX,24296,orth,0.15610812474804925
AVAX,24297,orth,0.7786251423245897
AVAX,24298,orth,0.27254056326995124
AVAX,24299,orth,0.2937492457569647
AVAX,24300,orth,0.3262671949357247
AVAX,24301,orth,-0.15610764755576684
AVAX,24302,orth,-0.007145194719036014
AVAX,24303,orth,0.937162537810724
AVAX,24304,orth,0.6346772436473825
AVAX,24305,orth,0.31518266124412364
AVAX,24306,orth,-0.049974790701390104
AVAX,24307,orth,1.1620289184865664
AVAX,24308,orth,-2.0871489587215644
AVAX,24309,orth,-0.15196574470472293
AVAX,24310,orth,-0.11068875065101502
AVAX,24311,orth,-0.1671902243777476
AVAX,24312,orth,-0.3917420726690362
AVAX,24313,orth,1.6445217496863238
AVAX,24314,orth,-1.1271781876326772
AVAX,24315,orth,-0.4057422792876695
AVAX,24316,orth,2.4327295850826154
AVAX,24317,orth,-0.6127287459966316
AVAX,24318,orth,-0.42072902225503
BNB,24282,raw,-0.8408464562967302
BNB,24283,raw,-1.993155925900619
BNB,24284,raw,0.842072225402616
BNB,24285,raw,0.7079088939625432
BNB,24286,raw,-0.3913822197986969
BNB,24287,raw,-0.46414746099120713
BNB,24288,raw,-0.5928224139166255
BNB,24289,raw,0.4128250855384661
BNB,24290,raw,2.533462959669066
BNB,24291,raw,1.2684748471757785
BNB,24292,raw,-1.0062988214177249
BNB,24293,raw,-0.1418734574330921
BNB,24294,raw,-0.700907515566469
BNB,24295,raw,-0.2992485158569934
BNB,24296,raw,0.3952327306215121
BNB,24297,raw,0.7357714191298415
BNB,24298,raw,-0.2239174386189745
BNB,24299,raw,1.931381653595529
BNB,24300,raw,-0.26543634430192087
BNB,24301,raw,-0.7810860784340015
BNB,24302,raw,1.7799649513075435
BNB,24303,raw,1.0428570656394685
BNB,24304,raw,1.0025945650222647
BNB,24305,raw,1.958221690941351
BNB,24306,raw,-1.0371701986115596
BNB,24307,raw,0.7076306877919206
BNB,24308,raw,0.010739907553268506
BNB,24309,raw,2.3967757919501196
BNB,24310,raw,-1.5643188706850948
BNB,24311,raw,-1.173170690063688
BNB,24312,raw,0.47674748543149376
BNB,24313,raw,1.0948983730793977
BNB,24314,raw,0.08189965785102928
BNB,24315,raw,-0.3132399762277098
BNB,24316,raw,2.2810319443803655
BNB,24317,raw,1.8141458927967753
BNB,24318,raw,-0.5832334691887692
BNB,24282,orth,-3.9237566769247643
BNB,24283,orth,-1.55424416568004
BNB,24284,orth,1.5282208723676127
BNB,24285,orth,0.8015988293684998
BNB,24286,orth,-0.31237632787345376
BNB,24287,orth,-1.0489724906191906
BNB,24288,orth,-0.9312331284126358
BNB,24289,orth,0.5367937845920159
BNB,24290,orth,3.095373844731596
BNB,24291,orth,0.8559173391184837
BNB,24292,orth,-1.0688252007799781
BNB,24293,orth,0.03147824214828281
BNB,24294,orth,-0.8597281860064764
BNB,24295,orth,-0.8237737245563365
BNB,24296,orth,0.8889301730497807
BNB,24297,orth,0.609018540172787
BNB,24298,orth,-0.2453542165556794
BNB,24299,orth,1.4773080454897713
BNB,24300,orth,0.04806912527629143
BNB,24301,orth,-0.7583114590284833
BNB,24302,orth,0.5418507144765856
BNB,24303,orth,0.7388943982770044
BNB,24304,orth,0.8150841093589062
BNB,24305,orth,1.9258948656153876
BNB,24306,orth,-1.0636599419180186
BNB,24307,orth,0.8841742680933259
BNB,24308,orth,-0.2695719467134201
BNB,24309,orth,2.9977289750564617
BNB,24310,orth,-1.7384305146681132
BNB,24311,orth,-0.9619478163898605
BNB,24312,orth,0.4960741869880387
BNB,24313,orth,0.9613297434013686
BNB,24314,orth,1.0352691517973802
BNB,24315,orth,-0.1588545222529255
BNB,24316,orth,1.8842727713684637
BNB,24317,orth,1.9246746548052207
BNB,24318,orth,-0.2617373618377058
BTC,24256,raw,1.5058507623212651
BTC,24257,raw,1.8006652874386149
BTC,24258,raw,1.1845892976251928
BTC,24259,raw,2.869711669949656
BTC,24260,raw,1.7455817585263655
BTC,24261,raw,-1.2878551393992494
BTC,24262,raw,0.1998546897923835
BTC,24263,raw,1.0799437414577722
BTC,24264,raw,0.013935723519472554
BTC,24265,raw,1.5064313224422483
BTC,24266,raw,0.35071899028276543
BTC,24267,raw,-0.15696454662819417
BTC,24268,raw,-0.9822911538966727
BTC,24269,raw,-0.9021797629925771
BTC,24270,raw,-0.6849388074027746
BTC,24271,raw,-0.6964707737863792
BTC,24272,raw,0.6312854481614774
BTC,24273,raw,0.2383121460301104
BTC,24274,raw,0.11096991682590511
BTC,24275,raw,0.3239233230120155
BTC,24276,raw,1.9031498324731
BTC,24277,raw,0.9307742514982367
BTC,24278,raw,1.0182505680851295
BTC,24279,raw,0.7186183979173485
BTC,24280,raw,0.08513642399411427
BTC,24281,raw,0.92588679309031
BTC,24282,raw,0.19404197341690635
BTC,24283,raw,0.2983335392210909
BTC,24284,raw,0.9314440729335439
BTC,24285,raw,0.6784932881635735
BTC,24286,raw,0.562673141688093
BTC,24287,raw,1.0920049226613227
BTC,24288,raw,0.599043282204141
BTC,24289,raw,0.20122723222857422
BTC,24290,raw,-0.7452922522665216
BTC,24291,raw,-2.0197441384769856
BTC,24292,raw,0.24933723466516752
BTC,24293,raw,0.7104233413155565
BTC,24294,raw,0.4922528885314157
BTC,24295,raw,-0.20724648731095702
BTC,24296,raw,-0.5887481791360876
BTC,24297,raw,0.7987023236609327
BTC,24298,raw,0.7513869934839809
BTC,24299,raw,-0.5123033283843588
BTC,24300,raw,-0.498559465235491
BTC,24301,raw,0.5637973284026702
BTC,24302,raw,-0.6713822729218077
BTC,24303,raw,0.07926469182285642
BTC,24304,raw,1.2503740628145683
BTC,24305,raw,-1.2131904100708486
BTC,24306,raw,0.8574527502664983
BTC,24307,raw,0.9700755180395167
BTC,24308,raw,0.4008700878647713
BTC,24309,raw,0.8783844082712627
BTC,24310,raw,0.4748165623045102
BTC,24311,raw,1.6686556725876083
BTC,24312,raw,0.24805961452471326
BTC,24313,raw,0.6472947113833317
BTC,24314,raw,1.9007890576963515
BTC,24315,raw,-0.5620600915065482
BTC,24316,raw,0.18328916738424597
BTC,24317,raw,0.5124517213749886
BTC,24318,raw,-1.3839466759841983
BTC,24257,orth,1.5123328123702169
BTC,24258,orth,1.0974949786411394
BTC,24259,orth,2.7246702147240063
BTC,24260,orth,1.4614266093434296
BTC,24261,orth,-1.7432320887227557
BTC,24262,orth,0.4171404541195008
BTC,24263,orth,1.169058435735564
BTC,24264,orth,-0.7267920169262695
BTC,24265,orth,1.3038572745748174
BTC,24266,orth,0.26578975492264173
BTC,24267,orth,-0.8687869625574676
BTC,24268,orth,-0.8933937694216981
BTC,24269,orth,-0.6454368832612272
BTC,24270,orth,-0.09185988622526883
BTC,24271,orth,-0.43953534294571445
BTC,24272,orth,0.6156709403844886
BTC,24273,orth,0.2453156341956732
BTC,24274,orth,0.0029011253473903136
BTC,24275,orth,-0.44480734993134147
BTC,24276,orth,2.2311095068630826
BTC,24277,orth,1.1503606939853188
BTC,24278,orth,1.3427488057596024
BTC,24279,orth,0.4674401206623155
BTC,24280,orth,-0.14002393369128607
BTC,24281,orth,0.9570175650032045
BTC,24282,orth,0.35024283152320196
BTC,24283,orth,0.3397968890551157
BTC,24284,orth,0.5475144630205515
BTC,24285,orth,0.5409341348648332
BTC,24286,orth,0.2617904614061081
BTC,24287,orth,1.455415933469109
BTC,24288,orth,0.5257109996897299
BTC,24289,orth,-0.11620353906535594
BTC,24290,orth,-0.8671463607276424
BTC,24291,orth,-1.8252262329010132
BTC,24292,orth,1.3846591573225648
BTC,24293,orth,0.6954835173678203
BTC,24294,orth,0.5963088846178761
BTC,24295,orth,-0.15184893669938346
BTC,24296,orth,-0.4690512367152057
BTC,24297,orth,0.8558269331602011
BTC,24298,orth,0.9093846265277847
BTC,24299,orth,-0.24332996613225646
BTC,24300,orth,-0.32283647024542966
BTC,24301,orth,0.3329492837972796
BTC,24302,orth,-0.5864153056662097
BTC,24303,orth,0.23966248689423492
BTC,24304,orth,1.3836051772558977
BTC,24305,orth,-1.0273513188914702
BTC,24306,orth,0.7971022992980096
BTC,24307,orth,1.097672417587197
BTC,24308,orth,0.3408006049540443
BTC,24309,orth,0.8688226361718666
BTC,24310,orth,0.3908189037653893
BTC,24311,orth,1.5518432232982524
BTC,24312,orth,0.5860090958102216
BTC,24313,orth,0.30186869202276084
BTC,24314,orth,2.298930841380205
BTC,24315,orth,-0.10345197258795939
BTC,24316,orth,-0.1503053491625284
BTC,24317,orth,0.600015323027607
BTC,24318,orth,-1.1159852695336736
DOGE,24258,raw,-0.014252974553255731
DOGE,24259,raw,0.5810741656789667
DOGE,24260,raw,-0.17213835000855277
DOGE,24261,raw,0.7160657517768791
DOGE,24262,raw,-1.095972210293792
DOGE,24263,raw,0.20087562703438536
DOGE,24264,raw,0.32307896734289465
DOGE,24265,raw,0.6743883215253771
DOGE,24266,raw,-0.03785404051886763
DOGE,24267,raw,-0.9473754728804473
DOGE,24268,raw,0.8199180133200147
DOGE,24269,raw,0.6986829085062208
DOGE,24270,raw,0.15411904106966273
DOGE,24271,raw,-0.2535594714606239
DOGE,24272,raw,0.8646655186754756
DOGE,24273,raw,1.0617404367394514
DOGE,24274,raw,0.7975812001976867
DOGE,24275,raw,1.3461355779806483
DOGE,24276,raw,-0.5494834235208396
DOGE,24277,raw,1.453327373591849
DOGE,24278,raw,-1.1474187022210112
DOGE,24279,raw,0.6787677100624825
DOGE,24280,raw,-2.4737261272346878
DOGE,24281,raw,-1.3277027929966234
DOGE,24282,raw,1.8137953904098938
DOGE,24283,raw,0.4049795907623184
DOGE,24284,raw,1.267330429890555
DOGE,24285,raw,-0.6776359374291563
DOGE,24286,raw,-0.5333665917729329
DOGE,24287,raw,0.6509180498878622
DOGE,24288,raw,0.20649758858654246
DOGE,24289,raw,-0.08845304385701867
DOGE,24290,raw,1.0607091475363266
DOGE,24291,raw,-0.03127390542730546
DOGE,24292,raw,-0.9433619151885062
DOGE,24293,raw,0.7147488516589295
DOGE,24294,raw,-0.2500282729750008
DOGE,24295,raw,0.47401616139474945
DOGE,24296,raw,1.9836382688985712
DOGE,24297,raw,-0.284703567876309
DOGE,24298,raw,-0.37045646960070705
DOGE,24299,raw,-0.7473330247955502
DOGE,24300,raw,-0.6759068397737432
DOGE,24301,raw,0.7300231705304574
DOGE,24302,raw,-1.4455872965214522
DOGE,24303,raw,-0.934803034462653
DOGE,24304,raw,0.6272027489842346
DOGE,24305,raw,0.47420459636763423
DOGE,24306,raw,-1.0448519097787163
DOGE,24307,raw,0.6654190133755403
DOGE,24308,raw,-0.8567674529972177
DOGE,24309,raw,1.5557327821270897
DOGE,24310,raw,0.9395911633493793
DOGE,24311,raw,0.6822135015300496
DOGE,24312,raw,0.911761571557901
DOGE,24313,raw,1.0005595743892035
DOGE,24314,raw,0.45301034400699397
DOGE,24315,raw,0.7827352206279934
DOGE,24316,raw,0.9206313425846678
DOGE,24317,raw,-1.0013684742907494
DOGE,24318,raw,-1.2198484170912867
DOGE,24259,orth,0.2051562458729533
DOGE,24260,orth,0.008425949221284942
DOGE,24261,orth,0.6409938198352085
DOGE,24262,orth,-0.9436131070802087
DOGE,24263,orth,0.5593668365433018
DOGE,24264,orth,0.9521283868448408
DOGE,24265,orth,1.1041646555443512
DOGE,24266,orth,0.16670380901018128
DOGE,24267,orth,-0.9122850963332322
DOGE,24268,orth,0.6819602068242685
DOGE,24269,orth,0.5283196176068056
DOGE,24270,orth,0.2648460752176567
DOGE,24271,orth,-0.17170310319828036
DOGE,24272,orth,0.6786213006990824
DOGE,24273,orth,1.199744106941224
DOGE,24274,orth,0.7099651342399618
DOGE,24275,orth,1.3633403298734472
DOGE,24276,orth,-0.5015204614413845
DOGE,24277,orth,1.543894820169134
DOGE,24278,orth,-1.0470117291028649
DOGE,24279,orth,0.25384202659885197
DOGE,24280,orth,-1.7999094112220482
DOGE,24281,orth,-0.9936350308358713
DOGE,24282,orth,1.9421928544510387
DOGE,24283,orth,0.4799306243568432
DOGE,24284,orth,1.015504567650689
DOGE,24285,orth,-0.6849873217523806
DOGE,24286,orth,-0.5049579218000394
DOGE,24287,orth,0.8030446569499807
DOGE,24288,orth,0.31384272472341646
DOGE,24289,orth,-0.39853913016301745
DOGE,24290,orth,1.14903328003895
DOGE,24291,orth,0.0069633372979803895
DOGE,24292,orth,-0.6878581603357952
DOGE,24293,orth,0.5106184902625127
DOGE,24294,orth,-0.18806129839790942
DOGE,24295,orth,0.3141325321988945
DOGE,24296,orth,1.7476059317432724
DOGE,24297,orth,-0.36506439136261043
DOGE,24298,orth,-0.35575112461156216
DOGE,24299,orth,-0.6398260388434319
DOGE,24300,orth,-0.7852150871168219
DOGE,24301,orth,0.7223554950290769
DOGE,24302,orth,-1.4256296184601336
DOGE,24303,orth,-1.0183005567849353
DOGE,24304,orth,0.524092809339215
DOGE,24305,orth,0.7771173487686717
DOGE,24306,orth,-0.9503382271966906
DOGE,24307,orth,0.6326687258116548
DOGE,24308,orth,-0.5369869629757876
DOGE,24309,orth,1.467929555791085
DOGE,24310,orth,-0.3929941643574707
DOGE,24311,orth,0.5582192247769348
DOGE,24312,orth,0.7885524847490529
DOGE,24313,orth,1.1870933011795466
DOGE,24314,orth,0.31711290669795145
DOGE,24315,orth,0.8104049919651948
DOGE,24316,orth,0.9426569323426723
DOGE,24317,orth,-0.9120355169000668
DOGE,24318,orth,-0.7066419735549659
ETH,24256,raw,-1.3018360750113274
ETH,24257,raw,1.6885678262016106
ETH,24258,raw,0.1524978640530925
ETH,24259,raw,1.8318862037790287
ETH,24260,raw,0.9926655223615846
ETH,24261,raw,0.23841636765652374
ETH,24262,raw,1.5305782725785464
ETH,24263,raw,2.5145738425163104
ETH,24264,raw,-0.2154785776728746
ETH,24265,raw,0.7934286648987735
ETH,24266,raw,0.8519560973879295
ETH,24267,raw,0.9831187252838779
ETH,24268,raw,0.5987734019462717
ETH,24269,raw,0.12782433974233623
ETH,24270,raw,0.48438351122458306
ETH,24271,raw,0.529354731561216
ETH,24272,raw,0.314913536974569
ETH,24273,raw,0.6539984140343945
ETH,24274,raw,0.6349708557394788
ETH,24275,raw,0.30159815524769723
ETH,24276,raw,2.023560886384895
ETH,24277,raw,0.19856065608369425
ETH,24278,raw,-0.3840167169489221
ETH,24279,raw,-0.10173516044088178
ETH,24280,raw,0.7618371422064232
ETH,24281,raw,1.5191474912456335
ETH,24282,raw,-1.1148733817034029
ETH,24283,raw,-0.7699304135919135
ETH,24284,raw,-0.5176999100279759
ETH,24285,raw,0.400524123621513
ETH,24286,raw,2.974935169477277
ETH,24287,raw,-0.07229462781941558
ETH,24288,raw,0.9676405802530664
ETH,24289,raw,-0.8693923980419394
ETH,24290,raw,0.13671984566150816
ETH,24291,raw,-0.10138169441935012
ETH,24292,raw,1.157290952827436
ETH,24293,raw,0.12479482262620496
ETH,24294,raw,-1.0512276664277262
ETH,24295,raw,1.0525168008661836
ETH,24296,raw,1.272501882679391
ETH,24297,raw,0.319952227810534
ETH,24298,raw,-0.6408907896764717
ETH,24299,raw,0.031796051458324405
ETH,24300,raw,-1.5386779848828611
ETH,24301,raw,1.1607826434048731
ETH,24302,raw,0.14933395829320753
ETH,24303,raw,0.5973039279357326
ETH,24304,raw,0.276226143468704
ETH,24305,raw,0.5713925349553329
ETH,24306,raw,2.280010024188069
ETH,24307,raw,1.1489662234122737
ETH,24308,raw,-2.221489809980021
ETH,24309,raw,0.11122788099798248
ETH,24310,raw,1.2623934065168445
ETH,24311,raw,-1.420132240619277
ETH,24312,raw,0.9986969377698968
ETH,24313,raw,-1.368625031389717
ETH,24314,raw,0.13182408997203016
ETH,24315,raw,1.755805115991094
ETH,24316,raw,0.4106498307744658
ETH,24317,raw,0.3050451672104632
ETH,24318,raw,-1.4355427389166457
ETH,24257,orth,1.464037818610691
ETH,24258,orth,0.09483123590222266
ETH,24259,orth,1.730636394496477
ETH,24260,orth,1.3934422743114974
ETH,24261,orth,-0.042152546242512794
ETH,24262,orth,1.5214933881495898
ETH,24263,orth,2.9800248520063564
ETH,24264,orth,-0.36246419381799705
ETH,24265,orth,0.6920066543503547
ETH,24266,orth,0.14867870644871592
ETH,24267,orth,0.6550674446262316
ETH,24268,orth,1.0586370097088171
ETH,24269,orth,0.6804008333324969
ETH,24270,orth,0.5187567628774532
ETH,24271,orth,0.7020857197781749
ETH,24272,orth,0.416807390527881
ETH,24273,orth,0.9482381839774671
ETH,24274,orth,0.9200690601640651
ETH,24275,orth,0.538342327015055
ETH,24276,orth,2.113088981823394
ETH,24277,orth,-0.2094742165304677
ETH,24278,orth,-0.3507181448519972
ETH,24279,orth,-0.005826376465646785
ETH,24280,orth,1.0185122054861937
ETH,24281,orth,1.5500306701147664
ETH,24282,orth,-1.5432565813075712
ETH,24283,orth,-0.27053506614467204
ETH,24284,orth,-0.3808234959058539
ETH,24285,orth,0.410156634685605
ETH,24286,orth,2.3140884790563176
ETH,24287,orth,0.127760550386047
ETH,24288,orth,1.4193957748125205
ETH,24289,orth,-1.1549192443131577
ETH,24290,orth,-0.1608257706269994
ETH,24291,orth,-0.07532040599318823
ETH,24292,orth,1.4618941714805542
ETH,24293,orth,0.5221996271593304
ETH,24294,orth,-0.9326086085333065
ETH,24295,orth,0.9317134225236409
ETH,24296,orth,1.3014181819308244
ETH,24297,orth,0.34879398957640967
ETH,24298,orth,-0.45083173264695436
ETH,24299,orth,-0.24146101586194602
ETH,24300,orth,-1.5430723291831363
ETH,24301,orth,1.226474592019322
ETH,24302,orth,-0.09767556375919768
ETH,24303,orth,0.8296727426817959
ETH,24304,orth,0.14091211538127515
ETH,24305,orth,0.7650868692099838
ETH,24306,orth,1.88993192149357
ETH,24307,orth,0.8782429072529278
ETH,24308,orth,-1.205559108718991
ETH,24309,orth,-0.01329834475887399
ETH,24310,orth,1.1868454468276477
ETH,24311,orth,-1.2960120153019017
ETH,24312,orth,0.9510120166151673
ETH,24313,orth,-0.9506684705054828
ETH,24314,orth,-0.26010856338859595
ETH,24315,orth,1.672498695730855
ETH,24316,orth,0.018182831612965127
ETH,24317,orth,0.7416222513508852
ETH,24318,orth,-1.5317399865219399
LINK,24258,raw,0.8572661379185458
LINK,24259,raw,0.08600097904876196
LINK,24260,raw,1.1078157695782247
LINK,24261,raw,1.22662762625484
LINK,24262,raw,1.6301276627986845
LINK,24263,raw,0.9631925863658986
LINK,24264,raw,-0.9750356768141284
LINK,24265,raw,1.105661244651542
LINK,24266,raw,1.1738591197924462
LINK,24267,raw,0.6705880383760963
LINK,24268,raw,2.413137740691913
LINK,24269,raw,0.19115723961701486
LINK,24270,raw,-0.3085311742168757
LINK,24271,raw,-1.5570741463717213
LINK,24272,raw,-0.6649710137106831
LINK,24273,raw,0.7539341043040086
LINK,24274,raw,1.268587472098661
LINK,24275,raw,0.6745628251189294
LINK,24276,raw,-0.37123034152410167
LINK,24277,raw,-1.2268478854769775
LINK,24278,raw,0.7943044959041234
LINK,24279,raw,0.6326497118528299
LINK,24280,raw,-1.335126146516362
LINK,24281,raw,2.0095824519691536
LINK,24282,raw,-0.3947522286647207
LINK,24283,raw,-1.5605121843770622
LINK,24284,raw,1.8922916945025605
LINK,24285,raw,-0.39547315019989954
LINK,24286,raw,0.40790846539057696
LINK,24287,raw,1.1630462174534038
LINK,24288,raw,1.6063918107603516
LINK,24289,raw,-0.27462576698945446
LINK,24290,raw,-0.838782983209636
LINK,24291,raw,0.5799380878694709
LINK,24292,raw,2.119989236313343
LINK,24293,raw,0.8872696658670572
LINK,24294,raw,0.1088978641899032
LINK,24295,raw,-0.36675475923912776
LINK,24296,raw,-1.0614796903672843
LINK,24297,raw,2.3700135673487455
LINK,24298,raw,1.3760259424351349
LINK,24299,raw,0.6477853605924034
LINK,24300,raw,-0.1835630665602979
LINK,24301,raw,-0.2407484729045455
LINK,24302,raw,1.655388713203916
LINK,24303,raw,-0.726711637218951
LINK,24304,raw,1.2898763591888447
LINK,24305,raw,1.7363254328198472
LINK,24306,raw,1.2462322162716812
LINK,24307,raw,0.25266815924780756
LINK,24308,raw,2.063216518481582
LINK,24309,raw,0.24412871899147293
LINK,24310,raw,0.831951877336752
LINK,24311,raw,-0.1472875688267949
LINK,24312,raw,-0.5406540634689337
LINK,24313,raw,0.22552738899877786
LINK,24314,raw,-0.4251592962695302
LINK,24315,raw,0.6512055627789276
LINK,24316,raw,1.2382707945541152
LINK,24317,raw,-1.3024628282081787
LINK,24318,raw,-0.5120816340623146
LINK,24259,orth,-0.23239592142086765
LINK,24260,orth,0.79478955034139
LINK,24261,orth,1.0858220468539004
LINK,24262,orth,1.7816688509709366
LINK,24263,orth,0.9052567320970797
LINK,24264,orth,-0.45978864018788596
LINK,24265,orth,0.1923136696080343
LINK,24266,orth,1.572759774777264
LINK,24267,orth,0.6145767545574838
LINK,24268,orth,2.3678541340865578
LINK,24269,orth,0.14884801468986866
LINK,24270,orth,-0.1523031430247597
LINK,24271,orth,-0.9364590537608224
LINK,24272,orth,-0.6078920006474058
LINK,24273,orth,0.510089851649273
LINK,24274,orth,0.9795069467462734
LINK,24275,orth,1.2577986015583846
LINK,24276,orth,-0.02061163041866572
LINK,24277,orth,-1.0735249511840645
LINK,24278,orth,1.0229982438223388
LINK,24279,orth,0.972029968228828
LINK,24280,orth,-0.9021258844079899
LINK,24281,orth,1.5332701583454849
LINK,24282,orth,0.1176691457817009
LINK,24283,orth,-1.9686006452421037
LINK,24284,orth,1.595509671506215
LINK,24285,orth,-0.17056547987386084
LINK,24286,orth,0.01664626809875899
LINK,24287,orth,0.5084882321001051
LINK,24288,orth,0.8382000193056289
LINK,24289,orth,0.17245939614181355
LINK,24290,orth,-0.6187684318039655
LINK,24291,orth,0.6562882991701381
LINK,24292,orth,1.713680222570262
LINK,24293,orth,1.0755581435431563
LINK,24294,orth,0.15478474934865571
LINK,24295,orth,-0.5078021822876857
LINK,24296,orth,-1.109553335351353
LINK,24297,orth,2.2408228239876857
LINK,24298,orth,0.7356344565725971
LINK,24299,orth,0.5362201207962558
LINK,24300,orth,-0.428795062616115
LINK,24301,orth,-0.48880725395806873
LINK,24302,orth,1.9711452474154463
LINK,24303,orth,0.13097857819109213
LINK,24304,orth,1.006342257835604
LINK,24305,orth,1.5497030374754104
LINK,24306,orth,0.7466956999213848
LINK,24307,orth,-0.13099657369409543
LINK,24308,orth,1.0293048492149082
LINK,24309,orth,0.7710188108521914
LINK,24310,orth,1.0379280648923908
LINK,24311,orth,-0.15362469650625118
LINK,24312,orth,0.10501465412912044
LINK,24313,orth,0.039533449526757185
LINK,24314,orth,-0.5906936096051355
LINK,24315,orth,0.364460567662152
LINK,24316,orth,0.8549979769529521
LINK,24317,orth,-1.3444854829698503
LINK,24318,orth,-0.874169332247848
SOL,24256,raw,-1.347063413072891
SOL,24257,raw,-0.5643099623545874
SOL,24258,raw,0.18029288636598195
SOL,24259,raw,1.3269696629133088
SOL,24260,raw,0.08135758179637992
SOL,24261,raw,-0.20933895963443103
SOL,24262,raw,1.431500239280835
SOL,24263,raw,0.04259652798480914
SOL,24264,raw,-1.0093248725197614
SOL,24265,raw,1.404583138427018
SOL,24266,raw,-0.7346776758016188
SOL,24267,raw,1.6514396529522333
SOL,24268,raw,1.260216532854992
SOL,24269,raw,-0.2648944963169068
SOL,24270,raw,-1.5160353149463217
SOL,24271,raw,-0.8903137927224877
SOL,24272,raw,0.07659732888056638
SOL,24273,raw,0.2928627886731814
SOL,24274,raw,0.2906245189060165
SOL,24275,raw,-0.5350221617894007
SOL,24276,raw,1.4408324515874125
SOL,24277,raw,1.6197708981557812
SOL,24278,raw,-0.575852039066144
SOL,24279,raw,0.6718990517820197
SOL,24280,raw,0.6053389411675166
SOL,24281,raw,-0.3060344742334024
SOL,24282,raw,1.9180655171594216
SOL,24283,raw,1.6038656517359464
SOL,24284,raw,0.1613495086966044
SOL,24285,raw,0.6960927701440568
SOL,24286,raw,0.8274741352449846
SOL,24287,raw,0.25142177123483306
SOL,24288,raw,-0.05116926858800294
SOL,24289,raw,0.9466698494748488
SOL,24290,raw,-0.3143370823406223
SOL,24291,raw,-0.11640343815860343
SOL,24292,raw,1.122408232492258
SOL,24293,raw,-0.6500840317030097
SOL,24294,raw,-0.304721902069416
SOL,24295,raw,0.944024240368491
SOL,24296,raw,0.8041265268342591
SOL,24297,raw,-0.14247699442970557
SOL,24298,raw,-0.46257673931167437
SOL,24299,raw,1.24350127541402
SOL,24300,raw,-1.044148885894999
SOL,24301,raw,2.1414558115605784
SOL,24302,raw,-0.6624239048764714
SOL,24303,raw,0.6340037757535951
SOL,24304,raw,0.83305836193432
SOL,24305,raw,0.5741083904941847
SOL,24306,raw,1.437490946608747
SOL,24307,raw,0.20092596489666248
SOL,24308,raw,1.3797799745168566
SOL,24309,raw,0.7203354771783168
SOL,24310,raw,-0.07929732045652997
SOL,24311,raw,0.6855204341046688
SOL,24312,raw,-0.23159849413437075
SOL,24313,raw,-0.518781990572282
SOL,24314,raw,-0.08959736526309445
SOL,24315,raw,-0.60278581005733
SOL,24316,raw,1.908667260199957
SOL,24317,raw,-1.0424643451229048
SOL,24318,raw,-3.0009670297530495
SOL,24257,orth,-0.7816909870542132
SOL,24258,orth,0.2431018532722572
SOL,24259,orth,1.348727061316351
SOL,24260,orth,-0.06075438480646579
SOL,24261,orth,-0.13930054829554095
SOL,24262,orth,1.7232321387264222
SOL,24263,orth,0.35925067961498014
SOL,24264,orth,-0.42321255228111254
SOL,24265,orth,0.6891928069884729
SOL,24266,orth,-1.0072452434343155
SOL,24267,orth,1.4034458793013844
SOL,24268,orth,1.2772911948440915
SOL,24269,orth,-0.4414317017368407
SOL,24270,orth,-1.324925047287228
SOL,24271,orth,-0.2142811727360419
SOL,24272,orth,0.2064017425319245
SOL,24273,orth,0.3132377541696111
SOL,24274,orth,0.11847183151413573
SOL,24275,orth,-0.21843013539813178
SOL,24276,orth,2.35428487585486
SOL,24277,orth,1.2096025566753312
SOL,24278,orth,-0.7624011190594259
SOL,24279,orth,0.6139320430357422
SOL,24280,orth,0.8297186989311446
SOL,24281,orth,-0.468060038355675
SOL,24282,orth,1.644159798149789
SOL,24283,orth,1.694988883479727
SOL,24284,orth,0.15762213055984137
SOL,24285,orth,0.4870702038702552
SOL,24286,orth,0.7761321565074856
SOL,24287,orth,-0.1870280919630667
SOL,24288,orth,-0.20471023979633415
SOL,24289,orth,0.7986755175184705
SOL,24290,orth,0.2587732211207366
SOL,24291,orth,-0.16923450308225116
SOL,24292,orth,0.9092219068106642
SOL,24293,orth,-0.7672893246932994
SOL,24294,orth,-0.536479954605586
SOL,24295,orth,1.5954783301342372
SOL,24296,orth,0.6156089358909645
SOL,24297,orth,0.25256062794421674
SOL,24298,orth,-0.8511510133142102
SOL,24299,orth,1.0470302753117011
SOL,24300,orth,-0.6942670061466173
SOL,24301,orth,1.8301585857082683
SOL,24302,orth,-0.7797078188794477
SOL,24303,orth,0.4887916992190447
SOL,24304,orth,0.870526465525716
SOL,24305,orth,0.7891116447432984
SOL,24306,orth,1.7756622603499683
SOL,24307,orth,-0.20838409003789116
SOL,24308,orth,1.3464518427038021
SOL,24309,orth,0.36154408347475997
SOL,24310,orth,-0.8489273667143737
SOL,24311,orth,0.4205885150641884
SOL,24312,orth,-0.3083000360491852
SOL,24313,orth,-0.5302156712666954
SOL,24314,orth,0.27746655988636254
SOL,24315,orth,-0.03458844530875943
SOL,24316,orth,2.3718893255823716
SOL,24317,orth,-0.7990955167170054
SOL,24318,orth,-3.503733953901613
TRX,24258,raw,0.14732980018497813
TRX,24259,raw,-0.9452861326294104
TRX,24260,raw,1.9015971712028557
TRX,24261,raw,0.5152291216199423
TRX,24262,raw,-0.8808618882971858
TRX,24263,raw,0.8871544700231444
TRX,24264,raw,0.48500507119107295
TRX,24265,raw,0.8916380172511633
TRX,24266,raw,-0.5300841122406019
TRX,24267,raw,0.601699323168551
TRX,24268,raw,0.7673461132790533
TRX,24269,raw,2.0011788151050602
TRX,24270,raw,-1.632193039651812
TRX,24271,raw,0.14752380611096888
TRX,24272,raw,-1.2891093855528957
TRX,24273,raw,2.4974951688159357
TRX,24274,raw,-0.5852389097517429
TRX,24275,raw,0.8371745695827655
TRX,24276,raw,0.01982577439751307
TRX,24277,raw,-0.14219888438501752
TRX,24278,raw,0.2518115324072605
TRX,24279,raw,0.9302047859936238
TRX,24280,raw,0.5834757827925074
TRX,24281,raw,-0.6386560284467269
TRX,24282,raw,2.631626610624015
TRX,24283,raw,-1.257115831713032
TRX,24284,raw,1.8025041624695295
TRX,24285,raw,0.08097401495594263
TRX,24286,raw,0.8323486375860147
TRX,24287,raw,2.118582096462163
TRX,24288,raw,1.6897086356281237
TRX,24289,raw,-0.24997337168876896
TRX,24290,raw,-0.8256789894938303
TRX,24291,raw,0.21270062317123514
TRX,24292,raw,-1.556925783761145
TRX,24293,raw,0.9023312060830002
TRX,24294,raw,0.38208129843957817
TRX,24295,raw,1.0935171705685702
TRX,24296,raw,2.4460980782860933
TRX,24297,raw,-0.45975922951161263
TRX,24298,raw,0.2647899350029159
TRX,24299,raw,-1.5202183112812937
TRX,24300,raw,2.3727155934123694
TRX,24301,raw,0.5054454943505912
TRX,24302,raw,-0.06317156651318982
TRX,24303,raw,0.8714844725724399
TRX,24304,raw,1.4403215882329627
TRX,24305,raw,0.5827819903923759
TRX,24306,raw,-1.8584434707735769
TRX,24307,raw,0.1924682673469716
TRX,24308,raw,-0.19451948603320882
TRX,24309,raw,-0.570229742294255
TRX,24310,raw,2.697784888180208
TRX,24311,raw,0.19410643571794756
TRX,24312,raw,3.58529945585577
TRX,24313,raw,-0.10969450596377471
TRX,24314,raw,-0.9830900244623416
TRX,24315,raw,-0.22781289091212897
TRX,24316,raw,-0.8808768148858552
TRX,24317,raw,0.0344462252718054
TRX,24318,raw,-2.344339393338328
TRX,24259,orth,-0.550332162017781
TRX,24260,orth,1.6799275657176267
TRX,24261,orth,0.3406937946308096
TRX,24262,orth,-0.80685338910932
TRX,24263,orth,0.7836763597912341
TRX,24264,orth,0.1571064775180887
TRX,24265,orth,0.9143720563690824
TRX,24266,orth,-1.1460852310695997
TRX,24267,orth,0.6860172332416598
TRX,24268,orth,0.9498154028609789
TRX,24269,orth,1.897897129079456
TRX,24270,orth,-1.8357773589918587
TRX,24271,orth,0.33489389285646176
TRX,24272,orth,-1.2323465876850364
TRX,24273,orth,2.3369698791152147
TRX,24274,orth,-0.8023251303497722
TRX,24275,orth,0.49403816153339003
TRX,24276,orth,0.09406744952786766
TRX,24277,orth,-0.4029627174499937
TRX,24278,orth,0.41154756387038327
TRX,24279,orth,0.7559795368370995
TRX,24280,orth,0.7013352639928746
TRX,24281,orth,-0.7851483676450592
TRX,24282,orth,1.3497934281146673
TRX,24283,orth,-1.950207836204587
TRX,24284,orth,1.68888846020527
TRX,24285,orth,-0.04866336822964857
TRX,24286,orth,0.7054718288571395
TRX,24287,orth,1.283508662070929
TRX,24288,orth,1.3261401633140437
TRX,24289,orth,-0.1466441876290778
TRX,24290,orth,-0.8325382133461212
TRX,24291,orth,0.024724982781877975
TRX,24292,orth,0.23676770099879943
TRX,24293,orth,1.424035003897902
TRX,24294,orth,0.6194500617876949
TRX,24295,orth,0.573784685357815
TRX,24296,orth,1.9957755284276284
TRX,24297,orth,-1.5322317061914166
TRX,24298,orth,1.0292535614597405
TRX,24299,orth,-1.3366118420675315
TRX,24300,orth,1.577567633103608
TRX,24301,orth,0.40501099580572614
TRX,24302,orth,-0.40292545821792336
TRX,24303,orth,0.7013337311472276
TRX,24304,orth,1.4737316130349407
TRX,24305,orth,0.6144787565819394
TRX,24306,orth,-1.5458351298542774
TRX,24307,orth,0.5879976941100752
TRX,24308,orth,-0.30201269775387146
TRX,24309,orth,0.26549061125733
TRX,24310,orth,2.6222135899813637
TRX,24311,orth,-0.5479312011890174
TRX,24312,orth,3.2511843843898793
TRX,24313,orth,-0.4102159761616282
TRX,24314,orth,-0.8975628504250285
TRX,24315,orth,-0.09471024745389874
TRX,24316,orth,-0.7173361472697146
TRX,24317,orth,0.2625719672682526
TRX,24318,orth,-2.603198592195311
XRP,24258,raw,0.7635320021803719
XRP,24259,raw,-0.9615178442217117
XRP,24260,raw,1.6551859926098664
XRP,24261,raw,-1.3021373731690502
XRP,24262,raw,0.6827020237621078
XRP,24263,raw,1.1308641025781172
XRP,24264,raw,-1.0933969278368947
XRP,24265,raw,0.4161188558348929
XRP,24266,raw,-1.7537858889167621
XRP,24267,raw,-0.39466681858612485
XRP,24268,raw,0.8251404373119703
XRP,24269,raw,-0.14972641483989796
XRP,24270,raw,0.6459730816329563
XRP,24271,raw,-0.6834580301805802
XRP,24272,raw,-1.300777518893073
XRP,24273,raw,0.4379505945307604
XRP,24274,raw,1.1717438544446126
XRP,24275,raw,-1.0516619582829954
XRP,24276,raw,-0.2916395935772301
XRP,24277,raw,0.2685926000493774
XRP,24278,raw,-0.12279487658868038
XRP,24279,raw,0.45573091677882666
XRP,24280,raw,0.4680217107638888
XRP,24281,raw,0.3264955092244513
XRP,24282,raw,0.17712967062049373
XRP,24283,raw,16.65674506978889
XRP,24284,raw,1.0236413353980685
XRP,24285,raw,-1.0796272877916635
XRP,24286,raw,0.9479435053757419
XRP,24287,raw,1.0027674143720267
XRP,24288,raw,1.1034531110415708
XRP,24289,raw,-0.2101211976164579
XRP,24290,raw,0.8187911269499338
XRP,24291,raw,1.7319893665601138
XRP,24292,raw,2.105848677279759
XRP,24293,raw,0.3122813377985128
XRP,24294,raw,0.8470757282721063
XRP,24295,raw,-0.26159869771585054
XRP,24296,raw,1.0179168143682704
XRP,24297,raw,-0.7346719584110933
XRP,24298,raw,0.15229178708654176
XRP,24299,raw,0.017823784366187142
XRP,24300,raw,-0.5726981945328579
XRP,24301,raw,-0.17929712085808688
XRP,24302,raw,-1.765689849682226
XRP,24303,raw,1.4417074151318654
XRP,24304,raw,0.09077885908950818
XRP,24305,raw,0.13711262258191603
XRP,24306,raw,1.155799653197875
XRP,24307,raw,0.7857407187430322
XRP,24308,raw,-0.5644926867922191
XRP,24309,raw,0.6230884502895342
XRP,24310,raw,-0.9830754733314869
XRP,24311,raw,0.8241145540797932
XRP,24312,raw,0.6229991410842688
XRP,24313,raw,1.1192636209937463
XRP,24314,raw,-0.2879097495596938
XRP,24315,raw,-0.051554400604225954
XRP,24316,raw,-0.23118383429629832
XRP,24317,raw,-0.44821690341463116
XRP,24318,raw,-1.9377622386081368
XRP,24259,orth,-0.7617459677339808
XRP,24260,orth,1.5494292491289134
XRP,24261,orth,-1.2799586717869977
XRP,24262,orth,0.5333503585932128
XRP,24263,orth,1.3861417220635446
XRP,24264,orth,-0.17572051562006502
XRP,24265,orth,0.4016649828575097
XRP,24266,orth,-1.389231919288528
XRP,24267,orth,-0.2632965954085882
XRP,24268,orth,0.7461840468079671
XRP,24269,orth,-0.05581978207574911
XRP,24270,orth,0.9026294649638696
XRP,24271,orth,-0.32710626732102766
XRP,24272,orth,-1.032189237986564
XRP,24273,orth,0.40191496333185334
XRP,24274,orth,0.5865185434803027
XRP,24275,orth,0.33484607942092587
XRP,24276,orth,-0.3752071113080749
XRP,24277,orth,0.5336972003060071
XRP,24278,orth,0.010106111748118488
XRP,24279,orth,0.3410391085598123
XRP,24280,orth,0.5539237925705941
XRP,24281,orth,0.04584037136657446
XRP,24282,orth,0.23267444327875073
XRP,24283,orth,11.645668378271534
XRP,24284,orth,0.7411826393199753
XRP,24285,orth,-0.5967959466812915
XRP,24286,orth,0.7609399787524025
XRP,24287,orth,0.41593602401119056
XRP,24288,orth,0.9796341046578891
XRP,24289,orth,0.22088137375828829
XRP,24290,orth,0.5418440957104576
XRP,24291,orth,2.1331142282127113
XRP,24292,orth,2.6960832269833768
XRP,24293,orth,0.43051467279311784
XRP,24294,orth,1.1418977247903757
XRP,24295,orth,-0.2531391004398285
XRP,24296,orth,0.5184305461185242
XRP,24297,orth,0.22071789051707894
XRP,24298,orth,-0.2965177199894058
XRP,24299,orth,-0.28451008671397293
XRP,24300,orth,-0.5807240905486403
XRP,24301,orth,-0.6322425981704205
XRP,24302,orth,-1.4501742730695457
XRP,24303,orth,2.0753642577414078
XRP,24304,orth,0.037312705196757015
XRP,24305,orth,-0.30501798483509734
XRP,24306,orth,0.2346531899492934
XRP,24307,orth,0.5136467028680218
XRP,24308,orth,-0.2971328674076464
XRP,24309,orth,0.2643067239704854
XRP,24310,orth,-0.575225335455775
XRP,24311,orth,0.8062634600562024
XRP,24312,orth,0.8103325142084896
XRP,24313,orth,1.6525469800374122
XRP,24314,orth,-0.10001452515283293
XRP,24315,orth,0.6499196389602159
XRP,24316,orth,-0.37277796446916905
XRP,24317,orth,-0.525289040735496
XRP,24318,orth,-1.7455409685226275
