symbol,tf,rule,mode,n,risk_bps,real,ctrl,diff,ctrl_sd,unresolved,win
ADA,15m,0.0,daily,29250,6.8645958469191655,0.15094017094017095,0.052286324786324785,0.09865384615384618,0.0059379246198482585,0.21494017094017093,0.3974219396420328
ADA,15m,2.0,daily,244,66.33871961542988,0.03278688524590164,0.049692622950819665,-0.016905737704918024,0.1154915833079151,0.0,0.3442622950819672
ADA,15m,2.0,inst,78,75.45188754510517,0.0,0.020833333333333336,-0.020833333333333336,0.19705022896470517,0.0,0.3333333333333333
ADA,30m,0.0,daily,13920,9.620843736986068,0.1502873563218391,0.0461566091954023,0.1041307471264368,0.013321452916561503,0.1798132183908046,0.3944118419900149
ADA,30m,2.0,daily,335,71.26781695423904,0.11940298507462686,0.009701492537313432,0.10970149253731343,0.06245069340451937,0.0,0.373134328358209
ADA,30m,2.0,inst,208,75.13276258056811,-0.004807692307692308,-0.06971153846153846,0.06490384615384616,0.06933752452815364,0.0,0.3317307692307692
ADA,1h,0.0,daily,6611,14.664410603497787,0.1554984117380124,0.04167296929360158,0.11382544244441083,0.00917887547941576,0.1358342157011042,0.3933134955364957
ADA,1h,2.0,daily,483,80.18493101206303,0.14906832298136646,0.008799171842650106,0.14026915113871635,0.06555133209891546,0.0,0.3830227743271222
ADA,1h,2.0,inst,342,81.7225150717067,0.05263157894736842,0.01023391812865497,0.04239766081871345,0.05433012916977206,0.0,0.3508771929824561
ADA,2h,0.0,daily,3371,21.16248731700378,0.1302284188668051,0.03281667161079798,0.09741174725600713,0.021973448250203458,0.1130228418866805,0.3822742474916388
ADA,2h,2.0,daily,521,85.123742181125,0.007677543186180422,-0.02399232245681382,0.03166986564299424,0.052538256019850266,0.0,0.33589251439539347
ADA,2h,2.0,inst,395,91.21404282694672,0.002531645569620253,0.02689873417721519,-0.024367088607594938,0.05835068908075831,0.0,0.3341772151898734
ADA,4h,0.0,daily,1699,29.8606502986069,0.20247204237786934,0.021851088875809298,0.18062095350206003,0.026354123633467806,0.08828722778104768,0.40735958683021306
ADA,4h,2.0,daily,440,95.71479826862073,-0.038636363636363635,0.0017045454545454534,-0.04034090909090909,0.07014917325431899,0.0,0.32045454545454544
ADA,4h,2.0,inst,336,106.44040590871566,-0.0625,-0.006324404761904762,-0.05617559523809524,0.06639035632462743,0.0,0.3125
ADA,1d,0.0,daily,263,71.3582677165344,0.17870722433460076,0.05180608365019011,0.12690114068441066,0.07163889365934185,0.03802281368821293,0.3952569169960474
ADA,1d,2.0,daily,153,134.62292510782873,0.06535947712418301,-0.07434640522875817,0.13970588235294118,0.06310977053717515,0.006535947712418301,0.35526315789473684
ADA,1d,2.0,inst,117,166.103108064292,0.05982905982905983,-0.023504273504273504,0.08333333333333334,0.12875593927506693,0.008547008547008548,0.35344827586206895
AVAX,15m,0.0,daily,25220,7.735430090891877,0.1346153846153846,0.059902854877081683,0.07471252973830292,0.006664941306079644,0.20333068992862807,0.3896575751542903
AVAX,15m,2.0,daily,237,68.05708013172271,0.06329113924050633,0.06276371308016877,0.0005274261603375602,0.047804133535795,0.0,0.35443037974683544
AVAX,15m,2.0,inst,75,76.85442284807672,-0.08,0.075,-0.155,0.19742087022399632,0.0,0.30666666666666664
AVAX,30m,0.0,daily,12018,10.835245400933427,0.1344649692128474,0.051235646530204695,0.0832293226826427,0.007361691342701877,0.16616741554335163,0.3870871170541862
AVAX,30m,2.0,daily,343,76.37318995539806,-0.0029154518950437317,-0.032434402332361514,0.02951895043731778,0.05121656378310932,0.0,0.3323615160349854
AVAX,30m,2.0,inst,201,84.02535501940906,0.029850746268656716,-0.02674129353233831,0.05659203980099503,0.10716565442426498,0.0,0.34328358208955223
AVAX,1h,0.0,daily,5813,15.612802498049456,0.13865473937725786,0.03986753827627731,0.09878720110098055,0.0175941954333819,0.1338379494237055,0.38669314796425025
AVAX,1h,2.0,daily,436,87.21318204035518,-0.05733944954128441,0.0389908256880734,-0.0963302752293578,0.05293893985130179,0.0,0.31422018348623854
AVAX,1h,2.0,inst,300,90.85987678746079,-0.08,0.03666666666666667,-0.11666666666666667,0.06761820925033599,0.0,0.30666666666666664
AVAX,2h,0.0,daily,2941,23.269342641069898,0.12410744644678681,0.03969738184291058,0.08441006460387623,0.012510198041725276,0.10200612036722204,0.37940174176448316
AVAX,2h,2.0,daily,431,98.80749574105484,-0.004640371229698376,0.07221577726218098,-0.07685614849187936,0.04563513007636899,0.0,0.33178654292343385
AVAX,2h,2.0,inst,358,103.00808576860433,-0.0446927374301676,0.03596368715083799,-0.08065642458100558,0.06687067849510486,0.0,0.31843575418994413
AVAX,4h,0.0,daily,1516,35.382636374164704,0.1695250659630607,0.03850593667546175,0.13101912928759896,0.04243088619667226,0.08509234828496043,0.39509733237202593
AVAX,4h,2.0,daily,444,104.01281551270779,0.02252252252252252,-0.02702702702702703,0.04954954954954955,0.05585403949386147,0.0022522522522522522,0.34085778781038373
AVAX,4h,2.0,inst,344,113.59564601663833,0.020348837209302327,-0.006904069767441859,0.027252906976744186,0.07915758925665539,0.0,0.34011627906976744
AVAX,1d,0.0,daily,274,103.2357797075122,0.1678832116788321,0.0218978102189781,0.145985401459854,0.09872583207827722,0.029197080291970802,0.39097744360902253
AVAX,1d,2.0,daily,185,151.2738853503181,-0.021621621621621623,0.032432432432432434,-0.05405405405405406,0.07514291229436673,0.005405405405405406,0.32608695652173914
AVAX,1d,2.0,inst,152,173.00831839448333,-0.02631578947368421,0.005756578947368418,-0.03207236842105263,0.1377043581787686,0.006578947368421052,0.32450331125827814
BNB,15m,0.0,daily,18722,4.248569651626473,0.12482640743510309,0.06229970088665741,0.06252670654844569,0.00691616786284229,0.19415660720008546,0.38496719029628157
BNB,15m,2.0,daily,198,38.63500960022947,0.19696969696969696,0.011363636363636364,0.1856060606060606,0.06583842335597824,0.0,0.398989898989899
BNB,15m,2.0,inst,57,47.54111137089967,0.15789473684210525,0.06798245614035087,0.08991228070175439,0.1867901047809415,0.0,0.38596491228070173
BNB,30m,0.0,daily,8751,5.817335660267975,0.13335618786424408,0.048337332876242714,0.08501885498800137,0.012657856653934018,0.16352416866643812,0.3864754098360656
BNB,30m,2.0,daily,250,42.95277992335042,-0.064,0.0175,-0.0815,0.08815752945721651,0.0,0.312
BNB,30m,2.0,inst,128,48.940654157151926,-0.109375,0.001953125,-0.111328125,0.12522867267117532,0.0,0.296875
BNB,1h,0.0,daily,4162,8.32223909233346,0.14848630466122056,0.05826525708793849,0.09022104757328207,0.014880690054219688,0.13575204228736185,0.39060328051153737
BNB,1h,2.0,daily,324,46.74516483231484,0.09259259259259259,0.03626543209876543,0.05632716049382716,0.09398072127649724,0.0,0.36419753086419754
BNB,1h,2.0,inst,210,49.53289144585004,0.17142857142857143,0.016071428571428563,0.15535714285714286,0.11197914194747394,0.0,0.3904761904761905
BNB,2h,0.0,daily,2052,12.020785177685037,0.1817738791423002,0.02662037037037037,0.15515350877192982,0.02617092634105315,0.10282651072124756,0.400869092884302
BNB,2h,2.0,daily,315,54.4404955112266,0.05714285714285714,0.02380952380952381,0.033333333333333326,0.06188440853846962,0.0,0.3523809523809524
BNB,2h,2.0,inst,258,55.61674065587657,0.046511627906976744,0.005329457364341083,0.04118217054263566,0.10305882860345249,0.0,0.3488372093023256
BNB,4h,0.0,daily,996,17.947437539268197,0.142570281124498,0.04455321285140562,0.09801706827309237,0.031785226365578186,0.07931726907630522,0.38495092693565974
BNB,4h,2.0,daily,269,63.69426751592196,-0.0037174721189591076,0.031133828996282524,-0.03485130111524163,0.0923202129785756,0.0037174721189591076,0.332089552238806
BNB,4h,2.0,inst,225,64.7751117598751,0.05333333333333334,0.04611111111111112,0.00722222222222222,0.1053374940575339,0.0,0.3511111111111111
BNB,1d,0.0,daily,164,60.03387713513558,0.10975609756097561,0.03201219512195122,0.07774390243902439,0.09469641762498386,0.04878048780487805,0.3717948717948718
BNB,1d,2.0,daily,106,80.80701487356524,0.1509433962264151,0.08136792452830188,0.0695754716981132,0.10588939760307403,0.018867924528301886,0.38461538461538464
BNB,1d,2.0,inst,83,88.31382214006891,0.1686746987951807,0.05271084337349397,0.11596385542168675,0.13656740769394596,0.012048192771084338,0.3902439024390244
BTC,15m,0.0,daily,29845,3.3657464919742246,0.2132015412966996,0.06789244429552689,0.14530909700117273,0.007090727025242059,0.22057296029485676,0.42451207978677674
BTC,15m,2.0,daily,360,39.566359472448966,-0.05555555555555555,0.040624999999999994,-0.09618055555555555,0.052740072423135054,0.002777777777777778,0.3147632311977716
BTC,15m,2.0,inst,101,45.121043708576394,-0.25742574257425743,0.01361386138613861,-0.27103960396039606,0.08715367272999135,0.0,0.24752475247524752
BTC,30m,0.0,daily,13529,5.03220611916264,0.22396333801463522,0.04828516520068002,0.1756781728139552,0.007024553984074769,0.1824229433069702,0.42464514962480787
BTC,30m,2.0,daily,467,44.37198047348593,-0.05353319057815846,-0.031049250535331904,-0.022483940042826556,0.06312378146888084,0.0021413276231263384,0.315450643776824
BTC,30m,2.0,inst,219,47.77518177474983,0.0821917808219178,-0.0182648401826484,0.1004566210045662,0.10079333358284985,0.0,0.3607305936073059
BTC,1h,0.0,daily,6379,7.750059097941434,0.22668129800909234,0.03732951873334378,0.18935177927574856,0.009274782101604857,0.14406646809844803,0.4216117216117216
BTC,1h,2.0,daily,533,49.73152486367668,0.13133208255159476,-0.007270168855534708,0.13860225140712948,0.044797304446649734,0.0,0.3771106941838649
BTC,1h,2.0,inst,351,52.43771886850652,0.1623931623931624,0.02386039886039886,0.13853276353276353,0.09407036283384823,0.0,0.38746438746438744
BTC,2h,0.0,daily,3120,12.393841883538691,0.18557692307692308,0.034375,0.1512019230769231,0.021404731889353237,0.11730769230769231,0.4034132171387073
BTC,2h,2.0,daily,558,57.042346188916156,0.12186379928315412,0.020161290322580645,0.10170250896057348,0.07256266647543774,0.0035842293906810036,0.37410071942446044
BTC,2h,2.0,inst,450,59.77712633524351,0.12,0.015555555555555555,0.10444444444444444,0.05210388483419269,0.0,0.37333333333333335
BTC,4h,0.0,daily,1565,20.450447029359815,0.18338658146964856,0.01900958466453674,0.1643769968051118,0.02896400058221844,0.10031948881789138,0.4012784090909091
BTC,4h,2.0,daily,507,64.73461371489475,0.08284023668639054,-0.01799802761341223,0.10083826429980278,0.05224439837860023,0.0,0.3609467455621302
BTC,4h,2.0,inst,386,73.5081988372162,0.018134715025906734,0.0006476683937823823,0.017487046632124352,0.05102624109149113,0.0,0.3393782383419689
BTC,1d,0.0,daily,280,46.34456866697996,0.17857142857142858,0.017410714285714286,0.1611607142857143,0.07600176009978522,0.06428571428571428,0.3969465648854962
BTC,1d,2.0,daily,172,87.53801594933108,0.12790697674418605,0.004360465116279071,0.12354651162790697,0.0829762382336749,0.011627906976744186,0.3764705882352941
BTC,1d,2.0,inst,126,110.1151336093357,0.031746031746031744,0.029761904761904764,0.0019841269841269805,0.10909090312612121,0.007936507936507936,0.344
DOGE,15m,0.0,daily,27945,6.5220935920439125,0.20025049203793166,0.04491859008767221,0.15533190195025945,0.006321873687952737,0.22966541420647701,0.41998420588098667
DOGE,15m,2.0,daily,332,73.55739204782473,0.012048192771084338,0.004518072289156624,0.007530120481927714,0.06566334143551698,0.0,0.3373493975903614
DOGE,15m,2.0,inst,81,81.91455187921675,0.07407407407407407,-0.037037037037037035,0.1111111111111111,0.11264375056107814,0.0,0.35802469135802467
DOGE,30m,0.0,daily,12946,9.450247350871258,0.2259385138266646,0.04223312219990731,0.1837053916267573,0.011732483697429769,0.18314537308821258,0.425531914893617
DOGE,30m,2.0,daily,393,76.93509333749888,0.007633587786259542,0.01908396946564886,-0.011450381679389318,0.08989069584048699,0.0,0.33587786259541985
DOGE,30m,2.0,inst,185,79.15879017013116,0.2,0.03310810810810811,0.1668918918918919,0.06124097107018063,0.0,0.4
DOGE,1h,0.0,daily,6111,14.532307801368924,0.18720340369824906,0.027430044182621502,0.15977335951562754,0.009062405647900002,0.1459662902961872,0.40639969342785975
DOGE,1h,2.0,daily,455,86.11248308888177,-0.05054945054945055,-0.0005494505494505544,-0.049999999999999996,0.05892969209211302,0.006593406593406593,0.3163716814159292
DOGE,1h,2.0,inst,317,89.39603168835009,0.11041009463722397,0.04771293375394322,0.06269716088328076,0.08098777772916124,0.0031545741324921135,0.370253164556962
DOGE,2h,0.0,daily,3148,20.659248732225976,0.24332909783989834,0.03303684879288438,0.21029224904701396,0.026184002745516063,0.11689961880559085,0.4251798561151079
DOGE,2h,2.0,daily,468,97.15422454389014,-0.004273504273504274,-0.014155982905982908,0.009882478632478634,0.06788130206006339,0.002136752136752137,0.33190578158458245
DOGE,2h,2.0,inst,360,99.9157482474663,0.07777777777777778,-0.004513888888888887,0.08229166666666667,0.06704086964054459,0.002777777777777778,0.3593314763231198
DOGE,4h,0.0,daily,1549,32.772364924711724,0.2459651387992253,0.03494189799870885,0.21102324080051643,0.03070304028331248,0.09554551323434474,0.42398286937901497
DOGE,4h,2.0,daily,409,102.13143872113825,0.08068459657701711,0.09290953545232275,-0.012224938875305638,0.05499863999609776,0.009779951100244499,0.36049382716049383
DOGE,4h,2.0,inst,302,109.45204093343389,0.12582781456953643,-0.011175496688741723,0.13700331125827814,0.06572529685202984,0.013245033112582781,0.37583892617449666
DOGE,1d,0.0,daily,261,86.26491281737671,0.21455938697318008,0.06321839080459771,0.15134099616858238,0.09211352705112114,0.05363984674329502,0.4089068825910931
DOGE,1d,2.0,daily,160,146.23816267488473,0.2,0.007031249999999996,0.19296875000000002,0.07682909579669346,0.0,0.4
DOGE,1d,2.0,inst,115,177.8247484262273,0.22608695652173913,-0.021739130434782608,0.24782608695652175,0.09395731645641005,0.0,0.40869565217391307
ETH,15m,0.0,daily,28306,4.7001311736802975,0.21974139758355118,0.05062530912174097,0.1691160884618102,0.00866439834997584,0.2216844485268141,0.42744314829104446
ETH,15m,2.0,daily,335,52.30071021885031,0.04776119402985075,-0.012313432835820896,0.060074626865671645,0.06922924007237112,0.0,0.3492537313432836
ETH,15m,2.0,inst,95,54.584147576709775,-0.11578947368421053,0.04210526315789473,-0.15789473684210525,0.11127565532561039,0.0,0.29473684210526313
ETH,30m,0.0,daily,13275,7.145541296103725,0.2296798493408663,0.03957627118644068,0.19010357815442563,0.007071550550290929,0.1808662900188324,0.42679786647048007
ETH,30m,2.0,daily,447,59.237708175554246,0.026845637583892617,0.03131991051454139,-0.004474272930648771,0.08777732132802439,0.0,0.3422818791946309
ETH,30m,2.0,inst,229,67.69478016715698,-0.043668122270742356,-0.004366812227074232,-0.039301310043668124,0.08954627360004314,0.0,0.31877729257641924
ETH,1h,0.0,daily,6440,11.148217749320194,0.21366459627329193,0.031774068322981366,0.18189052795031058,0.01665566080286291,0.14922360248447206,0.4170469063697755
ETH,1h,2.0,daily,520,66.85030464001255,0.038461538461538464,-0.011538461538461539,0.05,0.06077501189638647,0.0,0.34615384615384615
ETH,1h,2.0,inst,356,74.16298959408675,0.17134831460674158,0.0028089887640449403,0.16853932584269662,0.0647135170421813,0.0,0.3904494382022472
ETH,2h,0.0,daily,3230,17.284670746349278,0.1845201238390093,0.026277089783281735,0.15824303405572754,0.014709497274454735,0.12198142414860681,0.4033850493653032
ETH,2h,2.0,daily,571,74.75762932578407,0.02276707530647986,0.018388791593695268,0.004378283712784592,0.07240468793096014,0.0035026269702276708,0.3409490333919156
ETH,2h,2.0,inst,415,82.69479883175543,0.07710843373493977,0.01596385542168675,0.06114457831325301,0.06453308859708054,0.0,0.35903614457831323
ETH,4h,0.0,daily,1650,28.014559623240906,0.13515151515151516,0.012045454545454545,0.12310606060606062,0.03744287047126115,0.08787878787878788,0.38272425249169434
ETH,4h,2.0,daily,502,85.44764290452773,0.043824701195219126,-0.027390438247011952,0.07121513944223108,0.05431484127297266,0.00398406374501992,0.348
ETH,4h,2.0,inst,389,93.88825721329654,0.05912596401028278,0.03727506426735218,0.0218508997429306,0.07526692016430514,0.002570694087403599,0.35309278350515466
ETH,1d,0.0,daily,282,79.76148445441927,-0.031914893617021274,0.020390070921985817,-0.05230496453900709,0.04331288475285854,0.05319148936170213,0.32209737827715357
ETH,1d,2.0,daily,179,126.89833445936002,-0.0782122905027933,-0.08100558659217878,0.002793296089385486,0.10059744751602853,0.01675977653631285,0.3068181818181818
ETH,1d,2.0,inst,141,148.26470674472395,-0.0425531914893617,-0.022163120567375884,-0.020390070921985817,0.09804419463386574,0.02127659574468085,0.3188405797101449
LINK,15m,0.0,daily,29946,7.31528895391374,0.14158819207907566,0.05420590396046217,0.0873822881186135,0.0071564441638679475,0.21231550123555734,0.3932508054943191
LINK,15m,2.0,daily,214,73.90207716921066,0.16355140186915887,-0.005841121495327102,0.16939252336448596,0.11535882226362289,0.0,0.3878504672897196
LINK,15m,2.0,inst,69,76.43784786641912,0.08695652173913043,-0.05978260869565217,0.1467391304347826,0.16594637991891104,0.0,0.36231884057971014
LINK,30m,0.0,daily,14074,10.237598042807551,0.14139548102884753,0.042729501207901095,0.09866597982094644,0.0071730056810359625,0.17258775046184455,0.3902962644911979
LINK,30m,2.0,daily,323,80.43665613329468,0.030959752321981424,0.009674922600619197,0.021284829721362225,0.0824139869531949,0.0,0.34365325077399383
LINK,30m,2.0,inst,187,80.69870779917142,0.026737967914438502,-0.0006684491978609635,0.027406417112299464,0.06402822212790113,0.0,0.3422459893048128
LINK,1h,0.0,daily,6729,15.439826406277161,0.1459355030465151,0.038805914697577645,0.10712958834893745,0.01688551972688033,0.13612721058106703,0.3896439015998624
LINK,1h,2.0,daily,455,85.53705517466551,-0.024175824175824177,0.003571428571428571,-0.027747252747252746,0.06689715570103695,0.0,0.3252747252747253
LINK,1h,2.0,inst,330,89.22761557615507,0.07272727272727272,-0.03939393939393939,0.11212121212121212,0.06261811612052068,0.0,0.3575757575757576
LINK,2h,0.0,daily,3429,23.01344642798444,0.15835520559930008,0.010279965004374454,0.14807524059492563,0.028041177624595817,0.10148731408573929,0.3920804933463161
LINK,2h,2.0,daily,505,91.23929776009622,-0.02574257425742574,0.018564356435643567,-0.044306930693069305,0.05010465960395337,0.0,0.32475247524752476
LINK,2h,2.0,inst,407,93.52101812572265,0.03194103194103194,-0.01934889434889435,0.05128992628992629,0.02944401205267719,0.0,0.343980343980344
LINK,4h,0.0,daily,1690,35.22258508251599,0.12603550295857988,0.007914201183431953,0.11812130177514793,0.018662372704631176,0.08579881656804733,0.37928802588996763
LINK,4h,2.0,daily,462,99.224692874169,0.15800865800865802,-0.00514069264069264,0.16314935064935066,0.059611677569577304,0.0021645021645021645,0.38611713665943603
LINK,4h,2.0,inst,384,103.41951451510826,0.18229166666666666,0.01953125,0.16276041666666666,0.05465648922347749,0.0026041666666666665,0.39425587467362927
LINK,1d,0.0,daily,307,77.51368428786544,-0.03908794788273615,0.019543973941368073,-0.058631921824104226,0.07272675427285377,0.05211726384364821,0.31958762886597936
LINK,1d,2.0,daily,180,135.74888666793757,-0.14444444444444443,-0.03194444444444444,-0.11249999999999999,0.09504506728292013,0.005555555555555556,0.2849162011173184
LINK,1d,2.0,inst,136,169.71044086588,-0.1323529411764706,0.01838235294117647,-0.15073529411764705,0.13632717807161143,0.007352941176470588,0.28888888888888886
SOL,15m,0.0,daily,29209,7.773459189338498,0.2115443870040056,0.04005614707795543,0.17148823992605017,0.004955893471830349,0.22873087062206854,0.42476029829545453
SOL,15m,2.0,daily,209,79.74481658692144,0.19138755980861244,-0.04784688995215311,0.23923444976076555,0.06625541829725469,0.0,0.39712918660287083
SOL,15m,2.0,inst,54,86.26749688281001,0.0,0.02546296296296297,-0.02546296296296297,0.2622083427745504,0.0,0.3333333333333333
SOL,30m,0.0,daily,13951,11.21200157915595,0.20622177621675866,0.03783778940577737,0.1683839868109813,0.006469783846116406,0.18048885384560245,0.41721332983468906
SOL,30m,2.0,daily,296,82.61460135190933,0.006756756756756757,0.0076013513513513535,-0.0008445945945945964,0.07335341737366058,0.0033783783783783786,0.33559322033898303
SOL,30m,2.0,inst,161,85.75021913944893,0.09937888198757763,0.02639751552795031,0.07298136645962733,0.09185146845447362,0.0,0.36645962732919257
SOL,1h,0.0,daily,6858,16.220592911016826,0.22032662583843687,0.020833333333333336,0.19949329250510353,0.011322389852223171,0.14596092155147272,0.4193273006658699
SOL,1h,2.0,daily,420,91.20298529578199,0.09523809523809523,0.030952380952380953,0.06428571428571428,0.035214760613688195,0.002380952380952381,0.36515513126491644
SOL,1h,2.0,inst,301,96.3499184339315,0.16611295681063123,-0.016611295681063117,0.18272425249169436,0.08074866845672182,0.0,0.38870431893687707
SOL,2h,0.0,daily,3488,24.090619081166842,0.22677752293577982,0.04443807339449542,0.1823394495412844,0.032121928621832135,0.11467889908256881,0.41871761658031087
SOL,2h,2.0,daily,466,105.04484825457365,0.13948497854077252,0.029506437768240343,0.10997854077253218,0.03912632762170564,0.0,0.3798283261802575
SOL,2h,2.0,inst,368,105.93859256957944,0.296195652173913,0.010529891304347828,0.2856657608695652,0.06057158326034522,0.0,0.4320652173913043
SOL,4h,0.0,daily,1771,35.044479531714295,0.17447769621682666,0.02096273291925466,0.153514963297572,0.02813426892132339,0.08865047995482778,0.39714993804213133
SOL,4h,2.0,daily,420,106.83731179738311,0.16428571428571428,-0.005654761904761904,0.1699404761904762,0.0662287648335919,0.0,0.3880952380952381
SOL,4h,2.0,inst,340,117.93323661945871,0.18235294117647058,0.008088235294117644,0.17426470588235293,0.06623771675644675,0.0,0.3941176470588235
SOL,1d,0.0,daily,306,90.43019035158062,0.16666666666666666,-0.014297385620915037,0.1809640522875817,0.07428690249764551,0.0392156862745098,0.391156462585034
SOL,1d,2.0,daily,184,141.99930440251725,0.03804347826086957,-0.007472826086956522,0.04551630434782609,0.08896863213259167,0.010869565217391304,0.34615384615384615
SOL,1d,2.0,inst,141,169.73464021037555,0.11347517730496454,0.003546099290780139,0.1099290780141844,0.0858419747298596,0.0070921985815602835,0.37142857142857144
TRX,15m,0.0,daily,32936,3.6717459151825196,0.10116589749817828,0.09367789045421424,0.007488007043964046,0.003971552409920644,0.1690854991498664,0.37391749186977014
TRX,15m,2.0,daily,480,30.03538813128724,-0.04375,0.017708333333333336,-0.06145833333333334,0.04038389994787527,0.0,0.31875
TRX,15m,2.0,inst,203,27.986566448104046,0.0049261083743842365,-0.009852216748768475,0.014778325123152712,0.10283066869531085,0.0,0.33497536945812806
TRX,30m,0.0,daily,15552,5.170995442328607,0.08108281893004116,0.07604327417695474,0.00503954475308642,0.013677142574220785,0.13933899176954734,0.36473664549869256
TRX,30m,2.0,daily,624,33.16112676903086,-0.07692307692307693,0.01662660256410256,-0.09354967948717949,0.05870143033998735,0.0,0.3076923076923077
TRX,30m,2.0,inst,390,32.95692193263817,-0.03076923076923077,0.02596153846153846,-0.05673076923076923,0.06664740229552549,0.0,0.3230769230769231
TRX,1h,0.0,daily,7534,7.483964542926094,0.1037961242367932,0.06084085479161136,0.04295526944518184,0.01372776986050935,0.10870719405362357,0.3721518987341772
TRX,1h,2.0,daily,716,36.74308464730372,-0.05446927374301676,-0.004015363128491619,-0.05045391061452514,0.04410753778657999,0.002793296089385475,0.31512605042016806
TRX,1h,2.0,inst,545,36.15985473443693,-0.08623853211009175,0.004128440366972477,-0.09036697247706423,0.06448666859694147,0.0,0.30458715596330277
TRX,2h,0.0,daily,3841,10.548759959601076,0.11168966414996095,0.057439468888310335,0.05425019526165062,0.02079898143232995,0.08461338193178859,0.37400455062571103
TRX,2h,2.0,daily,727,40.71764855579424,-0.04951856946354883,0.03817056396148555,-0.08768913342503437,0.04361572829539993,0.001375515818431912,0.3168044077134986
TRX,2h,2.0,inst,617,42.164441321152204,-0.04700162074554295,0.030794165316045383,-0.07779578606158832,0.03108072757012173,0.0,0.31766612641815234
TRX,4h,0.0,daily,1910,16.190930784582328,0.06230366492146597,0.04980366492146597,0.012499999999999997,0.013850709641078698,0.07277486910994764,0.3557312252964427
TRX,4h,2.0,daily,624,42.221097344417934,-0.05608974358974359,0.02483974358974359,-0.08092948717948718,0.05077878050562455,0.0016025641025641025,0.3146067415730337
TRX,4h,2.0,inst,534,45.00074682508358,-0.06554307116104868,0.022940074906367038,-0.08848314606741572,0.06878518305821334,0.0018726591760299626,0.31144465290806755
TRX,1d,0.0,daily,297,40.5934547544642,0.265993265993266,0.04335016835016835,0.22264309764309764,0.05495124599028877,0.04377104377104377,0.426056338028169
TRX,1d,2.0,daily,198,67.60109033274574,0.1414141414141414,0.023358585858585863,0.11805555555555555,0.04863570150697325,0.020202020202020204,0.38144329896907214
TRX,1d,2.0,inst,155,73.97342995168938,0.16774193548387098,-0.013709677419354836,0.1814516129032258,0.1320390594309147,0.025806451612903226,0.39072847682119205
XRP,15m,0.0,daily,28612,5.677102630104226,0.19691038725010485,0.04697329791695792,0.14993708933314692,0.008648416031250336,0.22189990213896268,0.41768854152629925
XRP,15m,2.0,daily,295,66.13478899852946,0.1288135593220339,0.011440677966101695,0.1173728813559322,0.05160279371747652,0.0,0.376271186440678
XRP,15m,2.0,inst,80,81.92889299586327,0.1625,0.014062500000000006,0.1484375,0.14966596922396888,0.0,0.3875
XRP,30m,0.0,daily,13344,8.123226545829345,0.21245503597122303,0.04604129196642686,0.16641374400479617,0.010545660998198952,0.179181654676259,0.4196110654615174
XRP,30m,2.0,daily,365,71.29624431594955,0.14520547945205478,0.0589041095890411,0.08630136986301368,0.08817279474933752,0.0027397260273972603,0.38186813186813184
XRP,30m,2.0,inst,187,75.4960061839729,0.22459893048128343,0.0006684491978609652,0.22393048128342247,0.09466288576087219,0.0053475935828877,0.40860215053763443
XRP,1h,0.0,daily,6395,11.814345991562128,0.21907740422204847,0.038369820172009385,0.1807075840500391,0.013324922097651525,0.1485535574667709,0.4191000918273646
XRP,1h,2.0,daily,441,73.90983000739105,0.05442176870748299,-0.01672335600907029,0.07114512471655328,0.06027159590731234,0.0,0.35147392290249435
XRP,1h,2.0,inst,292,74.97716502205637,0.1815068493150685,0.008133561643835614,0.1733732876712329,0.08587183653289793,0.0,0.3938356164383562
XRP,2h,0.0,daily,3215,16.581205546432766,0.2572317262830482,0.027138413685847587,0.23009331259720062,0.014927382803122826,0.11415241057542769,0.430126404494382
XRP,2h,2.0,daily,450,84.64730702600934,0.15555555555555556,0.0052777777777777805,0.1502777777777778,0.07557138314611744,0.0022222222222222222,0.38530066815144765
XRP,2h,2.0,inst,349,88.16342980931518,0.16045845272206305,0.009312320916905446,0.1511461318051576,0.06531992967463608,0.0,0.3868194842406877
XRP,4h,0.0,daily,1544,26.29729078415594,0.2616580310880829,-0.003643134715025906,0.2653011658031088,0.032711962769581354,0.09974093264248704,0.4302158273381295
XRP,4h,2.0,daily,404,90.53842968931829,0.1905940594059406,0.025061881188118813,0.1655321782178218,0.08828376814022805,0.009900990099009901,0.3975
XRP,4h,2.0,inst,320,97.89936342145859,0.209375,0.05,0.159375,0.07799989983967928,0.009375,0.4037854889589905
XRP,1d,0.0,daily,259,69.98444790046534,0.07722007722007722,-0.06708494208494209,0.14430501930501932,0.0683882182159433,0.08108108108108109,0.36134453781512604
XRP,1d,2.0,daily,150,132.48642639234316,0.13333333333333333,0.0775,0.05583333333333333,0.0743817107149929,0.03333333333333333,0.3793103448275862
XRP,1d,2.0,inst,112,149.77239607366448,0.08928571428571429,-0.03236607142857143,0.12165178571428573,0.06343960487108176,0.017857142857142856,0.36363636363636365
