symbol,kind,time,x_atr,open,high,low,close,prev_close
1INCH,spike,2021-10-27 08:05:00+00:00,343.5583635001383,5.3414,10.9896,5.3267,10.7953,5.3312
1INCH,spike,2021-10-27 08:10:00+00:00,183.8858383491183,10.9388,11.0,7.9659,8.4448,10.7953
1INCH,spike,2021-10-27 08:25:00+00:00,139.10299005905634,9.781,9.7831,7.48,7.679,9.763
1INCH,wick_revert,2021-10-27 10:30:00+00:00,50.32026360135142,5.8955,6.792,5.8286,5.8703,5.8908
1INCH,wick_revert,2023-06-10 04:25:00+00:00,20.8577918321812,0.2494,0.2555,0.2329,0.2483,0.2498
1INCH,wick_revert,2024-08-05 01:10:00+00:00,17.54455518417248,0.2543,0.2547,0.2343,0.2527,0.2543
1INCH,jump,2021-10-27 08:10:00+00:00,8.697016513331373,10.9388,11.0,7.9659,8.4448,10.7953
AAVE,spike,2025-10-10 21:15:00+00:00,142.9879535809403,226.02,227.38,115.22,115.54,226.03
AAVE,spike,2025-10-10 21:20:00+00:00,117.1737870400194,115.54,172.82,80.79,170.48,115.54
AAVE,spike,2023-06-10 04:20:00+00:00,79.14122236420673,57.6,57.75,49.63,50.01,57.6
AAVE,wick_revert,2021-10-27 08:25:00+00:00,19.491619891121413,403.78,434.36,399.18,405.93,403.53
AAVE,wick_revert,2023-06-25 02:50:00+00:00,18.667848035316318,63.66,63.76,61.07,63.46,63.67
AAVE,wick_revert,2024-08-23 20:45:00+00:00,15.801416171478357,142.26,148.99,141.59,142.09,142.28
ADA,spike,2025-10-10 21:15:00+00:00,160.65466433633216,0.6503,0.6562,0.3318,0.3333,0.6505
ADA,spike,2025-10-10 21:20:00+00:00,71.74076145704224,0.3333,0.4167,0.2716,0.4124,0.3333
ADA,spike,2024-06-07 18:00:00+00:00,57.69258259945188,0.4675,0.4687,0.4235,0.4249,0.4674
ADA,wick_revert,2022-12-18 08:25:00+00:00,25.36894040552569,0.26869,0.26869,0.25389,0.26869,0.26713
ADA,wick_revert,2025-10-10 21:45:00+00:00,25.165711718897143,0.5663,0.6178,0.5497,0.565,0.5663
ADA,wick_revert,2025-03-02 17:35:00+00:00,15.720192316635785,1.0677,1.1061,1.0615,1.0705,1.0676
ADA,jump,2022-12-18 18:50:00+00:00,10.299610206079542,0.26328,0.2668,0.26327,0.26654,0.26869
ALGO,spike,2021-11-18 04:25:00+00:00,97.95165188738432,1.6709,2.5839,1.6709,2.5772,1.6711
ALGO,spike,2025-10-10 21:15:00+00:00,95.37224676874385,0.1794,0.1798,0.1197,0.1206,0.1794
ALGO,spike,2021-11-18 04:30:00+00:00,62.7834684386608,2.5797,2.8479,2.2627,2.4359,2.5772
ALGO,wick_revert,2025-10-10 21:20:00+00:00,40.60983839771521,0.1206,0.1216,0.0943,0.1199,0.1206
ALGO,wick_revert,2023-06-10 04:25:00+00:00,19.782852442328878,0.0961,0.0973,0.0899,0.0962,0.0961
ALGO,wick_revert,2021-11-18 04:50:00+00:00,15.556395973352389,2.2034,2.2293,2.0584,2.208,2.2034
ATOM,spike,2025-10-10 21:15:00+00:00,185.30851073436855,3.416,3.472,1.752,1.752,3.418
ATOM,spike,2023-08-15 19:05:00+00:00,85.6817129173459,8.371,8.371,7.584,7.922,8.371
ATOM,spike,2023-06-10 04:20:00+00:00,72.74191207476677,8.778,8.794,7.437,7.456,8.781
ATOM,wick_revert,2024-03-05 19:55:00+00:00,16.028048655264634,11.523,11.551,10.539,11.414,11.522
ATOM,wick_revert,2025-10-10 22:05:00+00:00,14.202178498674945,2.786,2.792,2.635,2.768,2.784
ATOM,wick_revert,2023-08-31 17:00:00+00:00,13.49118338096106,6.9,6.911,6.792,6.906,6.899
AVAX,spike,2025-10-10 21:15:00+00:00,184.1208444592908,23.029,23.315,11.096,11.279,23.03
AVAX,spike,2025-10-10 21:20:00+00:00,139.7424669025045,11.279,17.627,8.34,16.422,11.279
AVAX,spike,2023-06-10 04:20:00+00:00,76.62058477765085,12.97,12.99,10.49,10.51,12.97
AVAX,wick_revert,2024-03-05 19:55:00+00:00,17.55042795136599,37.78,37.913,33.72,37.607,37.805
AVAX,wick_revert,2024-08-05 01:10:00+00:00,16.353916458249817,19.242,19.269,17.863,19.192,19.24
AVAX,wick_revert,2026-01-31 18:40:00+00:00,13.940779567806954,9.615,9.631,9.142,9.581,9.615
BAND,spike,2023-10-15 13:40:00+00:00,94.02789915860797,1.0831,1.228,1.0761,1.1889,1.0818
BAND,spike,2022-10-16 04:20:00+00:00,75.15274691594249,1.103,1.191,1.103,1.164,1.102
BAND,spike,2024-06-07 18:00:00+00:00,70.5075423812818,1.705,1.711,1.516,1.517,1.705
BAND,wick_revert,2023-06-10 04:25:00+00:00,26.14911844764206,0.981,0.999,0.907,0.98,0.984
BAND,wick_revert,2022-07-28 19:10:00+00:00,18.495526695251783,2.02,2.117,1.974,2.021,2.016
BAND,wick_revert,2025-10-13 18:00:00+00:00,15.43198528617916,0.6447,0.6892,0.6387,0.6422,0.6459
BAT,spike,2023-06-10 04:20:00+00:00,86.42381197086941,0.1813,0.1815,0.1547,0.1549,0.1813
BAT,spike,2024-06-07 18:00:00+00:00,67.17067022493778,0.2463,0.2466,0.2187,0.2189,0.2462
BAT,spike,2023-08-17 21:40:00+00:00,62.159882442273954,0.1758,0.1761,0.1492,0.1501,0.1756
BAT,wick_revert,2024-11-07 00:00:00+00:00,15.548983300438735,0.1706,0.178,0.1701,0.1703,0.1706
BAT,wick_revert,2024-08-05 01:10:00+00:00,15.092690448494462,0.1432,0.1433,0.1354,0.1428,0.1431
BAT,wick_revert,2024-03-05 19:55:00+00:00,14.59834840323618,0.2828,0.2879,0.2563,0.2817,0.2828
BAT,jump,2021-04-05 00:30:00+00:00,7.865185210549451,1.1638,1.1638,1.1633,1.1633,1.1816
BAT,jump,2021-04-05 20:10:00+00:00,6.085958653355645,1.238,1.238,1.238,1.238,1.219
BAT,jump,2021-04-04 22:15:00+00:00,5.787906950465464,1.1797,1.1797,1.1797,1.1797,1.1659
BCH,spike,2023-06-10 04:20:00+00:00,79.37793115971992,107.67,107.71,94.61,94.86,107.68
BCH,spike,2023-12-11 02:10:00+00:00,76.9425503752955,245.7,245.7,208.0,227.6,245.7
BCH,spike,2023-11-09 16:10:00+00:00,56.06423480284776,247.1,247.26,207.99,228.54,247.09
BCH,wick_revert,2023-06-21 06:05:00+00:00,29.631149339543825,132.97,139.7,132.1,132.89,132.99
BCH,wick_revert,2024-02-11 03:40:00+00:00,22.682328039100074,270.0,277.4,268.1,270.1,270.0
BCH,wick_revert,2021-10-08 03:25:00+00:00,13.237691683103955,594.15,594.16,557.81,589.76,594.06
BTC,spike,2023-08-17 21:40:00+00:00,103.78625184284112,27576.6,27810.0,24098.6,24258.0,27576.6
BTC,spike,2026-08-19 15:25:00+00:00,72.70276549291994,67179.4,70099.2,67052.6,68331.7,67179.4
BTC,spike,2025-10-10 21:15:00+00:00,71.38081652183592,112165.5,112471.2,102855.0,103467.2,112165.6
BTC,wick_revert,2022-03-31 16:05:00+00:00,15.331046358403798,46380.9,46381.0,45321.8,46318.5,46380.8
BTC,wick_revert,2024-12-01 08:25:00+00:00,15.187954335767946,96800.8,98400.0,96657.6,96978.0,96800.7
BTC,wick_revert,2025-10-10 22:05:00+00:00,13.801163344948462,113031.1,113116.7,110909.3,112783.0,113031.2
CFX,spike,2026-07-31 05:00:00+00:00,111.41443916011374,0.04028,0.04945,0.04028,0.04553,0.04028
CFX,spike,2025-10-10 21:15:00+00:00,93.78360825124055,0.10272,0.10536,0.06353,0.06447,0.10281
CFX,spike,2021-09-18 18:40:00+00:00,79.07360841139766,0.82349,0.85167,0.67293,0.71389,0.8234
CFX,wick_revert,2022-10-15 19:00:00+00:00,18.87954382950756,0.04127,0.04279,0.04102,0.04129,0.04124
CFX,wick_revert,2023-01-26 16:25:00+00:00,15.538600832265866,0.06811,0.07112,0.06677,0.06823,0.06805
CFX,wick_revert,2025-10-10 22:05:00+00:00,14.83785162491034,0.09023,0.09186,0.08352,0.09103,0.09023
CHZ,spike,2025-10-10 21:15:00+00:00,142.07271142118182,0.03355,0.03386,0.01677,0.01797,0.03353
CHZ,spike,2023-08-15 19:05:00+00:00,103.28760359623338,0.07399,0.074,0.0662,0.06875,0.07399
CHZ,spike,2023-06-10 04:20:00+00:00,98.92486408164912,0.07808,0.07927,0.05977,0.06047,0.07803
CHZ,wick_revert,2025-10-10 21:20:00+00:00,26.995216060665424,0.01788,0.01823,0.01463,0.01807,0.01797
CHZ,wick_revert,2023-10-18 02:05:00+00:00,22.78921600893099,0.05735,0.05908,0.05716,0.05737,0.05735
CHZ,wick_revert,2023-10-09 09:50:00+00:00,17.62178811161975,0.05695,0.05723,0.05568,0.05704,0.05696
COMP,spike,2025-04-01 07:05:00+00:00,216.65989332155326,40.48,71.13,40.48,59.04,40.49
COMP,spike,2025-10-10 21:15:00+00:00,114.7133371608101,35.52,36.13,22.83,22.92,35.52
COMP,spike,2023-06-10 04:20:00+00:00,86.61369140187787,30.49,30.54,25.25,25.25,30.49
COMP,wick_revert,2023-06-10 04:25:00+00:00,38.01552847134121,25.24,26.01,22.79,25.13,25.25
COMP,wick_revert,2026-04-14 14:40:00+00:00,26.205005439450456,21.23,22.85,21.14,21.28,21.23
COMP,wick_revert,2026-04-08 15:20:00+00:00,22.153277561470702,18.56,19.33,18.37,18.5,18.56
CRV,spike,2025-10-10 21:15:00+00:00,122.47278731897588,0.5695,0.5729,0.2442,0.2473,0.5693
CRV,spike,2024-04-12 18:35:00+00:00,87.91880153626978,0.4902,0.4965,0.4012,0.4463,0.4902
CRV,spike,2024-06-07 18:00:00+00:00,87.8592521977513,0.4534,0.4547,0.3751,0.3751,0.4535
CRV,wick_revert,2023-06-10 04:25:00+00:00,26.18000045343123,0.6351,0.649,0.5946,0.6359,0.6338
CRV,wick_revert,2026-01-31 18:40:00+00:00,14.433661186931472,0.277,0.2774,0.2593,0.2753,0.2769
CRV,wick_revert,2023-09-24 16:35:00+00:00,14.055348450600313,0.5275,0.545,0.5255,0.5261,0.5276
DOGE,spike,2025-10-10 21:15:00+00:00,120.41679856244917,0.20038,0.20114,0.1024,0.1074,0.20037
DOGE,spike,2022-12-12 02:50:00+00:00,72.03182320317838,0.09172,0.09179,0.08371,0.08557,0.09171
DOGE,spike,2024-06-07 18:00:00+00:00,70.34450933584112,0.15595,0.15637,0.13756,0.13759,0.15596
DOGE,wick_revert,2021-09-17 10:00:00+00:00,18.65701936220497,0.248818,0.248934,0.233157,0.247542,0.248818
DOGE,wick_revert,2026-01-31 18:40:00+00:00,17.747948401057776,0.10054,0.10086,0.09433,0.10067,0.10054
DOGE,wick_revert,2021-12-04 05:25:00+00:00,17.656121872598522,0.140719,0.142464,0.125752,0.141507,0.140663
DOT,spike,2025-10-10 21:15:00+00:00,158.9154725640472,3.426,3.467,1.461,1.47,3.426
DOT,spike,2023-08-15 19:05:00+00:00,81.87261217718438,4.929,4.929,4.603,4.696,4.929
DOT,spike,2023-06-10 04:20:00+00:00,72.64648525876045,4.775,4.781,4.165,4.181,4.776
DOT,wick_revert,2024-08-05 01:10:00+00:00,16.974428037217102,4.196,4.209,3.92,4.195,4.196
DOT,wick_revert,2024-03-05 19:55:00+00:00,13.86350322897055,9.021,9.04,8.028,8.909,9.025
DOT,wick_revert,2026-01-31 18:40:00+00:00,11.884620998495746,1.469,1.472,1.395,1.463,1.469
EGLD,spike,2025-10-10 21:15:00+00:00,142.49495626367298,10.71,10.82,5.39,5.4,10.69
EGLD,spike,2023-10-16 00:00:00+00:00,115.88203742608292,24.52,28.15,24.51,26.62,24.51
EGLD,spike,2024-06-07 18:00:00+00:00,86.98083510756484,38.49,38.56,33.29,33.29,38.49
EGLD,wick_revert,2023-06-10 04:30:00+00:00,20.713104114517645,28.56,29.8,28.56,28.62,28.55
EGLD,wick_revert,2026-01-31 18:40:00+00:00,15.470059772325063,4.507,4.51,4.261,4.48,4.507
EGLD,wick_revert,2025-10-10 22:05:00+00:00,15.263003431805338,8.46,8.5,7.83,8.42,8.46
ETC,spike,2023-06-10 04:20:00+00:00,105.50154625805189,16.318,16.324,13.581,13.673,16.31
ETC,spike,2023-08-15 19:05:00+00:00,104.7037832174024,17.166,17.166,15.79,16.227,17.168
ETC,spike,2023-08-17 21:40:00+00:00,84.62504383629552,15.552,15.597,13.223,13.307,15.555
ETC,wick_revert,2023-10-09 09:50:00+00:00,19.90401827268307,14.869,14.91,14.51,14.891,14.869
ETC,wick_revert,2024-08-05 01:10:00+00:00,16.283792421862707,17.04,17.05,15.98,16.94,17.04
ETC,wick_revert,2022-04-06 00:20:00+00:00,15.566009803347502,42.713,42.761,40.215,42.447,42.717
ETH,spike,2023-08-17 21:40:00+00:00,106.57301176618964,1704.94,1708.09,1467.29,1470.79,1704.95
ETH,spike,2023-10-01 22:15:00+00:00,68.50956902729205,1680.72,1785.54,1680.41,1728.1,1680.73
ETH,spike,2023-12-11 02:10:00+00:00,66.2141600586785,2314.3,2314.88,2120.38,2203.49,2314.49
ETH,wick_revert,2024-03-05 19:55:00+00:00,15.60788002893961,3396.46,3398.29,3176.41,3373.87,3396.53
ETH,wick_revert,2026-01-31 18:40:00+00:00,15.118360482903627,2353.17,2359.5,2237.0,2350.43,2353.17
ETH,wick_revert,2021-11-16 01:05:00+00:00,13.046431795606514,4376.09,4378.62,4226.0,4371.36,4376.1
FIL,spike,2025-10-10 21:15:00+00:00,124.16684850035524,1.912,1.924,0.743,0.765,1.913
FIL,spike,2022-12-16 22:35:00+00:00,99.55761597427197,3.16,3.222,2.33,2.393,3.16
FIL,spike,2025-04-04 07:00:00+00:00,81.78471836560215,2.711,3.44,2.709,3.067,2.711
FIL,wick_revert,2023-08-31 17:00:00+00:00,14.424907187575648,3.187,3.191,3.087,3.176,3.188
FIL,wick_revert,2024-08-05 01:10:00+00:00,13.45915141819902,3.2,3.203,3.0,3.187,3.199
FIL,wick_revert,2021-12-04 05:25:00+00:00,13.13372485187587,35.291,35.78,32.5,35.562,35.328
GRT,spike,2025-10-10 21:15:00+00:00,132.01419463234367,0.0665,0.06707,0.03756,0.03785,0.06641
GRT,spike,2024-06-07 18:00:00+00:00,61.59996404171243,0.2821,0.2831,0.2475,0.2486,0.2822
GRT,spike,2026-01-19 00:00:00+00:00,56.48242414711867,0.04027,0.04027,0.03451,0.03832,0.04028
GRT,wick_revert,2025-10-10 21:20:00+00:00,34.43295273834059,0.03778,0.0382,0.02989,0.03759,0.03785
GRT,wick_revert,2024-08-05 01:10:00+00:00,14.210430548907388,0.1284,0.1285,0.1185,0.1274,0.1284
GRT,wick_revert,2021-11-26 08:20:00+00:00,13.642304992369814,0.91276,0.91424,0.83737,0.90321,0.91272
IOST,spike,2025-10-10 21:15:00+00:00,196.31349624833305,0.002493,0.002611,0.001485,0.001492,0.002491
IOST,spike,2025-10-10 21:20:00+00:00,87.87877852024133,0.001498,0.001525,0.00102,0.001398,0.001492
IOST,spike,2024-06-07 18:00:00+00:00,85.4492600123447,0.008472,0.00848,0.007422,0.007428,0.008475
IOST,wick_revert,2023-09-29 00:05:00+00:00,24.076832894135553,0.007685,0.007733,0.007444,0.007686,0.007683
IOST,wick_revert,2026-08-09 04:35:00+00:00,22.16000953155142,0.0006666,0.0006693,0.0006545,0.000667,0.0006659
IOST,wick_revert,2023-01-08 00:00:00+00:00,19.95488567820842,0.00724,0.00736,0.00723,0.00723,0.00723
IOST,jump,2022-12-27 15:25:00+00:00,10.365690759687965,0.00701,0.00701,0.00701,0.00701,0.00697
IOST,jump,2022-12-25 12:00:00+00:00,5.657708628005673,0.00707,0.00707,0.00707,0.00707,0.00709
IOST,jump,2022-10-22 23:30:00+00:00,5.4869095288160645,0.01102,0.01103,0.01102,0.01102,0.01106
IOTA,spike,2025-10-10 21:15:00+00:00,127.61025908802375,0.1456,0.1525,0.0857,0.0857,0.1455
IOTA,spike,2026-01-08 17:20:00+00:00,83.46039227925262,0.10553,0.13645,0.10546,0.12771,0.10557
IOTA,spike,2025-03-02 16:50:00+00:00,79.56823867607008,0.2403,0.3033,0.2393,0.2824,0.2401
IOTA,wick_revert,2021-10-20 13:05:00+00:00,16.402652063502774,1.2294,1.235,1.1791,1.2297,1.2295
IOTA,wick_revert,2024-08-05 01:10:00+00:00,16.074479323028307,0.1147,0.1152,0.1068,0.1144,0.1146
IOTA,wick_revert,2021-10-20 13:10:00+00:00,14.47868293478177,1.2303,1.2322,1.1821,1.2265,1.2297
KSM,spike,2025-10-10 21:15:00+00:00,158.27583843665545,11.85,12.25,5.45,5.46,11.86
KSM,spike,2023-06-10 04:20:00+00:00,68.07068684266733,24.04,24.05,20.53,20.53,24.06
KSM,spike,2024-04-12 18:35:00+00:00,53.37867262821938,32.94,32.94,28.38,30.98,32.96
KSM,wick_revert,2026-05-07 13:00:00+00:00,26.63568136956727,6.394,6.921,6.262,6.422,6.395
KSM,wick_revert,2023-06-10 04:25:00+00:00,19.531645940651668,20.56,21.05,19.48,20.49,20.53
KSM,wick_revert,2024-08-05 01:10:00+00:00,16.00382743079627,15.91,15.92,14.7,15.89,15.9
LINK,spike,2025-10-10 21:15:00+00:00,108.19978627040227,17.966,18.149,10.614,10.855,17.963
LINK,spike,2023-06-10 04:20:00+00:00,70.269640410804,5.72,5.724,4.945,4.965,5.719
LINK,spike,2024-01-03 12:05:00+00:00,54.26220896917656,14.464,14.528,12.02,12.102,14.467
LINK,wick_revert,2026-01-31 18:40:00+00:00,15.926675545457831,9.44,9.458,8.937,9.422,9.439
LINK,wick_revert,2023-06-30 13:40:00+00:00,11.89208340470557,6.086,6.111,5.8,6.051,6.088
LINK,wick_revert,2023-01-12 13:30:00+00:00,11.67411766918652,6.177,6.207,5.992,6.186,6.175
LTC,spike,2023-08-17 21:40:00+00:00,102.39949069607528,71.17,71.21,54.52,56.74,71.18
LTC,spike,2023-08-15 19:05:00+00:00,66.57152155490763,81.27,81.27,76.41,78.46,81.28
LTC,spike,2024-01-03 12:05:00+00:00,63.8942201957327,69.08,69.24,60.08,60.23,69.1
LTC,wick_revert,2026-01-31 18:40:00+00:00,14.035440654516503,57.32,57.42,54.87,57.27,57.33
LTC,wick_revert,2025-10-10 22:05:00+00:00,13.34723616298649,94.91,94.91,83.21,94.09,94.94
LTC,wick_revert,2023-01-12 13:30:00+00:00,13.054986652142187,83.33,83.74,80.22,83.42,83.38
MANA,spike,2025-10-10 21:15:00+00:00,95.3333931593424,0.2605,0.2693,0.1547,0.1547,0.2606
MANA,spike,2024-06-07 18:00:00+00:00,59.74213294592595,0.4617,0.4624,0.3984,0.3988,0.4616
MANA,spike,2023-08-15 19:05:00+00:00,58.63086995402794,0.3554,0.3554,0.33,0.3356,0.3554
MANA,wick_revert,2021-10-30 22:35:00+00:00,24.534729930574024,4.1635,5.0872,3.8063,4.1877,4.1646
MANA,wick_revert,2026-07-03 12:10:00+00:00,17.321725709115746,0.07608,0.07873,0.07569,0.07587,0.07609
MANA,wick_revert,2024-08-05 01:10:00+00:00,16.145400026171984,0.2421,0.2423,0.2227,0.2409,0.242
MASK,spike,2021-10-27 06:00:00+00:00,261.5144626251286,9.617,17.964,9.617,15.731,9.606
MASK,spike,2025-10-10 21:15:00+00:00,117.60317411219542,1.0,1.007,0.651,0.653,1.001
MASK,spike,2023-08-15 19:05:00+00:00,98.70915789804768,3.402,3.402,2.992,3.122,3.402
MASK,wick_revert,2021-10-27 08:40:00+00:00,32.03398384937289,13.664,14.774,13.471,13.687,13.654
MASK,wick_revert,2025-04-23 06:55:00+00:00,18.702067174787576,1.224,1.3,1.213,1.224,1.224
MASK,wick_revert,2021-10-27 06:35:00+00:00,17.238053857624372,15.272,15.885,14.793,15.327,15.268
MASK,jump,2022-12-18 18:50:00+00:00,10.98072271774839,2.455,2.455,2.353,2.414,2.563
MASK,jump,2021-04-26 16:10:00+00:00,5.175776205042783,13.069,13.197,12.616,13.19,12.601
NEAR,spike,2021-12-15 04:00:00+00:00,141.13219964316977,9.2451,18.0,9.2451,15.845,9.2436
NEAR,spike,2021-12-15 04:05:00+00:00,66.73670667886084,15.743,15.743,11.6031,11.653,15.845
NEAR,spike,2024-06-07 18:00:00+00:00,64.19035486079031,7.128,7.144,6.163,6.195,7.129
NEAR,wick_revert,2024-08-05 01:10:00+00:00,15.079687656994196,3.724,3.733,3.401,3.69,3.724
NEAR,wick_revert,2026-01-31 18:40:00+00:00,13.01070060664833,1.155,1.156,1.087,1.147,1.155
NEAR,wick_revert,2023-01-04 02:45:00+00:00,12.1296246236186,1.391,1.432,1.39,1.396,1.391
NEO,spike,2025-10-10 21:15:00+00:00,121.06805016549764,5.189,5.205,2.961,2.966,5.193
NEO,spike,2024-06-17 09:45:00+00:00,64.7844438591335,11.944,13.373,11.664,11.904,11.953
NEO,spike,2023-06-10 04:20:00+00:00,63.67567685798396,8.404,8.407,7.044,7.09,8.406
NEO,wick_revert,2024-06-17 09:45:00+00:00,54.17025762124148,11.944,13.373,11.664,11.904,11.953
NEO,wick_revert,2026-03-15 11:05:00+00:00,15.442161293057364,2.97,2.98,2.92,2.972,2.97
NEO,wick_revert,2023-06-10 04:25:00+00:00,13.454581757226219,7.084,7.386,6.796,7.123,7.09
ONT,spike,2025-10-10 21:15:00+00:00,134.3048147981427,0.1001,0.1009,0.0519,0.052,0.1002
ONT,spike,2023-08-17 21:40:00+00:00,70.9179452140062,0.1674,0.1678,0.1396,0.1418,0.1674
ONT,spike,2021-07-30 00:00:00+00:00,62.69263364721368,0.7463,0.8898,0.7463,0.8466,0.7462
ONT,wick_revert,2023-06-10 04:25:00+00:00,28.927098804756387,0.1553,0.1567,0.1423,0.1545,0.1554
ONT,wick_revert,2026-03-03 00:00:00+00:00,25.838074919891568,0.04334,0.04716,0.04318,0.0435,0.04332
ONT,wick_revert,2026-08-20 20:45:00+00:00,15.931182982272677,0.05904,0.06024,0.05709,0.05924,0.05896
ONT,jump,2022-12-18 18:50:00+00:00,6.32641197272732,0.1615,0.1622,0.1614,0.1622,0.1625
QTUM,spike,2025-07-09 20:00:00+00:00,83.27430680626134,2.091,2.376,2.09,2.283,2.09
QTUM,spike,2024-06-07 18:00:00+00:00,73.31877661802734,3.483,3.49,3.049,3.049,3.483
QTUM,spike,2023-06-10 04:20:00+00:00,65.75826562606692,2.219,2.219,1.908,1.908,2.217
QTUM,wick_revert,2023-08-14 16:15:00+00:00,31.790624510782163,2.606,2.692,2.593,2.601,2.606
QTUM,wick_revert,2026-03-15 11:30:00+00:00,20.454760371365868,0.9905,1.0145,0.9862,0.9926,0.9906
QTUM,wick_revert,2022-12-08 09:10:00+00:00,18.06314928939077,2.147,2.209,2.141,2.144,2.146
QTUM,jump,2022-12-18 18:50:00+00:00,6.816653844457528,2.026,2.033,2.025,2.033,2.043
RSR,spike,2025-10-10 21:15:00+00:00,120.18795053800032,0.004439,0.004503,0.002135,0.002155,0.00444
RSR,spike,2022-06-07 20:20:00+00:00,91.50438278929448,0.009023,0.01327,0.008994,0.011704,0.009028
RSR,spike,2024-06-07 18:00:00+00:00,68.96881167265578,0.007539,0.007579,0.006307,0.006384,0.007538
RSR,wick_revert,2024-03-05 19:55:00+00:00,13.13987905268951,0.003986,0.004021,0.003603,0.004001,0.003987
RSR,wick_revert,2024-08-05 01:10:00+00:00,13.000180835623796,0.003455,0.003456,0.003212,0.00344,0.003454
RSR,wick_revert,2025-12-28 00:15:00+00:00,12.243685061634299,0.002738,0.002794,0.002723,0.002739,0.002741
SNX,spike,2023-07-14 06:00:00+00:00,61.96650211125938,2.371,2.82,2.353,2.389,2.372
SNX,spike,2024-06-07 18:00:00+00:00,58.979658945571565,2.649,2.656,2.33,2.341,2.649
SNX,spike,2023-06-25 06:25:00+00:00,54.457814875590074,2.211,2.411,2.196,2.378,2.211
SNX,wick_revert,2024-08-05 01:10:00+00:00,16.155587004401823,1.21,1.213,1.12,1.213,1.209
SNX,wick_revert,2026-06-27 11:25:00+00:00,12.75240630112576,0.2189,0.2268,0.218,0.2191,0.2189
SNX,wick_revert,2025-02-03 01:55:00+00:00,10.50861363934079,1.075,1.098,0.988,1.078,1.077
SNX,jump,2021-04-12 09:55:00+00:00,5.195882805586978,18.654,18.654,18.518,18.639,18.896
SOL,spike,2023-01-02 07:10:00+00:00,76.63495629960826,10.016,12.142,10.013,12.0,10.013
SOL,spike,2023-07-14 00:45:00+00:00,71.29108581241908,27.051,33.0,26.895,30.514,27.057
SOL,spike,2025-10-10 21:15:00+00:00,67.31201193051177,184.87,185.4,145.8,145.88,184.91
SOL,wick_revert,2024-12-09 22:20:00+00:00,11.737257882666215,214.66,215.13,204.41,213.7,214.67
SOL,wick_revert,2025-10-10 21:25:00+00:00,11.570828712380326,171.08,175.0,164.24,172.09,171.04
SUSHI,spike,2025-10-10 21:15:00+00:00,97.58795921069013,0.5486,0.5517,0.289,0.2955,0.5483
SUSHI,spike,2023-06-10 04:20:00+00:00,71.98198294582593,0.699,0.7,0.546,0.547,0.698
SUSHI,spike,2023-08-17 21:40:00+00:00,57.49233554860711,0.6434,0.6451,0.5328,0.5405,0.6431
SUSHI,wick_revert,2026-08-19 17:10:00+00:00,21.985482113911335,0.1647,0.1694,0.164,0.165,0.1646
SUSHI,wick_revert,2024-08-05 01:10:00+00:00,15.058462394252185,0.5003,0.5019,0.4595,0.4964,0.5002
SUSHI,wick_revert,2024-02-09 15:10:00+00:00,14.48762395797609,1.1461,1.1834,1.136,1.15,1.146
THETA,spike,2025-10-10 21:15:00+00:00,158.75932874475632,0.5536,0.5618,0.2376,0.2389,0.5547
THETA,spike,2023-09-23 00:00:00+00:00,78.49424227919047,0.5999,0.6636,0.5998,0.6424,0.6
THETA,spike,2023-06-10 04:20:00+00:00,62.32236250448606,0.7,0.7,0.606,0.608,0.7
THETA,wick_revert,2023-09-23 00:10:00+00:00,22.391774443280045,0.6662,0.6855,0.6649,0.6673,0.6657
THETA,wick_revert,2023-10-09 09:50:00+00:00,13.585815990785859,0.592,0.594,0.5815,0.5922,0.5921
THETA,wick_revert,2023-01-14 09:20:00+00:00,11.603499623116154,0.89,0.894,0.853,0.891,0.889
TRB,spike,2023-12-31 20:25:00+00:00,150.39816055563173,492.06,738.0,487.85,600.34,492.1
TRB,spike,2023-10-15 01:40:00+00:00,113.3904388988741,51.554,79.41,51.513,64.813,51.547
TRB,spike,2022-06-07 21:40:00+00:00,107.07067753977223,12.74,16.51,12.74,16.01,12.75
TRB,wick_revert,2025-10-10 21:20:00+00:00,25.119669965168008,12.51,12.72,9.2,12.43,12.49
TRB,wick_revert,2023-12-29 03:25:00+00:00,21.78594502860097,215.06,250.39,210.57,213.86,215.0
TRB,wick_revert,2023-06-10 04:30:00+00:00,17.7035762962565,8.24,8.38,7.79,8.23,8.21
TRB,jump,2022-12-18 07:45:00+00:00,5.851368384372966,13.01,13.42,13.01,13.01,13.42
TRB,jump,2022-12-18 07:50:00+00:00,5.791553433294305,13.42,13.42,13.01,13.02,13.01
TRB,jump,2022-12-18 07:55:00+00:00,5.619692032236503,13.42,13.42,13.2,13.42,13.02
TRX,spike,2024-06-07 18:00:00+00:00,76.9817508711129,0.11448,0.11453,0.10916,0.10923,0.11449
TRX,spike,2023-11-10 11:15:00+00:00,73.34599217774576,0.10357,0.11385,0.10339,0.10959,0.10359
TRX,spike,2025-10-10 21:15:00+00:00,70.76111533864821,0.32041,0.322,0.30311,0.30351,0.32042
TRX,wick_revert,2023-12-16 00:15:00+00:00,30.616549179785395,0.10139,0.10424,0.10139,0.10155,0.10135
TRX,wick_revert,2024-10-29 14:55:00+00:00,25.71535972916074,0.16553,0.1685,0.1655,0.16572,0.16553
TRX,wick_revert,2024-05-07 19:30:00+00:00,20.496068721041727,0.12104,0.12346,0.12104,0.12124,0.12104
TRX,jump,2022-12-18 18:50:00+00:00,15.248221419146974,0.05359,0.05381,0.05337,0.05348,0.05508
TRX,jump,2022-12-18 08:00:00+00:00,14.685924074294315,0.05354,0.05508,0.0535,0.05508,0.05508
TRX,jump,2022-12-18 07:00:00+00:00,11.984605151186889,0.05383,0.05508,0.05366,0.05508,0.05508
UMA,spike,2025-10-10 21:15:00+00:00,164.48504485892633,0.977,0.994,0.453,0.458,0.975
UMA,spike,2024-06-07 18:00:00+00:00,83.30981930352361,3.589,3.604,3.05,3.051,3.59
UMA,spike,2025-06-06 14:50:00+00:00,73.97335313350158,1.115,1.388,1.113,1.278,1.114
UMA,wick_revert,2022-06-05 00:00:00+00:00,23.792150542114815,3.089,3.31,3.039,3.088,3.089
UMA,wick_revert,2023-10-16 14:00:00+00:00,22.337389038914562,1.717,1.772,1.706,1.715,1.718
UMA,wick_revert,2022-11-12 02:45:00+00:00,21.78569097858456,1.768,1.962,1.766,1.776,1.766
UMA,jump,2023-01-09 00:15:00+00:00,5.060088551549657,1.583,1.583,1.581,1.581,1.587
UNI,spike,2025-10-10 21:15:00+00:00,88.00413060315401,6.389,6.441,3.375,3.391,6.389
UNI,spike,2023-06-10 04:20:00+00:00,87.52612800700732,4.424,4.428,3.709,3.721,4.426
UNI,spike,2026-02-11 14:00:00+00:00,80.42018780574341,3.393,4.172,3.391,4.069,3.393
UNI,wick_revert,2025-10-10 21:20:00+00:00,32.07474562795659,3.392,3.468,2.272,3.454,3.391
UNI,wick_revert,2023-08-31 17:00:00+00:00,13.400346018708294,4.418,4.422,4.32,4.409,4.418
UNI,wick_revert,2026-01-31 18:40:00+00:00,12.527175453779536,3.759,3.764,3.584,3.756,3.759
XLM,spike,2023-07-13 18:20:00+00:00,301.5080356301227,0.15464,0.19777,0.15462,0.19028,0.15469
XLM,spike,2023-07-13 18:25:00+00:00,241.76542370341238,0.1909,0.19684,0.16224,0.17229,0.19028
XLM,spike,2025-10-10 21:15:00+00:00,134.51109062906676,0.31598,0.31758,0.18776,0.19223,0.31598
XLM,wick_revert,2025-10-10 22:05:00+00:00,20.400562871288795,0.28374,0.28426,0.26336,0.28335,0.28387
XLM,wick_revert,2023-07-14 00:05:00+00:00,16.800643546631427,0.15481,0.15524,0.1523,0.15493,0.15485
XLM,wick_revert,2023-07-13 17:45:00+00:00,12.584821624201515,0.12949,0.12978,0.12743,0.12923,0.12948
XRP,spike,2023-07-13 18:25:00+00:00,274.25961018484156,0.91042,0.95,0.80955,0.85268,0.91043
XRP,spike,2023-07-13 19:35:00+00:00,170.9088918992864,0.79245,0.88,0.79216,0.83255,0.79253
XRP,spike,2025-10-10 21:15:00+00:00,151.4281670287203,2.2903,2.3181,1.4991,1.5259,2.2902
XRP,wick_revert,2023-07-13 16:35:00+00:00,14.528241365434122,0.59916,0.601,0.59166,0.5991,0.59921
XRP,wick_revert,2026-08-22 05:10:00+00:00,14.322774366090725,1.5319,1.5501,1.371,1.5299,1.5319
XRP,wick_revert,2024-08-05 01:10:00+00:00,13.742100170823667,0.4777,0.4788,0.4491,0.4745,0.4778
XTZ,spike,2024-06-07 18:00:00+00:00,85.31742647701392,0.9176,0.9188,0.8013,0.8014,0.9177
XTZ,spike,2023-08-17 21:40:00+00:00,64.37055255785165,0.7064,0.7072,0.6128,0.6151,0.7065
XTZ,spike,2023-10-10 00:00:00+00:00,59.63903594627579,0.6481,0.709,0.6481,0.6945,0.6482
XTZ,wick_revert,2024-08-05 01:10:00+00:00,19.570198673078558,0.6079,0.609,0.5641,0.607,0.6077
XTZ,wick_revert,2026-08-29 02:45:00+00:00,17.51385593880303,0.2196,0.2245,0.2107,0.219,0.2196
XTZ,wick_revert,2023-08-31 17:00:00+00:00,13.698510636120947,0.6898,0.6899,0.6769,0.6884,0.6899
YFI,spike,2024-04-12 18:35:00+00:00,99.80849028144242,7102.0,7632.0,5980.0,6603.0,7112.0
YFI,spike,2024-06-07 18:00:00+00:00,90.62195044671215,6840.0,6852.0,5982.0,5992.0,6843.0
YFI,spike,2025-10-10 21:15:00+00:00,71.00028116456362,4647.0,4903.0,3969.0,4048.0,4644.0
YFI,wick_revert,2024-08-05 01:10:00+00:00,18.407852929704397,4770.0,4782.0,4503.0,4781.0,4769.0
YFI,wick_revert,2024-04-12 18:40:00+00:00,15.34585746458013,6572.0,6853.0,6394.0,6599.0,6603.0
YFI,wick_revert,2024-03-05 19:55:00+00:00,14.39668295477346,9018.0,9266.0,7857.0,8908.0,9018.0
YFI,jump,2022-06-01 18:05:00+00:00,6.987811862822812,7702.0,7766.0,7702.0,7766.0,7434.0
ZIL,spike,2025-10-10 21:15:00+00:00,108.1545744699829,0.00867,0.00874,0.0057,0.0057,0.00867
ZIL,spike,2023-08-15 19:05:00+00:00,94.93414771859202,0.0198,0.0198,0.0177,0.01838,0.01981
ZIL,spike,2023-06-10 04:20:00+00:00,73.35800203752378,0.01952,0.01955,0.01624,0.01625,0.01953
ZIL,wick_revert,2025-10-10 22:05:00+00:00,21.52571361568977,0.00708,0.00713,0.00645,0.00707,0.00706
ZIL,wick_revert,2023-10-09 09:50:00+00:00,10.831869816255582,0.01615,0.01621,0.01587,0.01616,0.01615
ZIL,wick_revert,2024-01-03 12:20:00+00:00,10.807861579307858,0.02276,0.023,0.02177,0.0228,0.02277
ZRX,spike,2025-10-10 21:15:00+00:00,98.3907526935293,0.2007,0.2032,0.1364,0.1369,0.2005
ZRX,spike,2023-06-10 04:20:00+00:00,72.00696845920298,0.1875,0.1875,0.1627,0.1627,0.1874
ZRX,spike,2023-08-17 21:40:00+00:00,60.48869447504072,0.1788,0.1792,0.1514,0.1526,0.1788
ZRX,wick_revert,2021-10-31 00:50:00+00:00,16.474267039587904,1.2954,1.3561,1.2793,1.298,1.2947
ZRX,wick_revert,2024-08-05 01:10:00+00:00,13.563006758956305,0.2591,0.2595,0.2406,0.2574,0.259
ZRX,wick_revert,2024-02-26 00:00:00+00:00,13.161115436165076,0.3712,0.3842,0.3676,0.3696,0.371
