tf,n,risk,gross,ctrl,fee,net,t,n_month,pos,nsym,win,zero
1h,17920,86.93933796172817,0.03231026785714283,0.005729166666666682,0.099648631505187,-0.06733836364804417,-4.514598058279809,596,2,10,0.3430245535714286,0.0032366071428571006
1h,15391,98.81182096462355,0.03560522383210963,0.006735538085028032,0.07365405164255964,-0.038048827810449985,-3.3089760079557315,595,2,10,0.34396725358976027,0.003703463062828874
1h,12483,114.47602377232248,0.03717055195065286,0.004673021976554786,0.05967628712728529,-0.022505735176632458,-2.3858554672044145,593,4,10,0.3442281502843867,0.004486101097492542
1h,9724,133.02553891482572,0.04031262854792265,0.01007815713698065,0.04950585438280362,-0.009193225834881028,-1.0300143589778796,587,6,10,0.3449197860962567,0.00555327025915257
1h,5730,176.03600758533145,0.04572425828970328,0.007446189645142504,0.03642606252795816,0.009298195761745108,-0.15649040168673756,579,6,10,0.34554973821989526,0.009075043630017373
1h,3487,221.09219464870014,0.042730140521938596,0.006930503775929602,0.028861763656218432,0.01386837686572014,0.054147098551764375,543,5,10,0.3427014625752796,0.014625752796099734
1h,22974,93.16729903301017,0.036476016366327135,0.007153013551551015,0.09306805303422863,-0.05659203666790151,-4.368515993496393,596,2,10,0.3438234525985897,0.005005658570557967
1h,20067,104.85181935602748,0.030896496735934607,0.006063022208933416,0.0702174285654524,-0.0393209318295178,-3.031359070554436,596,2,10,0.3417551203468381,0.005631135695420301
1h,16638,121.59617294429157,0.0327563409063589,0.00237408342348839,0.05709348065251469,-0.024337139746155784,-2.522078302402135,594,2,10,0.3420483231157591,0.006611371559081567
1h,13267,141.30695098970997,0.032185120976859834,0.015878998015125226,0.04730928525462158,-0.015124164277761745,-1.956835882026311,593,4,10,0.3412979573377553,0.008291248963593829
1h,8384,184.16310960287348,0.02158874045801524,-0.0001987913486004953,0.03531949581850859,-0.01373075536049334,-1.5856849262915538,586,2,10,0.33623568702290074,0.012881679389312927
1h,5353,230.4644227965274,0.02335139174294787,0.00930942150818853,0.027935910509423637,-0.004584518766475782,-1.0879319985353022,578,3,10,0.3345787408929572,0.019615169064076166
1h,27408,99.25252839904547,0.02429947460595444,0.006749854057209534,0.08838596788593887,-0.06408649327998443,-5.985787844221107,596,2,10,0.3391345592527729,0.006895796847635673
1h,24293,110.554141297692,0.02605688881570821,0.008596440675640409,0.06740315153390132,-0.041346262718193104,-3.4859335437527967,596,2,10,0.3394805087885399,0.007615362450088452
1h,20474,126.80554593293792,0.01685063983588941,0.00835205626648429,0.055248464035165416,-0.03839782419927602,-3.7608993897268923,595,1,10,0.33598710559734296,0.00888932304386046
1h,16629,148.47617786081608,0.019784713452402396,0.009391224166616549,0.04584145659476155,-0.026056743142359153,-2.712203562688705,593,2,10,0.3362799927836911,0.010944735101328934
1h,10902,192.5180663712173,0.012749954136855618,0.0027365009478383154,0.034078238563052525,-0.021328284426196942,-2.499642563873739,587,3,10,0.33204916529077233,0.016602458264538555
1h,7381,237.8592289216499,0.012464435713317993,0.0016935374610486027,0.027282220601123158,-0.014817784887805217,-1.9511465182807157,585,5,10,0.3293591654247392,0.024386939439100364
1h,34265,110.74810361774601,0.02022471910112357,0.009961574006517777,0.08055340015403512,-0.060328681052911524,-6.392405781974522,596,1,10,0.33567780534072666,0.013191303078943483
1h,30991,122.1551598810905,0.02261947016875865,-0.0008228195282501425,0.062459212258347545,-0.03983974208958885,-3.698491255595592,596,1,10,0.3360330418508599,0.01452034461617884
1h,26819,139.33739918125576,0.014504642231253953,-0.0001491479920951429,0.05156666284555103,-0.03706202061429707,-3.9449818092716153,596,2,10,0.3326373093702226,0.0165927141205861
1h,22530,159.40648852380946,0.00834442964935641,0.004823198698032269,0.04326435427284926,-0.03491992462349286,-3.92463703437606,595,3,10,0.3296049711495783,0.01952951620062134
1h,15593,208.03941519206668,0.0037196177772077037,-0.006060411723209119,0.03219603463562558,-0.028476416858417883,-3.331735662622,593,3,10,0.3252100301417303,0.028089527352016884
1h,11165,253.79091454567416,-0.005105239587998209,-0.0012091356918942921,0.025877225546033725,-0.03098246513403196,-3.2113211106615673,587,3,10,0.3185848634124496,0.039140170174652884
1h,11079,78.26622410061412,0.03592381983933565,0.014742606131720643,0.10952118638152869,-0.073597366542193,-3.143388702135338,596,1,10,0.344615940066793,0.0020759996389565364
1h,9212,90.55907936814596,0.038211029092488004,0.006223766102185571,0.07908619506629268,-0.040875165973804625,-1.917644375970102,593,1,10,0.3454190186712983,0.0019539730785931003
1h,7196,105.46067518246863,0.034463590883824315,0.009843431536038536,0.06385240827889677,-0.029388817395072434,-0.6597453069971481,585,3,10,0.3440800444691495,0.002223457476375738
1h,5341,123.69270301962368,0.04699494476689757,0.010828184484803065,0.05259414061739908,-0.005599195850501539,0.6122510992392557,580,5,10,0.34806216064407414,0.0028084628346751257
1h,2835,167.3665014629125,0.07054673721340383,0.007054673721340368,0.038060966608239995,0.03248577060516379,0.7553258283292544,529,7,10,0.35520282186948854,0.004938271604938229
1h,1521,209.90810978508244,0.047994740302432594,-0.012163050624589068,0.029972605281403084,0.018022135021029465,-0.4578529003520134,435,5,9,0.34648257725180803,0.008547008547008517
1h,16692,85.1279977176816,0.026300023963575343,0.0029055835130601514,0.10146749435952349,-0.07516747039594816,-4.907882211785724,596,1,10,0.3411814042655164,0.00275581116702607
1h,14256,97.21359085333111,0.026234567901234556,0.02197904975682749,0.07487160213180545,-0.0486370342305709,-3.5949309057855436,595,1,10,0.3410493827160494,0.003086419753086381
1h,11486,113.12863118868945,0.03465087933135988,0.008241917696906366,0.0604339752972504,-0.025783095965890516,-2.1472962173044974,593,3,10,0.3436357304544663,0.003743687967960951
1h,8856,131.80336480899226,0.027439024390243875,0.01170581150255944,0.050184542403352336,-0.02274551801310846,-1.5135929082575077,585,4,10,0.34089882565492324,0.004742547425474207
1h,5135,174.5174619840665,0.031353456669912357,-0.009931840311587121,0.03691702425582928,-0.005563567585916951,-0.9853382120537079,574,4,10,0.3411879259980526,0.007789678675754585
1h,3083,219.61129539865536,0.053194939993512776,0.009136122824089073,0.029069985768485473,0.02412495422502727,-0.35123524046633714,529,6,10,0.3467401881284463,0.012974375608173806
1h,21580,91.16947103466914,0.029101019462465207,0.00831016373185045,0.09481404743801856,-0.06571302797555331,-4.805911158737329,596,2,10,0.34161260426320667,0.004263206672845191
1h,18764,102.98150871559814,0.024035386911106366,0.01225751438925598,0.07124443706393713,-0.04720905015283077,-3.4365304010059203,596,1,10,0.33979961628650607,0.004636538051588096
1h,15452,119.53942207153007,0.016761584260937053,0.016276210199326926,0.05801129436193257,-0.0412497101009955,-3.5977444792236444,594,2,10,0.3371084649236345,0.005436189490033616
1h,12238,139.43291900931843,0.01699624121588493,0.008961159230811115,0.048027345270676224,-0.031031104054791297,-2.8000600905302906,593,2,10,0.33673802908972056,0.006782153946723268
1h,7616,182.4016644427179,0.007090336134453757,0.020133053221288482,0.03578247155101987,-0.028692135416566133,-1.7052208883832893,582,3,10,0.3320640756302521,0.01089810924369743
1h,4796,227.49233625776114,0.006463719766472056,0.0018070614400889624,0.028304995413758898,-0.021841275647286867,-1.9428653190810383,569,4,10,0.32985821517931607,0.016889074228523728
1h,29533,103.03231224211187,0.01378119391866725,0.0019695481890314535,0.0856697941769216,-0.07188860025825435,-7.730713506301811,596,1,10,0.33498120746283816,0.008837571530152662
1h,26344,114.55601001577939,0.012830245976313355,0.005371242028545391,0.0657659173274317,-0.052935671351118326,-5.147680786916583,596,1,10,0.334383540844215,0.009679623443668357
1h,22441,130.332957925962,0.0014259614099193364,0.007998752283766298,0.054213349304908676,-0.05278738789498937,-5.522187298097728,596,1,10,0.3301100663963281,0.011095762220934858
1h,18485,150.62925992248566,-0.0002163916689207404,0.003182760797042629,0.04527479004681991,-0.045491181715740674,-4.324541391572788,595,1,10,0.3288071409250744,0.013362185555856032
1h,12309,197.64217144065157,-8.081564952994884e-18,-0.0007040918569068772,0.03350965905243947,-0.033509659052439494,-3.3002547350336178,590,3,10,0.32667154114875296,0.019985376553741115
1h,8494,242.62756361366706,-0.01448080998351779,-0.01854250058865079,0.026919962348794856,-0.04140077233231265,-3.4258803101006072,583,1,10,0.31893101012479397,0.028726159642100266
1h,4783,68.67590236130229,0.033033660882291434,0.00752665690988917,0.1218091136872908,-0.08877545280499932,-1.941158147558592,589,2,10,0.3439264060213255,0.0012544428183148381
1h,3822,79.56460678149553,0.026949241234955505,-0.0006977149834292615,0.08714839094620434,-0.060199149711248866,-1.1161554649272412,579,3,10,0.3419675562532705,0.001046572475143886
1h,2794,94.85632603266005,0.03364352183249822,0.00202815557146266,0.06978755182771013,-0.03614402999521196,-0.6154178391067631,560,5,10,0.3443092340730136,0.0007158196134574006
1h,1895,112.3217926909793,0.07071240105540898,0.008619173262972733,0.05661202272816678,0.014100378327242128,0.18893209565853225,504,6,10,0.3567282321899736,0.0005277044854881266
1h,717,158.34268532288795,0.17712691771269176,0.016271501627150155,0.03919121484653848,0.13793570286615323,2.0834504964209173,307,6,7,0.39191073919107394,0.001394700139469997
1h,10153,76.73767424572621,0.02649463212843493,0.004317278965166273,0.11172762683847036,-0.08523299471003545,-4.11577224000399,596,1,10,0.3413769329262287,0.002363833349748794
1h,8371,88.90679760983078,0.02425038824513196,0.015330705212439743,0.08035400750823464,-0.056103619263102644,-3.320577870982474,592,1,10,0.34058057579739576,0.00250866085294462
1h,6491,103.34002079138017,0.01710060083192111,0.01689518820931543,0.06493547981467691,-0.0478348789827558,-1.8705250618911133,581,1,10,0.33800647049761207,0.0030811893390848546
1h,4756,122.15601617165498,0.02186711522287634,0.002067563779086079,0.05353448573753161,-0.03166737051465525,-1.079428609745379,574,3,10,0.33936080740117747,0.003784693019343941
1h,2462,164.79648669616356,0.051584077985377744,0.010763606823720516,0.03867604939289054,0.012908028592487108,-0.13431627509449173,512,6,10,0.3484971567831031,0.0060926076360682
1h,1248,209.18751266096402,0.03365384615384614,-0.0058760683760683535,0.030389181552461883,0.003264664601384193,-1.1514069248708396,377,4,8,0.34134615384615385,0.009615384615384573
1h,15564,83.43375483803408,0.018375738884605496,0.012732373854193407,0.10357859803135469,-0.08520285914674923,-5.931771084885956,596,0,10,0.33853765098946287,0.00276278591621685
1h,13196,95.35304986240723,0.011518642012731119,0.01419622107709402,0.07620262886287796,-0.06468398685014683,-4.794184454030715,595,1,10,0.3361624734768111,0.003031221582297615
1h,10532,111.5783951840766,0.013957462969996176,0.004605013292821851,0.061438903101400134,-0.04748144013140392,-4.2760822205389495,592,1,10,0.3367831371059628,0.0036080516521077963
1h,8053,130.1100744171199,0.007823171488886125,0.0026491162713688614,0.05096424198813903,-0.043141070499252906,-2.4462803433846814,581,3,10,0.33440953681857694,0.0045945610331553114
1h,4579,172.35768052783683,0.006114872242847761,-0.00400378539710273,0.03749465202660981,-0.03137977978376207,-1.9768345228817752,563,2,10,0.3328237606464294,0.007643590303559675
1h,2697,216.91863557837937,0.03522432332220983,0.012359411692003433,0.029445581168698186,0.005778742153511624,-0.6753257000887465,512,5,10,0.3407489803485354,0.012977382276603581
1h,24433,95.11518280350593,0.024311382147096113,0.0106208815945647,0.09126545767594828,-0.06695407552885212,-6.7856877301237555,596,1,10,0.3397863545205255,0.004952318585519563
1h,21478,106.55847239950434,0.019787689729025018,0.018235714064003417,0.06942385887544232,-0.04963616914641729,-4.54547480172139,596,1,10,0.33811341838159975,0.005447434584225654
1h,17920,122.18807883750249,0.011216517857142828,0.015820312499999985,0.05683463440616159,-0.045618116549018733,-4.367245647408078,595,1,10,0.33498883928571427,0.006249999999999946
1h,14335,144.06195188633723,0.011301011510289513,0.005069178002557839,0.047062167155347986,-0.035761155645058516,-4.266729004123936,592,2,10,0.3344959888385072,0.007813044994768004
1h,9132,187.90140524614432,0.0010950503723170977,-0.00047452182800407524,0.03491532188552624,-0.03382027151320917,-3.2223206019001696,581,4,10,0.3296101620674551,0.012264564169951774
1h,6032,231.68760483157936,0.0089522546419098,0.0018512378426171346,0.027878182565103153,-0.018925927923193395,-2.2013706964647146,574,4,10,0.3302387267904509,0.018236074270557002
1h,4192,66.24052920976142,0.01932251908396946,-0.005128816793893094,0.12491798766556096,-0.1055954685815915,-3.0948896857095,587,0,10,0.3392175572519084,0.0016698473282442633
1h,3323,77.75730486293838,0.020162503761661142,0.033955261310061186,0.08881922770599206,-0.06865672394433091,-2.3949018370988764,573,1,10,0.33945230213662353,0.001805597351790526
1h,2372,92.63096851942348,0.0037942664418212403,-0.008993816750983688,0.07131889956922374,-0.06752463312740255,-1.5167463475316736,543,3,10,0.33389544688026984,0.002107925801011792
1h,1527,111.38652822398446,0.045841519318926,0.0020737830168085776,0.05759652485274058,-0.011755005533814644,-0.031537609397540245,463,4,9,0.3477406679764244,0.002619515389652899
1h,514,159.40407814190988,0.09922178988326849,0.00226977950713359,0.0401901353927588,0.059031654490509594,0.38806809347056415,241,4,6,0.3657587548638132,0.0019455252918287932
1h,9250,74.91877503388471,0.018918918918918882,0.016180180180180144,0.11444795446386888,-0.09552903554494994,-5.03872371355029,596,1,10,0.3389189189189189,0.0021621621621621297
1h,7580,87.21848820967405,0.020844327176780957,0.005980650835532107,0.081762731185333,-0.060918404008552016,-4.091758277654333,592,0,10,0.3395778364116095,0.0021108179419524805
1h,5822,101.41117753027933,0.01751975266231533,0.01614565441429061,0.06589508294243733,-0.04837533028012195,-2.961332170006405,578,1,10,0.3383716935760907,0.0024046719340432513
1h,4211,119.67149547068733,0.004986938969365935,-0.00047494656851105357,0.05459773624685868,-0.049610797277492784,-2.646350667304446,561,3,10,0.3341249109475184,0.0026122061268107006
1h,2106,162.48248519101236,0.03418803418803415,-0.0026907249129471196,0.03940852862110099,-0.0052204944330668576,-1.513394807617641,492,6,10,0.3433048433048433,0.004273504273504238
1h,1034,207.70858704217616,0.02998065764023208,0.01531270148291424,0.030895398532874666,-0.0009147408926426162,-1.7159939938383635,351,5,8,0.3413926499032882,0.005802707930367486
1h,18989,87.29003542590102,0.012217599662962757,0.006767075675390978,0.09894367100956696,-0.0867260713466042,-7.379767322959231,596,1,10,0.3363526252040655,0.0031597240507661903
1h,16333,99.35481503002052,0.007408314455397044,0.003673544358048111,0.07370195108025,-0.06629363662485296,-6.265093556295474,595,1,10,0.33465989101818405,0.0034286414008448786
1h,13267,115.79426021255435,0.0017336247832968935,0.004710936911132883,0.05983423964116526,-0.05810061485786839,-5.236921151394997,594,1,10,0.33262983342127084,0.003844124519484403
1h,10333,135.588882185282,0.010064840801316144,0.011693925610503546,0.04931822625419356,-0.039253385452877404,-3.7284191625025103,590,1,10,0.3351398432207491,0.004645311139068938
1h,6228,176.66694321612687,-0.0030507385998715564,-0.001605651894669231,0.03677825328167031,-0.039828991881541896,-2.0769040919432236,568,3,10,0.329800899165061,0.007546563904945369
1h,3762,222.14053835661846,-0.002126528442317901,0.004784688995215301,0.0290084041247028,-0.031134932567020764,-1.5165857483512073,542,4,10,0.32854864433811803,0.012227538543327964
4h,9259,118.7387724017396,0.0664218598120747,0.0038701083630341476,0.07551668781890529,-0.009094828006830615,0.8536943193315448,596,4,10,0.35154984339561507,0.011772329625229457
4h,8513,128.58560015873024,0.06754375660754136,0.0008418497200360256,0.06035534033933532,0.007188416268206044,1.6246136710996175,596,4,10,0.3516974039703982,0.012451544696346697
4h,7450,144.37554204341947,0.07154362416107381,-0.00836689038031321,0.050012020939983776,0.02153160322108998,1.8376140144220583,596,5,10,0.35248322147651007,0.014093959731543567
4h,6336,163.71142809453977,0.07023358585858583,-0.007444234006733982,0.04225113605583942,0.027982449802746365,1.5987851828620852,595,5,10,0.35132575757575757,0.0162563131313131
4h,4534,202.15534445563566,0.06263784737538595,-0.016063814144978643,0.03239620083617349,0.030241646539212425,0.22645665266907306,578,5,10,0.34693427437141594,0.021835024261138022
4h,3216,249.86143408213198,0.07524875621890546,-0.025445688225538922,0.02600852421607594,0.049240232002829495,0.550399796429916,550,5,10,0.3485696517412935,0.029539800995024835
4h,10388,134.15743185490038,0.06469002695417786,0.011455525606469003,0.06854661549338821,-0.0038565885392103554,0.8524617984780607,596,4,10,0.34790142472083174,0.02098575279168267
4h,9683,144.32885535143373,0.06836724155736856,0.006902130882302277,0.055541557636559165,0.01282568392080938,1.4814762194400148,596,5,10,0.3486522771868223,0.022410409996901744
4h,8666,159.67155778250844,0.06658204477267479,-0.012097084391106962,0.04668583307538095,0.019896211697293848,1.615692687622468,596,5,10,0.3472190168474498,0.024924994230325372
4h,7573,179.1266421157929,0.06708041727188695,0.003323209648311972,0.039751527256401714,0.0273288900154852,1.583159964070979,595,6,10,0.34623002773009376,0.028390334081605666
4h,5662,221.74165493398888,0.05863652419639704,-0.004562580949016831,0.030455670140697007,0.02818085405569998,0.9595277268410211,591,6,10,0.34033910279053337,0.03761921582479686
4h,4303,261.97769338784195,0.05507785266093422,-0.018552947555968664,0.024998550078691773,0.030079302582242413,-0.0949322512964255,573,5,10,0.3358122240297467,0.047641180571694135
4h,11282,149.8987298042538,0.03811380960822549,0.0026147846126572984,0.06397392660125248,-0.02586011699302703,-0.2204216142146468,596,6,10,0.3361106186846304,0.029781953554334287
4h,10576,160.3039688818136,0.03782148260211796,0.00040973272818959646,0.05182611436662216,-0.014004631764504227,0.027902825069837194,596,6,10,0.3353819969742814,0.031675491679273776
4h,9658,174.0028558854125,0.03986332574031889,-0.0041934147856698975,0.04415287053293716,-0.004289544792618309,0.6736063356458385,596,5,10,0.33516255953613583,0.03437564713191132
4h,8567,193.7719577385521,0.02661375043772614,-0.013015057779852924,0.03792792288967244,-0.011314172451946344,-0.23368100827736085,596,6,10,0.3292867981790592,0.038753355900548576
4h,6590,239.47776513169913,0.028831562974203338,-0.017931208902377312,0.028924471935947577,-9.290896174427446e-05,-0.11739101883863419,595,5,10,0.3262518968133536,0.05007587253414259
4h,5191,280.604074932646,0.011751107686380251,-0.013645411930906046,0.023947739674456334,-0.012196631988076084,-1.2464350180907042,585,3,10,0.3163167019842034,0.06280100173376992
4h,12477,178.60694104843284,0.018033181053137767,-0.013518206833907682,0.0559344374607795,-0.03790125640764177,-1.2290779655291235,596,2,10,0.32131121263124146,0.054099543159413274
4h,11837,189.86475207733758,0.014361747064289939,-0.016389287826307306,0.04634292731376658,-0.03198118024947668,-1.0422418700705602,596,2,10,0.3191687082875729,0.05685562220157129
4h,11003,204.86903099575758,0.013450877033536283,-0.0035444878669453773,0.039757629246317795,-0.026306752212781528,-1.0016468248495558,596,4,10,0.317458874852313,0.06107425247659725
4h,10042,224.33007280251292,0.012547301334395524,-0.00799973444864899,0.03446674722381708,-0.021919445889421577,-0.6268382757969848,596,3,10,0.3152758414658435,0.06671977693686512
4h,8142,271.44519711681664,0.008106116433308766,-0.021350200605911716,0.02677476784569006,-0.018668651412381318,-1.0122197844437029,596,4,10,0.30864652419552935,0.08216654384672065
4h,6646,317.5506551634033,0.007523322299127277,-0.022770588825358557,0.022004212678612273,-0.014480890379485025,-0.7691709323611924,595,5,10,0.30258802287089975,0.09975925368642788
4h,7243,100.77759616575844,0.06944636200469416,0.015854388144875487,0.08620853807554861,-0.016762176070854454,0.458139326038717,596,3,10,0.3545492199364904,0.005798702195222921
4h,6485,110.98715677510374,0.07663839629915188,0.009663325623233084,0.06681351223372732,0.00982488406542456,1.3801129225263342,596,4,10,0.3568234387047032,0.006168080185042355
4h,5485,126.66023595669557,0.07347310847766635,0.007323002127013054,0.054960281502105815,0.0185128269755605,0.9220856343939836,595,5,10,0.35551504102096626,0.0069279854147675
4h,4512,142.5463833624635,0.06870567375886523,0.004506501182033094,0.0464451381027204,0.022260535656144793,0.5269361104210699,579,5,10,0.3537234042553192,0.007535460992907764
4h,2900,187.26008461636002,0.09379310344827582,-0.008160919540229895,0.03445067307916593,0.05934243036910989,1.4990044212823814,544,6,10,0.3610344827586207,0.010689655172413751
4h,1861,232.00383313397353,0.0644814615797958,0.0035823034210997555,0.02747912325416402,0.037002338325631726,0.10292918812695279,490,6,10,0.3492745835572273,0.0166577109081139
4h,8845,116.74847051149258,0.06704352741661951,-0.010853589598643285,0.0765123947879272,-0.00946886737130769,0.7817069669790232,596,4,10,0.3516110797060486,0.012210288298473676
4h,8110,126.57900168865375,0.06646115906288529,0.011097410604192321,0.061108551704191,0.005352607358694257,1.6080019506053274,596,5,10,0.3511713933415536,0.012946979038224364
4h,7075,142.23249903711198,0.06939929328621906,0.0015547703180211893,0.050642668347702424,0.018756624938516618,1.8967906794477618,596,5,10,0.3515194346289753,0.01484098939929324
4h,5986,161.5932191300234,0.07317073170731705,-0.0010023387905111964,0.042621019883744414,0.0305497118235726,2.1692520257506196,595,6,10,0.35198797193451387,0.017206815903775437
4h,4248,199.25707354889593,0.05979284369114878,-0.0033349026993094734,0.03268686408260723,0.027105979608541466,0.08716551732653978,572,7,10,0.3455743879472693,0.023069679849340812
4h,2985,246.6541985767044,0.07973199329983248,-0.0002791736460078111,0.02614308907679691,0.05358890422303547,0.9985245160277124,544,6,10,0.3494137353433836,0.0314907872696817
4h,9953,131.9535141077739,0.04842760976589969,0.005911115576543081,0.06962916675392561,-0.021201556988025897,-0.21832390147659905,596,4,10,0.34281121269968856,0.019993971666834084
4h,9263,141.6581918587889,0.05063154485587819,-0.0027528878333153606,0.05642338409451125,-0.00579183923863308,0.3281527792279581,596,5,10,0.34308539350102557,0.02137536435280142
4h,8264,156.72092439189913,0.04465150048402709,0.005082284607937995,0.04745379625340433,-0.002802295769377256,0.5602362547812827,596,5,10,0.34027105517909,0.02383833494675699
4h,7192,177.2265478610292,0.047969966629588426,-0.003985910270671098,0.0402912340073044,0.007678732622284007,0.9645753942827356,595,6,10,0.34023915461624027,0.027252502780867584
4h,5344,218.68509690694208,0.04622005988023951,-0.0018088822355289344,0.030797069722391806,0.01542299015784764,0.5251852429153155,587,6,10,0.33663922155688625,0.036302395209580784
4h,4023,258.91230254144006,0.03206562266964947,-0.006669980942911598,0.025301289040868737,0.006764333628780724,-0.957864295525352,566,6,10,0.32861048968431517,0.04623415361670392
4h,11485,160.68481984583394,0.020548541575968634,0.004687273254970249,0.06077573673400205,-0.04022719515803342,-1.3171211903076672,596,2,10,0.326512842838485,0.041010013060513675
4h,10817,171.35484868857782,0.018951650180271763,-0.009522048627160936,0.04956391036789863,-0.030612260187626833,-0.9538765069335673,596,2,10,0.325228806508274,0.04326523065544971
4h,9983,186.22423321726382,0.016928778924171075,0.0033557046979865593,0.042548993299735174,-0.025620214375564117,-0.7607629847892605,596,3,10,0.3234498647701092,0.046579184613843506
4h,8944,206.15101960570072,0.015876565295169932,-0.013155933214072733,0.03644251132939411,-0.020565946034224184,-0.2758569580714767,596,3,10,0.32133273703041143,0.051878354203935564
4h,7093,250.1352279587417,0.014803327224023657,-0.010620799849616964,0.02821224128516509,-0.013408914061141463,-0.43730843995823826,595,5,10,0.3166502185253066,0.06485267164810372
4h,5643,295.84501791206776,0.0038986354775828185,-0.026168113887412085,0.023127046037162657,-0.01922841055957985,-1.1812620629971209,591,6,10,0.30763778132199177,0.08098529151160726
4h,4481,84.03344186928294,0.060923900914974335,0.012311240050583958,0.09937302087639499,-0.038449119961420704,-0.199989526083743,594,4,10,0.35259986610131666,0.003124302611024301
4h,3871,94.1629726175122,0.0635494704210798,0.012529062257814505,0.07498375928447389,-0.011434288863394116,-0.36014821630107496,590,4,10,0.35339705502454144,0.0033583053474554297
4h,3169,108.0098484657693,0.06942253076680338,0.018617860523824522,0.06194710552140032,0.007475425245403045,-0.7718883161787983,568,5,10,0.35531713474282106,0.003471126538340137
4h,2401,129.369518103435,0.08496459808413159,0.01207830070803832,0.05112231163358286,0.03384228645054872,0.5624921194696125,537,5,10,0.360683048729696,0.002915451895043718
4h,1288,173.62083029785214,0.1180124223602484,-0.004270186335403729,0.03698365914682654,0.08102876321342187,0.7381539920292047,432,6,9,0.37111801242236025,0.004658385093167697
4h,663,219.1873643173084,0.1251885369532428,0.01809954751131222,0.029056094843203772,0.096132442110039,1.6360161333990786,294,6,7,0.37254901960784315,0.007541478129713414
4h,6858,99.0785851535155,0.05628463108778068,0.014800233304170284,0.08801371940465877,-0.031729088316878123,-0.6215886352317113,595,4,10,0.34981044036162146,0.006853310002916249
4h,6111,109.53946651178168,0.061037473408607386,-0.005481917853051868,0.06790078262848423,-0.006863309219876826,-0.08619935213739804,594,5,10,0.35117002127311403,0.007527409589265215
4h,5147,125.16918755602245,0.058869244219933906,0.01722686354510717,0.055818110659817725,0.003051133560116146,-0.2536382459161816,591,5,10,0.3501068583640956,0.008548669127647148
4h,4211,141.209060137711,0.06506767988601277,0.008509459352489498,0.046958044533322106,0.018109635352690664,-0.22765875514056647,573,7,10,0.351697933982427,0.009973877938731838
4h,2681,185.66196323025724,0.09735173442745242,0.007584234738281726,0.03477063245747615,0.06258110196997621,1.4497165964994398,538,9,10,0.36105930622901905,0.014173815740395324
4h,1698,232.15693437213278,0.0906949352179034,-0.009619159795838234,0.027463574427962715,0.06323136078994064,1.068286977181839,478,8,10,0.35630153121319197,0.0217903415783274
4h,8416,114.11693369684762,0.04859790874524714,0.015862642585551305,0.07780676670632299,-0.02920885796107588,-0.5935779451640334,595,5,10,0.3457699619771863,0.011288022813688155
4h,7692,123.97158763484651,0.04381175247009879,0.00045501820072804114,0.06203241381886006,-0.0182206613487613,0.14577097948363618,595,5,10,0.34386375455018203,0.01222048881955273
4h,6679,140.58139223228986,0.03817936816888753,0.012102610171183291,0.05148231530213925,-0.013302947133251763,-0.2397312388900624,594,5,10,0.34136846833358286,0.014073963168138907
4h,5625,159.0200756289508,0.03448888888888886,0.015229629629629577,0.043421324027357384,-0.008932435138468543,-0.5112533514101234,591,6,10,0.3393777777777778,0.01635555555555552
4h,3957,197.51896675704225,0.025524387161991388,0.0019374947350686354,0.033228056310582406,-0.007703669148591073,-1.609762225377027,568,7,10,0.33434420015163,0.022491786707101297
4h,2759,244.9727354027244,0.05509242479159115,0.012987797511175526,0.026521687507939377,0.028570737283651722,0.32945147082609255,538,5,10,0.34142805364262413,0.030808263863718703
4h,10393,142.47029566235625,0.02819205234292311,0.002998813303826304,0.06623427190722031,-0.03804221956429724,-1.1143868617168484,595,3,10,0.33291638602905804,0.029442894255749034
4h,9699,153.039790592999,0.024332405402618815,-0.0053098257552325005,0.05348993064323014,-0.02915752524061135,-1.1121870134253469,595,3,10,0.33096195484070523,0.031446540880503096
4h,8809,167.11953003050442,0.026109660574412507,-0.004143489612895886,0.04543823910964995,-0.01932857853523747,-0.3848714820036865,595,4,10,0.33057100692473607,0.034396639800204284
4h,7763,187.1471003619827,0.013268066469148528,-0.010133539439220211,0.03896194653183968,-0.025693880062691198,-1.1379368360525153,594,4,10,0.32474558804585857,0.0390313023315728
4h,5876,233.0227223589105,0.013955071477195347,-0.014550714771953698,0.029596656853544612,-0.015641585376349295,-0.8159177954507012,591,6,10,0.3209666439754935,0.05105513955071473
4h,4569,275.06654957351685,0.005252790544977002,-0.028051360618661963,0.02435457395654469,-0.019101783411567715,-1.7846446757038739,573,4,10,0.3134165025169621,0.06500328299409057
4h,1321,66.65502939292966,0.13398940196820588,-0.02901842038859449,0.12291423281870265,0.011075169149503199,0.8709781211555537,503,6,10,0.37698713096139286,0.003028009084027238
4h,1027,79.1491429900924,0.14021421616358326,0.02109704641350209,0.08716227847115363,0.05305193769242954,0.9833384669247608,450,7,10,0.379746835443038,0.0009737098344693217
4h,665,93.50897780746692,0.20601503759398496,-0.009523809523809547,0.06863567875367974,0.13737935884030514,1.9221186538258528,341,6,8,0.40150375939849625,0.0015037593984962346
4h,4222,82.8845554599634,0.09189957366177165,0.009118900994789191,0.1003981042367077,-0.00849853057493608,0.8432834894067925,590,5,10,0.36262434864992893,0.004026527711984807
4h,3626,93.15726240435241,0.09128516271373413,-0.007262364405221526,0.07536109647626668,0.01592406623746739,1.1838870416846445,585,6,10,0.36238279095421955,0.004136789851075527
4h,2949,106.8869345535097,0.10512037978975922,-0.0009042613315247963,0.06194353885618209,0.04317684093357711,0.8146026420110813,560,6,10,0.3669040352661919,0.004408273991183425
4h,2215,128.38912874256644,0.11828442437923248,0.021896162528216693,0.0509927231467761,0.06729170123245631,1.9751998771447135,525,8,10,0.37155756207674945,0.0036117381489841707
4h,1170,172.03693968132973,0.1393162393162393,-0.006410256410256424,0.036982781614113544,0.10233345770212568,1.3629860371323985,422,7,9,0.37777777777777777,0.005982905982905968
4h,606,217.20451929873536,0.19141914191419143,-0.01017601760176016,0.028944196040139782,0.16247494587405156,2.09240412677261,290,7,7,0.3943894389438944,0.00825082508250824
4h,6519,97.49078592430676,0.05997852431354499,0.000306795520785405,0.0892427748090663,-0.0292642504955213,-0.39115043714552794,593,3,10,0.35143426905967173,0.005675717134529799
4h,5785,108.26378154436188,0.06482281763180639,0.014059348890809557,0.06849072198928417,-0.0036679043574777918,0.707825501110279,592,3,10,0.35280898876404493,0.006395851339671525
4h,4855,123.92536423361994,0.0634397528321318,0.0012358393408856859,0.05626632542664661,0.0071734274054851745,0.5721138449553195,587,5,10,0.35200823892893923,0.007415036045314077
4h,3947,140.42151423339902,0.06359260197618442,0.007136221602905156,0.047325459386617225,0.01626714258956717,0.14757450943235634,568,5,10,0.3516594882189004,0.0086141373194831
4h,2490,184.12463626009233,0.09678714859437748,0.010307898259705512,0.03503294104117676,0.06175420755320068,1.9301630009249886,528,6,10,0.3614457831325301,0.012449799196787105
4h,1521,231.5064645424135,0.0979618671926364,0.005040543502081946,0.027659081060631953,0.07030278613200443,1.3237846921376757,445,4,9,0.3596318211702827,0.01906640368178825
4h,9141,126.95855634409028,0.04244612186850451,-0.002169711555993129,0.07190696521213999,-0.029460843343635433,-0.5719614829834727,594,3,10,0.3408817416037633,0.019800897057214693
4h,8458,136.65362506931518,0.03889808465358238,0.0017931741152360711,0.05805862847363118,-0.019160543820048812,-0.09387610179807179,594,4,10,0.33920548593048,0.02128162686214231
4h,7496,151.6025337735581,0.03495197438633938,0.0037797936677338795,0.048681443405953546,-0.013729469019614218,0.3344392315341338,593,4,10,0.33697972251867664,0.02401280683030945
4h,6454,172.27153298108527,0.027114967462039036,0.0034603863237268667,0.041325042271648973,-0.014210074809609969,-0.19773272544896398,592,5,10,0.33312674310505114,0.027734738146885613
4h,4725,214.66019301112456,0.034497354497354485,-0.01132275132275131,0.03141532758856288,0.0030820269087915527,-0.23163256548699165,575,6,10,0.3322751322751322,0.03767195767195762
4h,3492,255.34612287570653,0.01689576174112256,-0.015750286368843076,0.025693820157756602,-0.008798058416634117,-0.7993953315649617,557,5,10,0.32245131729667814,0.04954180985108817
