symbol,rows,start,end,gaps,max_gap,dupes,bad_ohlc,off_grid,nonpos,zero_vol,zero_vol_run,flat_pct,flat_run,spike,wick_revert,jump,max_range_atr,px_first,px_last,med_quote_vol,man_ok
1INCH,576489,2021-04-02 00:00:00+00:00,2026-09-24 16:40:00+00:00,0,0,0,0,0,0,542,146,0.30772486552215217,146,105,10,1,343.5583635001383,4.455,0.10139,10974.418,True
AAVE,576474,2021-04-02 00:00:00+00:00,2026-09-24 15:25:00+00:00,0,0,0,0,0,0,287,124,0.06244860999802246,124,55,6,0,142.9879535809403,382.4,142.64,83288.7828,True
ADA,576473,2021-04-02 00:00:00+00:00,2026-09-24 15:20:00+00:00,0,0,0,0,0,0,264,124,0.05325487923979093,124,90,9,1,160.65466433633216,1.18336,0.2485,152440.521,True
ALGO,576480,2021-04-02 00:00:00+00:00,2026-09-24 15:55:00+00:00,0,0,0,0,0,0,304,125,0.3660144324174299,125,50,7,0,97.95165188738432,1.3215,0.11177,16822.39,True
ATOM,576479,2021-04-02 00:00:00+00:00,2026-09-24 15:50:00+00:00,0,0,0,0,0,0,367,123,0.34901531538876523,123,43,5,0,185.30851073436855,19.494,1.79,40523.56,True
AVAX,576475,2021-04-02 00:00:00+00:00,2026-09-24 15:30:00+00:00,0,0,0,0,0,0,363,124,0.4721800598464808,124,62,4,0,184.1208444592908,28.32,10.343,101432.24519999999,True
BAND,576499,2021-04-02 00:00:00+00:00,2026-09-24 17:30:00+00:00,0,0,0,0,0,0,2723,127,2.1129264751543366,127,123,14,0,94.02789915860797,16.36,0.2193,4508.736,True
BAT,576492,2021-04-02 00:00:00+00:00,2026-09-24 16:55:00+00:00,0,0,0,0,0,0,2772,148,2.2768746140449476,148,63,8,6,86.42381197086941,1.1531,0.09198,4614.9965,True
BCH,576471,2021-04-02 00:00:00+00:00,2026-09-24 15:10:00+00:00,0,0,0,0,0,0,276,125,0.08898973235427281,125,75,10,0,79.37793115971992,554.68,335.3,108403.471,True
BTC,576465,2021-04-02 00:00:00+00:00,2026-09-24 14:40:00+00:00,0,0,0,0,0,0,231,122,0.04093917236952807,122,90,10,0,103.78625184284112,58704.7,84371.6,9439737.450000001,True
CFX,576482,2021-04-02 00:00:00+00:00,2026-09-24 16:05:00+00:00,0,0,0,0,0,0,776,151,0.41250203822495757,151,156,20,0,111.41443916011374,1.0236,0.05373,23287.64215,True
CHZ,576483,2021-04-02 00:00:00+00:00,2026-09-24 16:10:00+00:00,0,0,0,0,0,0,270,124,0.12558913272377503,124,83,9,0,142.07271142118182,0.4896,0.01649,19977.8496,True
COMP,576480,2021-04-02 00:00:00+00:00,2026-09-24 15:55:00+00:00,0,0,0,0,0,0,1415,144,0.9601373855120733,144,88,17,0,216.65989332155326,452.17,23.86,15750.019,True
CRV,576478,2021-04-02 00:00:00+00:00,2026-09-24 15:45:00+00:00,0,0,0,0,0,0,331,124,0.35023019091795354,131,60,6,0,122.47278731897588,3.319,0.3501,85452.6405,True
DOGE,576468,2021-04-02 00:00:00+00:00,2026-09-24 14:55:00+00:00,0,0,0,0,0,0,252,124,0.04961246764781393,124,122,13,0,120.41679856244917,0.06126,0.0942,752332.7104,True
DOT,576477,2021-04-02 00:00:00+00:00,2026-09-24 15:40:00+00:00,0,0,0,0,0,0,252,124,0.06973391826560296,124,53,3,0,158.9154725640472,37.526,1.1662,102665.448,True
EGLD,576484,2021-04-02 00:00:00+00:00,2026-09-24 16:15:00+00:00,0,0,0,0,0,0,596,148,0.5200491253876951,148,100,13,0,142.49495626367298,151.75,4.445,8650.6915,True
ETC,576473,2021-04-02 00:00:00+00:00,2026-09-24 15:20:00+00:00,0,0,0,0,0,0,288,124,0.15230548525256168,124,72,13,0,105.50154625805189,14.34,10.156,86493.33,True
ETH,576466,2021-04-02 00:00:00+00:00,2026-09-24 14:45:00+00:00,0,0,0,0,0,0,229,122,0.04076563058359036,122,91,10,0,106.57301176618964,1958.01,2661.42,11244413.0685,True
FIL,576472,2021-04-02 00:00:00+00:00,2026-09-24 15:15:00+00:00,0,0,0,0,0,0,242,123,0.045101930362619516,123,87,10,0,124.16684850035524,184.5,0.9913,139867.6104,True
GRT,576488,2021-04-02 00:00:00+00:00,2026-09-24 16:35:00+00:00,0,0,0,0,0,0,1516,148,1.4666393749739803,148,50,4,0,132.01419463234367,1.776,0.02631,13025.006949999999,True
IOST,576483,2021-04-02 00:00:00+00:00,2026-09-24 16:10:00+00:00,0,0,0,0,0,0,8283,152,6.48917661058522,152,137,19,6,196.31349624833305,0.054569,0.0009122,4162.32,True
IOTA,576487,2021-04-02 00:00:00+00:00,2026-09-24 16:30:00+00:00,0,0,0,0,0,0,850,128,1.2551887553405368,128,83,17,0,127.61025908802375,1.5651,0.04862,6627.664,True
KSM,576495,2021-04-02 00:00:00+00:00,2026-09-24 17:10:00+00:00,0,0,0,0,0,0,861,128,0.7087659043009913,128,82,12,0,158.27583843665545,455.92,4.595,8522.559,True
LINK,576475,2021-04-02 00:00:00+00:00,2026-09-24 15:30:00+00:00,0,0,0,0,0,0,257,124,0.04718331237260939,124,42,6,0,108.19978627040227,29.968,12.638,134999.55000000002,True
LTC,576470,2021-04-02 00:00:00+00:00,2026-09-24 15:05:00+00:00,0,0,0,0,0,0,256,122,0.058285773760993635,122,70,7,0,102.39949069607528,202.05,72.43,208781.5,True
MANA,576486,2021-04-02 00:00:00+00:00,2026-09-24 16:25:00+00:00,0,0,0,0,0,0,648,125,0.3795408734990962,125,47,5,0,95.3333931593424,1.0132,0.08843,12055.616999999998,True
MASK,576494,2021-04-02 00:00:00+00:00,2026-09-24 17:05:00+00:00,0,0,0,0,0,0,995,123,0.8407719768115539,123,102,11,2,261.5144626251286,24.517,0.4708,20095.851000000002,True
NEAR,576469,2021-04-02 00:00:00+00:00,2026-09-24 15:00:00+00:00,0,0,0,0,0,0,290,129,0.19046991251914674,129,42,5,0,141.13219964316977,5.9645,4.51,68930.784,True
NEO,576491,2021-04-02 00:00:00+00:00,2026-09-24 16:50:00+00:00,0,0,0,0,0,0,1857,146,1.1561325328582754,146,63,12,0,121.06805016549764,52.14,2.625,10540.352,True
ONT,576493,2021-04-02 00:00:00+00:00,2026-09-24 17:00:00+00:00,0,0,0,0,0,0,1080,130,1.370875275155119,130,118,26,1,134.3048147981427,1.7177,0.05771,6095.348199999999,True
QTUM,576496,2021-04-02 00:00:00+00:00,2026-09-24 17:15:00+00:00,0,0,0,0,0,0,2288,144,1.5889095501096278,144,108,17,1,83.27430680626134,10.08,1.0086,5603.6925,True
RSR,576497,2021-04-02 00:00:00+00:00,2026-09-24 17:20:00+00:00,0,0,0,0,0,0,1797,150,2.7439865255153104,150,50,3,0,120.18795053800032,0.08793,0.001778,8056.1901,True
SNX,576486,2021-04-02 00:00:00+00:00,2026-09-24 16:25:00+00:00,0,0,0,0,0,0,1585,124,0.9698414185253414,124,40,4,1,61.96650211125938,19.119,0.2526,11575.766,True
SOL,576467,2021-04-02 00:00:00+00:00,2026-09-24 14:50:00+00:00,0,0,0,0,0,0,252,124,0.07268412589098769,124,60,2,0,76.63495629960826,19.056,114.8,1145446.35,True
SUSHI,576485,2021-04-02 00:00:00+00:00,2026-09-24 16:20:00+00:00,0,0,0,0,0,0,563,124,0.5537004432032057,124,64,9,0,97.58795921069013,14.816,0.2622,24509.627999999997,True
THETA,576490,2021-04-02 00:00:00+00:00,2026-09-24 16:45:00+00:00,0,0,0,0,0,0,1820,146,2.338635535742164,146,52,6,0,158.75932874475632,11.4891,0.2236,11437.66845,True
TRB,576481,2021-04-02 00:00:00+00:00,2026-09-24 16:00:00+00:00,0,0,0,0,0,0,1071,122,1.4168723687337483,122,167,17,3,150.39816055563173,74.62,20.45,18068.036000000004,True
TRX,576478,2021-04-02 00:00:00+00:00,2026-09-24 15:45:00+00:00,0,0,0,0,0,0,615,125,0.5667172034318743,125,118,38,10,76.9817508711129,0.08532,0.3395,40941.023799999995,True
UMA,576498,2021-04-02 00:00:00+00:00,2026-09-24 17:25:00+00:00,0,0,0,0,0,0,5072,122,2.921952894892957,122,272,65,1,164.48504485892633,24.12,0.4088,3900.7101999999995,True
UNI,576470,2021-04-02 00:00:00+00:00,2026-09-24 15:05:00+00:00,0,0,0,0,0,0,273,124,0.06453067809252867,124,62,7,0,88.00413060315401,28.688,9.128,83024.154,True
XLM,576476,2021-04-02 00:00:00+00:00,2026-09-24 15:35:00+00:00,0,0,0,0,0,0,418,129,0.7483399135436688,129,104,6,0,301.5080356301227,0.43094,0.20918,22899.257149999998,True
XRP,576467,2021-04-02 00:00:00+00:00,2026-09-24 14:50:00+00:00,0,0,0,0,0,0,268,126,0.04943908324327325,126,198,19,0,274.25961018484156,0.5696,1.4994,326480.799,True
XTZ,576494,2021-04-02 00:00:00+00:00,2026-09-24 17:05:00+00:00,0,0,0,0,0,0,1065,129,1.5743442256120617,129,58,8,0,85.31742647701392,5.099,0.3292,9447.4258,True
YFI,576491,2021-04-02 00:00:00+00:00,2026-09-24 16:50:00+00:00,0,0,0,0,0,0,1142,127,0.8565615074649908,127,74,8,1,99.80849028144242,36466.0,2417.0,10314.1815,True
ZIL,576488,2021-04-02 00:00:00+00:00,2026-09-24 16:35:00+00:00,0,0,0,0,0,0,963,127,1.4654251259349718,127,86,6,0,108.1545744699829,0.17826,0.003765,6775.78625,True
ZRX,576496,2021-04-02 00:00:00+00:00,2026-09-24 17:15:00+00:00,0,0,0,0,0,0,5874,150,3.2928242346867975,150,108,12,0,98.3907526935293,1.9878,0.12217,4018.657,True
