strategy,pattern,ev,median,sl_pct,to_pct,ge0_pct,bars,effw
swing_hb,fav,0.0620455223880597,-0.49075,99.6268656716418,0.3731343283582089,35.07462686567165,40.73880597014925,1.9191641791044776
swing_hb,adv,0.06728358208955224,-0.49075,99.6268656716418,0.3731343283582089,35.44776119402985,41.082089552238806,1.907787313432836
swing_hb,candle,0.06728358208955224,-0.49075,99.6268656716418,0.3731343283582089,35.44776119402985,41.07089552238806,1.9194738805970148
swing_cb,fav,0.1154126865671642,-0.6228,99.6268656716418,0.3731343283582089,36.940298507462686,46.63805970149254,2.0332126865671643
swing_cb,adv,0.1154126865671642,-0.6228,99.6268656716418,0.3731343283582089,36.940298507462686,46.63805970149254,2.016731343283582
swing_cb,candle,0.1154126865671642,-0.6228,99.6268656716418,0.3731343283582089,36.940298507462686,46.63805970149254,2.028507462686567
uniform,fav,0.2819615671641791,0.063,100.0,0.0,58.95522388059702,2.593283582089552,0.3261194029850746
uniform,adv,0.34380373134328357,0.0756,100.0,0.0,60.447761194029844,3.626865671641791,0.33917910447761185
uniform,candle,0.3642794776119403,0.0811,100.0,0.0,61.19402985074627,3.3097014925373136,0.33134328358208953
