feature,scope,range,auc,direction,n,pass,status,n_pos
path_vp_integral,OVERALL,all,,?,5,False,OK,
path_vp_integral,BUCKET,"[1.5,2.5)",,?,19068,False,OK,2557.0
path_vp_integral,BUCKET,"[2.5,4.0)",,?,23004,False,OK,1392.0
path_vp_integral,BUCKET,"[4.0,6.0)",,?,18498,False,OK,524.0
path_vp_integral,BUCKET,"[6.0,10.0)",,?,14282,False,OK,252.0
path_vp_integral,BUCKET,"[10.0,20.0)",,?,5916,False,OK,134.0
max_density_on_path,OVERALL,all,,?,5,False,OK,
max_density_on_path,BUCKET,"[1.5,2.5)",,?,19068,False,OK,2557.0
max_density_on_path,BUCKET,"[2.5,4.0)",,?,23004,False,OK,1392.0
max_density_on_path,BUCKET,"[4.0,6.0)",,?,18498,False,OK,524.0
max_density_on_path,BUCKET,"[6.0,10.0)",,?,14282,False,OK,252.0
max_density_on_path,BUCKET,"[10.0,20.0)",,?,5916,False,OK,134.0
density_at_candidate,OVERALL,all,,?,5,False,OK,
density_at_candidate,BUCKET,"[1.5,2.5)",,?,19068,False,OK,2557.0
density_at_candidate,BUCKET,"[2.5,4.0)",,?,23004,False,OK,1392.0
density_at_candidate,BUCKET,"[4.0,6.0)",,?,18498,False,OK,524.0
density_at_candidate,BUCKET,"[6.0,10.0)",,?,14282,False,OK,252.0
density_at_candidate,BUCKET,"[10.0,20.0)",,?,5916,False,OK,134.0
frr_a,OVERALL,all,,?,5,False,OK,
frr_a,BUCKET,"[1.5,2.5)",,?,19068,False,OK,2557.0
frr_a,BUCKET,"[2.5,4.0)",,?,23004,False,OK,1392.0
frr_a,BUCKET,"[4.0,6.0)",,?,18498,False,OK,524.0
frr_a,BUCKET,"[6.0,10.0)",,?,14282,False,OK,252.0
frr_a,BUCKET,"[10.0,20.0)",,?,5916,False,OK,134.0
frr_b,OVERALL,all,,?,5,False,OK,
frr_b,BUCKET,"[1.5,2.5)",,?,19068,False,OK,2557.0
frr_b,BUCKET,"[2.5,4.0)",,?,23004,False,OK,1392.0
frr_b,BUCKET,"[4.0,6.0)",,?,18498,False,OK,524.0
frr_b,BUCKET,"[6.0,10.0)",,?,14282,False,OK,252.0
frr_b,BUCKET,"[10.0,20.0)",,?,5916,False,OK,134.0
