key,name,n,gross,cost,net,g_small,g_mid,g_large,r_small,r_mid,r_large
weekend_gap,주말 갭 메움,7162,26.47506694814432,10.156939402401564,16.318127545742765,16.739438881622334,50.97525505761491,11.714585509329181,288.35265516859,508.2095387021124,980.077120822621
fvg_4h,FVG mid 4h,18849,4.598020873421399,6.597273064884073,-1.9992521914626775,3.398512490031827,6.062118394136173,4.333431736096197,55.180870631515134,95.58291093410644,178.1095262730028
atr_top10,ATR 봉선별 상위10%,38094,4.289199312980526,9.649813618942616,-5.360614305962092,8.496815439098283,6.114534982509136,-1.7437524826658428,217.7944371115874,385.79554642865867,658.1352833638017
liq_rev,청산 캐스케이드 반전,490910,2.5048930121424546,10.613587011875904,-8.108693999733449,3.511042283832645,4.283305119727644,-0.27965749910119664,52.914081236439145,91.75335303679398,175.80144777662892
fvg_4h_g150,FVG mid 4h · 150bps,4493,2.450472871587297,6.642332517249042,-4.191859645661753,12.43979536716602,12.497899209013283,-17.579568734222867,163.33579370751622,205.90990046636705,317.47816709575227
fvg_1h,FVG mid 1h,19980,0.8438557118558794,6.641841841841839,-5.79798612998596,1.5481695640378799,1.6587264658833876,-0.6753288943536271,46.87696924123383,78.66513421185516,140.5010614949735
lvl_break,피보 0.9/0.1 레벨 돌파,73001,0.13772355095202818,11.515677867426474,-11.377954316474444,1.6665740032495722,0.29553537375502936,-1.5489322389088178,188.35345352547765,293.04029304029217,484.6092149729608
pain_tail,painR3 꼬리 (시간청산),139397,-0.7782196925890013,8.0,-8.778219692589001,0.4419777419101963,0.7320593192953971,-3.508663636088512,36.75375212674835,57.15332153461166,89.84814185800445
htf_fib_base,HTF 피보 연속 (4H),161595,-0.7902984236084324,9.72775147745908,-10.518049901067512,1.135364026842314,-0.47545340151778204,-3.030805896149829,108.5271317829457,210.371819960861,409.9678456591634
bigbar_choch,장대봉 → CHoCH,538806,-1.940836019874781,10.680556638196308,-12.62139265807109,0.20726821719079014,-0.729201380338637,-5.300574896476497,65.20102741231103,111.40679962600736,198.6465522669722
trend_fvg_15m,추세추종 FVG 15m,50958,-2.670212601361778,7.020997684367519,-9.691210285729296,-0.18615798744433876,-1.4156403015520285,-6.4088395150889665,49.90153326830634,81.80999501281696,139.57048105365817
trend_fvg_1h,추세추종 1H 레그,21829,-5.342914963060129,7.0172706033258505,-12.36018556638598,-1.2244534276568293,1.4894060632001052,-16.294263558469595,70.47134935304985,124.44050639004823,223.38303028534267
sweep_choch,FVG 관통 → CHoCH,49283,-6.891566717509481,6.725158776860175,-13.616725494369655,-3.8071779464534212,-5.204495655988236,-11.662923855232785,121.20407900662704,213.02090267607528,384.29426430827414
choch_15m,순수 CHoCH 15m,228034,-7.785997203789812,6.71855951305507,-14.504556716844883,-1.0701406800900946,-1.2236067557144443,-21.064332529310057,123.54882585550435,223.32506203474057,413.36441336441334
liq_cont_top1,청산 재테스트 상위1% (대리),16193,-12.207189192920149,10.692274439572655,-22.8994636324928,4.859199835290099,17.201998032051353,-58.677317282481106,87.85845158279243,191.09216522122577,472.0665454346456
