key,name,q,n,rho_med,risk,gross,fee,net
lvl_break,피보 0.9/0.1 레벨 돌파,낮음,9139,0.014641100826685516,208.65800865801046,0.010957708617783031,0.060386501221269116,-0.049428792603486094
lvl_break,피보 0.9/0.1 레벨 돌파,중간,9139,0.03741546708753613,238.7744420816358,0.0016591976782582372,0.05053310865883727,-0.048873910980579034
lvl_break,피보 0.9/0.1 레벨 돌파,높음,9139,0.07058536212211605,397.92746113989523,-0.01614431618153477,0.03101456237586441,-0.047158878557399184
htf_fib_base,HTF 피보 연속 (4H),낮음,24440,0.012379697485802393,131.7814511503409,0.010250392574602087,0.0906775044003488,-0.08042711182574674
htf_fib_base,HTF 피보 연속 (4H),중간,24439,0.03259199571514407,193.6264622831789,-0.012903019989187867,0.05600308855908718,-0.06890610854827504
htf_fib_base,HTF 피보 연속 (4H),높음,24440,0.07780819481047586,324.6753246753252,-0.027324436943121092,0.031839949746676206,-0.05916438668979729
atr_top10,ATR 봉선별 상위10%,낮음,12698,0.5779687300176399,223.6690046164959,0.05734694602359454,0.054602926466901,0.002744019556693535
atr_top10,ATR 봉선별 상위10%,중간,12698,1.0606845233913087,397.66996054146705,0.016131924184693103,0.025308171484605946,-0.009176247299912838
atr_top10,ATR 봉선별 상위10%,높음,12698,2.022687469102822,652.3072725774159,-0.003130219264260503,0.015113020544875132,-0.018243239809135628
bigbar_choch,장대봉 → CHoCH,낮음,29706,0.026827151390861857,87.14596949891076,-0.002794048340402614,0.13078520888611223,-0.13357925722651487
bigbar_choch,장대봉 → CHoCH,중간,29705,0.0968998198088789,121.80532898314289,-0.01158054199629692,0.08967241939097177,-0.1012529613872687
bigbar_choch,장대봉 → CHoCH,높음,29706,0.2311366321470789,223.9336626654674,-0.03443748737628762,0.04881927372919064,-0.08325676110547826
liq_rev,청산 캐스케이드 반전,낮음,163637,0.22459414877154749,52.914081236439145,0.07121250084027451,0.2288708160339033,-0.1576583151936288
liq_rev,청산 캐스케이드 반전,중간,163636,0.3939682215935375,91.75335303679398,0.04788677308171796,0.11647100657066023,-0.06858423348894228
liq_rev,청산 캐스케이드 반전,높음,163637,0.7625565236432631,175.80144777662892,0.013034949308530467,0.05799514639793059,-0.04496019708940012
liq_cont_top1,청산 재테스트 상위1% (대리),낮음,5282,0.4460478255187441,96.36694155597468,0.05414615675880351,0.13231615797708993,-0.0781700012182864
liq_cont_top1,청산 재테스트 상위1% (대리),중간,5281,1.0896300500819505,204.15831663326563,0.07366029161143722,0.0605503060575414,0.013109985553895831
liq_cont_top1,청산 재테스트 상위1% (대리),높음,5281,2.946097625935092,451.81125517978813,-0.06097330051126681,0.028309443530644938,-0.08928274404191175
fvg_1h,FVG mid 1h,낮음,6054,0.06182152752901209,52.99458758469221,-0.0011562603237528907,0.1421417866479115,-0.14329804697166443
fvg_1h,FVG mid 1h,중간,6054,0.19032126472514382,70.9851375168708,0.04046911133135117,0.09577838005312739,-0.05530926872177626
fvg_1h,FVG mid 1h,높음,6054,0.386588811701543,122.37999965767068,-0.004129501156260324,0.056612243281124984,-0.060741744437385344
fvg_4h,FVG mid 4h,낮음,6283,0.7504693929681492,55.21048999309835,0.06366385484641095,0.13573950092248516,-0.07207564607607427
fvg_4h,FVG mid 4h,중간,6283,1.3596850908001386,95.54882311815304,0.06414133375775903,0.07004333368958879,-0.005901999931829794
fvg_4h,FVG mid 4h,높음,6283,2.6473621350128758,178.1095262730028,0.037879993633614516,0.036448512146745,0.0014314814868694721
fvg_4h_g150,FVG mid 4h · 150bps,낮음,1498,2.0726585173028225,171.4470582797989,0.0514018691588785,0.03773902430177598,0.013662844857102468
fvg_4h_g150,FVG mid 4h · 150bps,중간,1497,2.8733974518365355,196.2134251290876,0.06078824315297261,0.03309306919612002,0.02769517395685253
fvg_4h_g150,FVG mid 4h · 150bps,높음,1498,4.645673667809998,313.1252552316364,-0.030707610146862484,0.021352249528069755,-0.05205985967493227
trend_fvg_15m,추세추종 FVG 15m,낮음,3317,0.08855983227202063,60.56619803228342,-0.059692493216762135,0.13199949258250757,-0.19169198579926972
trend_fvg_15m,추세추종 FVG 15m,중간,3317,0.2356719702380522,88.78600521581072,0.004823635815495908,0.08055305336400709,-0.07572941754851117
trend_fvg_15m,추세추종 FVG 15m,높음,3317,0.4637396958065653,146.2257937030686,-0.01688272535423576,0.048160592160022345,-0.0650433175142581
trend_fvg_1h,추세추종 1H 레그,낮음,1561,0.061083231976480586,78.225827692469,-0.048686739269698895,0.09999385069026168,-0.14868058995996059
trend_fvg_1h,추세추종 1H 레그,중간,1560,0.15579315997031232,134.8419865909549,-0.11794871794871795,0.05578762159069542,-0.1737363395394134
trend_fvg_1h,추세추종 1H 레그,높음,1560,0.5454549412915488,198.77387105995518,-0.08974358974358974,0.037879389772821515,-0.12762297951641127
choch_15m,순수 CHoCH 15m,낮음,3198,0.04448639465458687,167.82209265636897,-0.0375234521575985,0.0433734086162927,-0.0808968607738912
choch_15m,순수 CHoCH 15m,중간,3197,0.0738464788395152,273.4584450402145,-0.030966531122927746,0.025117888231667145,-0.05608441935459487
choch_15m,순수 CHoCH 15m,높음,3198,0.12603010742468818,463.44619655184727,-0.09036898061288305,0.01504683637334701,-0.10541581698623005
weekend_gap,주말 갭 메움,낮음,2388,0.5777968954222772,328.5606001944327,0.14028475711892796,0.029748372301598918,0.11053638481732904
weekend_gap,주말 갭 메움,중간,2387,1.2687830315244286,441.4498141263944,0.0636782572266443,0.022949313810696544,0.04072894341594776
weekend_gap,주말 갭 메움,높음,2387,2.6820137539148243,836.0627478021037,-0.019689987431922917,0.012615697104956905,-0.03230568453687982
pain_tail,painR3 꼬리 (시간청산),낮음,24978,0.024886363159974667,49.8932408447467,0.004518972044751766,0.19066822222582525,-0.18614925018107348
pain_tail,painR3 꼬리 (시간청산),중간,24978,0.06688327693368111,48.05522290050366,-0.030502143428950617,0.1663854505215339,-0.19688759395048455
pain_tail,painR3 꼬리 (시간청산),높음,24978,0.11890288812468865,72.52533040150499,-0.03437745310364279,0.11073738564809733,-0.14511483875174014
