key,name,rule,n,keep,net,t,gross,fee,risk,n_2022-04~12,net_2022-04~12,n_2023,net_2023,n_2024,net_2024,n_2025,net_2025,n_2026H1,net_2026H1,pos,g_pos_months,months
lvl_break,피보 0.9/0.1 레벨 돌파,항상 켬,73001,1.0,-0.03994060422349053,-7.410374050901115,0.0034876280545577992,0.04342823227804833,293.04029304029217,12910,-0.03473016962119137,17053,-0.04888853052644001,17301,-0.053882075985583346,17071,-0.018339962177502236,8666,-0.044812619095701875,0,19,51
lvl_break,피보 0.9/0.1 레벨 돌파,ρ≥2 (주),0,0.0,,,,,,0,,0,,0,,0,,0,,0,19,51
lvl_break,피보 0.9/0.1 레벨 돌파,ρ≥1,0,0.0,,,,,,0,,0,,0,,0,,0,,0,19,51
lvl_break,피보 0.9/0.1 레벨 돌파,ρ≥3,0,0.0,,,,,,0,,0,,0,,0,,0,,0,19,51
lvl_break,피보 0.9/0.1 레벨 돌파,ρ≥2 · ĝ 24개월,1,1.3698442487089218e-05,-0.01645420711974092,,-0.012540453074433477,0.003913754045307445,3066.109893744572,0,,0,,0,,0,,1,-0.01645420711974092,0,19,51
lvl_break,피보 0.9/0.1 레벨 돌파,시장 고변동,27891,0.3820632594074054,-0.03400444807913722,-3.633653237971396,0.0025827457015233568,0.036587193780660575,344.357470014247,4220,-0.039500988240774956,3658,-0.04264428451320028,10088,-0.04811704071467076,8710,-0.020395741427097318,1215,0.03071647432901809,1,19,51
htf_fib_base,HTF 피보 연속 (4H),항상 켬,161595,1.0,-0.05785617231106993,-7.907646619910855,0.0020302225477280686,0.05988639485879798,210.371819960861,28681,-0.04392177750916072,33291,-0.09043238100268065,39545,-0.0475747215358265,41053,-0.04744419074821473,19025,-0.06569747921083553,0,23,51
htf_fib_base,HTF 피보 연속 (4H),ρ≥2 (주),1,6.188310281877533e-06,-0.0011368421052631579,,0.0,0.0011368421052631579,10555.555555555557,0,,0,,0,,1,-0.0011368421052631579,0,,0,23,51
htf_fib_base,HTF 피보 연속 (4H),ρ≥1,19,0.00011757789535567314,-0.036744053964024866,-0.970472437346714,-0.033602992252204096,0.0031410617118207643,3630.0000000000005,0,,0,,0,,19,-0.036744053964024866,0,,0,23,51
htf_fib_base,HTF 피보 연속 (4H),ρ≥3,0,0.0,,,,,,0,,0,,0,,0,,0,,0,23,51
htf_fib_base,HTF 피보 연속 (4H),ρ≥2 · ĝ 24개월,91,0.0005631362356508555,-0.08676816435611252,-1.0860977518014954,-0.08209914351521047,0.004669020840902068,2355.3984575835484,0,,0,,0,,73,-0.1483133286887028,18,0.1628316687705036,0,23,51
htf_fib_base,HTF 피보 연속 (4H),시장 고변동,67748,0.41924564497663913,-0.06156602362892781,-5.085344292992132,-0.010154877266921119,0.05141114636200669,240.67945779494022,10287,-0.0513028211016436,8995,-0.10133801759571222,23991,-0.052164530284955185,20995,-0.06531610722850029,3480,-0.03129208693616052,0,23,51
atr_top10,ATR 봉선별 상위10%,항상 켬,38094,1.0,-0.008225155850784984,-0.5447752575977974,0.023449550314675716,0.03167470616546069,385.79554642865867,7013,0.0346031122092423,8550,-0.06261461217915441,8891,0.0031611541230943826,9236,-0.013835060127682207,4404,0.017944826353177026,3,51,51
atr_top10,ATR 봉선별 상위10%,ρ≥2 (주),6481,0.1701317792828267,-0.03063413286298485,-1.0827110599026895,-0.018443980277570406,0.012190152585414449,810.3645370252756,2839,0.04152661885234793,1721,-0.10910359800369193,1040,-0.05234759942108808,769,-0.1170149680210837,112,0.14070910681855517,2,51,51
atr_top10,ATR 봉선별 상위10%,ρ≥1,20504,0.5382474930435239,-0.015846075420513493,-0.9338385388197594,0.002352636746318861,0.01819871216683236,537.0203483411041,5698,0.025822188435380544,4747,-0.07048306069772613,3980,-0.034787902992569925,4879,0.0010123724247599031,1200,-0.0032859851207302972,2,51,51
atr_top10,ATR 봉선별 상위10%,ρ≥3,2425,0.0636583188953641,-0.04542430198567097,-0.9589553740132887,-0.03645482524600239,0.008969476739668575,1084.4892812105923,1190,0.0780251647174633,624,-0.11393396225007148,374,-0.23147077346936984,206,-0.24547756526536874,31,0.16868909152327202,2,51,51
atr_top10,ATR 봉선별 상위10%,ρ≥2 · ĝ 24개월,5447,0.1429883971229065,-0.017324976914823556,-0.6318245344849422,-0.00451460214361627,0.012810374771207285,745.7983193277319,2839,0.04152661885234793,1767,-0.10637659913198491,265,-0.1348791866759678,337,-0.0010437030702485487,239,0.04936796189607879,2,51,51
atr_top10,ATR 봉선별 상위10%,시장 고변동,14251,0.3741009082795191,-0.03344016257264542,-1.1422699917593386,-0.006605975235674983,0.026834187336970437,449.18090540778525,2171,0.012086918546124521,1721,-0.17546062871017337,5298,-0.0035377507469729398,4440,-0.04301606860723728,621,0.014340794037678354,2,51,51
bigbar_choch,장대봉 → CHoCH,항상 켬,538806,1.0,-0.12049709605004964,-18.996803862881105,-0.008489140803925717,0.11200795524612392,111.40679962600736,97906,-0.11015325758287775,121597,-0.13637157893909016,126863,-0.10731648271394856,127835,-0.11609831943251944,64605,-0.14088072133707116,0,8,51
bigbar_choch,장대봉 → CHoCH,ρ≥2 (주),17,3.155124478940472e-05,-0.7108279537868433,-5.67540298909041,-0.7058823529411765,0.004945600845666798,2363.3940470901816,17,-0.7108279537868433,0,,0,,0,,0,,0,8,51
bigbar_choch,장대봉 → CHoCH,ρ≥1,217,0.00040274235995887205,-0.38357919347244424,-6.260364885512325,-0.37327188940092165,0.010307304071522657,1074.7545935061655,217,-0.38357919347244424,0,,0,,0,,0,,0,8,51
bigbar_choch,장대봉 → CHoCH,ρ≥3,5,9.279777879236683e-06,-0.6036936847943002,-3.290497279817968,-0.6,0.003693684794300145,3123.306233062331,5,-0.6036936847943002,0,,0,,0,,0,,0,8,51
bigbar_choch,장대봉 → CHoCH,ρ≥2 · ĝ 24개월,17,3.155124478940472e-05,-0.7108279537868433,-5.67540298909041,-0.7058823529411765,0.004945600845666798,2363.3940470901816,17,-0.7108279537868433,0,,0,,0,,0,,0,8,51
bigbar_choch,장대봉 → CHoCH,시장 고변동,218212,0.404991778116799,-0.09933939323682336,-14.177403561669934,-0.004591864792037103,0.09474752844478627,129.50706148682383,35413,-0.10520861986544812,29478,-0.09513822933292022,78101,-0.09919884701208236,64767,-0.09830700498971197,10453,-0.09874975172328024,0,8,51
liq_rev,청산 캐스케이드 반전,항상 켬,490910,1.0,-0.09040095969863023,-13.839269100815992,0.04404473325049398,0.13444569294912417,91.75335303679398,88536,-0.08439063029647544,120586,-0.10255405075760864,111792,-0.07564175331603226,110489,-0.08837957269040782,59507,-0.10619641426004456,0,51,51
liq_rev,청산 캐스케이드 반전,ρ≥2 (주),10601,0.021594589639648814,-0.036209630728946215,-1.3276042268349961,-0.019432129044429772,0.01677750168451644,612.1412242824489,2979,-0.10511204045333118,1711,-0.03652185456589302,3039,0.030691063069750054,2221,-0.010055179389785488,651,-0.12162553138110455,1,51,51
liq_rev,청산 캐스케이드 반전,ρ≥1,47292,0.09633537715670897,-0.03894446490337309,-3.2588016500385835,-0.006999069610082043,0.031945395293291046,318.39090647888713,12832,-0.0684899943954257,7923,-0.031136518843842085,12943,-0.011449809545294603,10187,-0.024713188445798097,3407,-0.09282513991381365,0,51,51
liq_rev,청산 캐스케이드 반전,ρ≥3,4018,0.008184799657778411,-0.09130887867919675,-2.7164429439285827,-0.07964161274265803,0.011667265936538718,913.476080785518,1197,-0.13690363883736786,649,-0.07468672122621998,1196,-0.009534247344908762,746,-0.1881560762947037,230,-0.012027582732637534,0,51,51
liq_rev,청산 캐스케이드 반전,ρ≥2 · ĝ 24개월,10931,0.022266810617017376,-0.037872046926044255,-1.409763878200048,-0.020858109962491996,0.01701393696355225,604.3956043956041,2979,-0.10511204045333118,1770,-0.05025604459189681,3107,0.027542567202593227,2476,-0.01311904656665835,599,-0.10849645160245369,1,51,51
liq_rev,청산 캐스케이드 반전,시장 고변동,188757,0.3845042879550223,-0.07239730222908305,-10.587427001545667,0.03939456549955763,0.11179186772864068,108.32320106112437,29979,-0.07691708700174381,27455,-0.0673707702532751,66902,-0.06483174700475766,54940,-0.0818815219705831,9481,-0.07108863760678738,0,51,51
liq_cont_top1,청산 재테스트 상위1% (대리),항상 켬,16193,1.0,-0.04654665697505401,-1.7293965257127488,0.027295745075032435,0.07384240205008645,191.09216522122577,3391,0.026950362482196205,3985,-0.15386110952326762,3360,-0.011080734911013674,3690,0.008383201068985232,1767,-0.12772208079655065,2,51,51
liq_cont_top1,청산 재테스트 상위1% (대리),ρ≥2 (주),4279,0.26424998456123017,-0.10728043725149751,-2.489870112656689,-0.08226221079691516,0.025018226454582345,506.0858424087121,1565,-0.002102769211132639,1357,-0.16952525201020244,533,-0.2894955098176877,593,-0.19867410526357163,231,0.2008591383040474,1,51,51
liq_cont_top1,청산 재테스트 상위1% (대리),ρ≥1,8493,0.5244858889643673,-0.05596924612673785,-1.6792962004465029,-0.018250323796067346,0.03771892233067051,337.8803777544595,2459,0.03589313207685287,2656,-0.13978292055002728,1348,-0.09760873702233404,1436,-0.06256776840472322,594,0.048955068661271924,2,51,51
liq_cont_top1,청산 재테스트 상위1% (대리),ρ≥3,2569,0.15864879886370653,-0.17239816814549697,-3.0184793014669054,-0.15258855585831063,0.01980961228718634,625.7188865884515,1084,-0.010336132993841275,808,-0.24920973062690102,261,-0.4309509035073095,301,-0.3504715402542983,115,-0.10743429584321863,0,51,51
liq_cont_top1,청산 재테스트 상위1% (대리),ρ≥2 · ĝ 24개월,3748,0.2314580374235781,-0.08209994803064699,-1.7454272857718207,-0.05442902881536819,0.027670919215278814,427.8668971471136,1565,-0.002102769211132639,1261,-0.1835311706096108,60,-0.21120774709288023,439,-0.21702181136346438,423,0.0826432027172826,1,51,51
liq_cont_top1,청산 재테스트 상위1% (대리),시장 고변동,5414,0.33434199962946953,-0.0788778214482221,-1.5750623770796177,-0.016254155892131507,0.06262366555609059,224.89546681416886,847,-0.008148630669862374,654,-0.32322226485965944,2022,-0.025825717468712,1655,-0.04752503947395799,236,-0.33000734268621834,0,51,51
fvg_1h,FVG mid 1h,항상 켬,19980,1.0,-0.07753346643843763,-3.343039899998889,0.02027027027027027,0.09780373670870786,78.66513421185516,3907,-0.0898497084516913,4911,-0.09145009392860992,4106,-0.01694351588549212,4368,-0.07584934504899703,2688,-0.1294956926473114,0,46,51
fvg_1h,FVG mid 1h,ρ≥2 (주),40,0.002002002002002002,-0.5097912938286723,-2.2704628174153045,-0.5,0.009791293828672274,768.2154144191481,0,,0,,7,0.27614290171298395,33,-0.6765046080344781,0,,0,46,51
fvg_1h,FVG mid 1h,ρ≥1,248,0.012412412412412413,-0.29229452046924775,-1.8679847694501837,-0.27419354838709675,0.018100972082150876,395.2152782613839,4,-0.2609362500323664,6,0.9915289205505169,93,-0.1796416400781083,129,-0.4370323714868356,16,-0.2694138219050748,0,46,51
fvg_1h,FVG mid 1h,ρ≥3,20,0.001001001001001001,-0.9085078062663652,,-0.9,0.008507806266365086,983.9836400272222,0,,0,,0,,20,-0.9085078062663652,0,,0,46,51
fvg_1h,FVG mid 1h,ρ≥2 · ĝ 24개월,160,0.008008008008008008,-0.2900394803617846,-1.779789866055605,-0.26875,0.02128948036178459,364.9357368656173,0,,0,,38,0.4841345938028095,117,-0.5104156785861041,5,-1.0169594055636204,1,46,51
fvg_1h,FVG mid 1h,시장 고변동,7569,0.37882882882882885,-0.0940913616969491,-2.6843459135641266,-0.013343902761263047,0.080747458935686,94.19629292008442,1187,-0.006753423828914811,982,-0.13207670957668394,2765,-0.05113040240179734,2221,-0.17039743033894897,414,-0.13196526176619994,0,46,51
fvg_4h,FVG mid 4h,항상 켬,18849,1.0,-0.0255153881736782,-1.1232537296655711,0.0552283940792615,0.08074378225293964,95.58291093410644,3484,-0.029646762702525014,4216,0.03813588715385388,4119,-0.001398786171779873,4724,-0.05942112994512597,2306,-0.10926457613546169,1,51,51
fvg_4h,FVG mid 4h,ρ≥2 (주),5464,0.28988275240065786,-0.004438363800832656,-0.1335001146256065,0.029831625183016106,0.03426998898384872,189.1486291132308,1478,-0.04424876082878379,1069,0.13738532374960538,1397,0.010864348811315592,1330,-0.08134589415966668,190,-0.0668627286746662,2,51,51
fvg_4h,FVG mid 4h,ρ≥1,12975,0.6883654305268184,-0.00435335482747903,-0.16239542946296898,0.05009633911368015,0.05444969394115915,122.8378039608934,2787,-0.04079544712752782,2695,0.06177211557719469,3174,0.024847215191455635,3386,-0.044962883965206195,933,-0.03846136670327139,2,51,51
fvg_4h,FVG mid 4h,ρ≥3,2376,0.1260544325958937,-0.050767917538823634,-0.9994083926423231,-0.026094276094276093,0.02467364144454748,264.8255202332397,724,-0.015746795626932167,442,0.22821466081341957,663,-0.17740120858647485,504,-0.15596743270576327,43,-0.32256243584511546,1,51,51
fvg_4h,FVG mid 4h,ρ≥2 · ĝ 24개월,4957,0.26298477372804924,-0.014332176228055212,-0.4204680380219438,0.01956828727052653,0.033900463498581695,192.10068725676928,1478,-0.04424876082878379,1037,0.13334574801438304,1252,-0.008113358965616067,1168,-0.10562527628287707,22,-0.47255552841321385,1,51,51
fvg_4h,FVG mid 4h,시장 고변동,7718,0.40946469308716643,-0.049357323903002875,-1.3748097917821536,0.0177507126198497,0.06710803652285255,113.51033773292295,1116,0.01195603919389854,914,0.01633697972502158,2717,-0.0323413332298622,2489,-0.07557678014030066,482,-0.2764165081694872,2,51,51
fvg_4h_g150,FVG mid 4h · 150bps,항상 켬,4493,1.0,-0.0035742383226576436,-0.09226796554770338,0.027153349655018918,0.03072758797767651,205.90990046636705,1014,-0.012542057220444807,833,0.16695870153705034,1093,-0.021609989082212937,1250,-0.07953662406499133,303,-0.0639521682984647,1,51,51
fvg_4h_g150,FVG mid 4h · 150bps,ρ≥2 (주),3865,0.8602270198085912,-0.008415089397327217,-0.21273019511882058,0.02095730918499353,0.0293723985823207,217.8624386905429,984,-0.023958355389946992,832,0.1684252067089801,1066,-0.021092199415635268,910,-0.1295650504395547,73,-0.11904918249001759,1,51,51
fvg_4h_g150,FVG mid 4h · 150bps,ρ≥1,4493,1.0,-0.0035742383226576436,-0.09226796554770338,0.027153349655018918,0.03072758797767651,205.90990046636705,1014,-0.012542057220444807,833,0.16695870153705034,1093,-0.021609989082212937,1250,-0.07953662406499133,303,-0.0639521682984647,1,51,51
fvg_4h_g150,FVG mid 4h · 150bps,ρ≥3,2053,0.45693300689962163,-0.05619395359798734,-1.0808889255115453,-0.03214807598636142,0.02404587761162587,277.64480612733286,650,-0.042861171758430974,454,0.21460875863703838,637,-0.19459298718518114,290,-0.18487980278189248,22,-0.33490572141791275,1,51,51
fvg_4h_g150,FVG mid 4h · 150bps,ρ≥2 · ĝ 24개월,3077,0.6848430892499443,0.00023566496518953917,0.005718799776607064,0.029574260643483914,0.029338595678294332,216.55295164639617,984,-0.023958355389946992,832,0.1684252067089801,974,-0.0732192264546913,287,-0.15510133314775637,0,,1,51,51
fvg_4h_g150,FVG mid 4h · 150bps,시장 고변동,2519,0.5606498998442021,-0.11022920297790412,-2.0093183519210513,-0.07979356887653831,0.030435634101365752,211.69021405282825,453,-0.06374928640831612,191,0.22612052946982866,896,-0.09805274571679247,864,-0.15720761698189753,115,-0.5938723082826527,1,51,51
trend_fvg_15m,추세추종 FVG 15m,항상 켬,50958,1.0,-0.11876504375408471,-8.168186496348435,-0.02038934024098277,0.09837570351310196,81.80999501281696,8991,-0.09930989220820013,11927,-0.15725043116657633,12055,-0.09805411448390373,11768,-0.09912676683280434,6217,-0.15040080811662612,0,10,51
trend_fvg_15m,추세추종 FVG 15m,ρ≥2 (주),16,0.0003139840653086856,-0.07284844154136415,-0.4726609438420519,-0.0625,0.010348441541364144,596.550035069078,16,-0.07284844154136415,0,,0,,0,,0,,0,10,51
trend_fvg_15m,추세추종 FVG 15m,ρ≥1,217,0.004258408885749048,-0.15380069898399798,-0.8165450455536697,-0.1336405529953917,0.020160145988606257,352.1366689379926,217,-0.15380069898399798,0,,0,,0,,0,,0,10,51
trend_fvg_15m,추세추종 FVG 15m,ρ≥3,1,1.962400408179285e-05,-1.0095352297592999,,-1.0,0.009535229759299779,838.9939416192402,1,-1.0095352297592999,0,,0,,0,,0,,0,10,51
trend_fvg_15m,추세추종 FVG 15m,ρ≥2 · ĝ 24개월,16,0.0003139840653086856,-0.07284844154136415,-0.4726609438420519,-0.0625,0.010348441541364144,596.550035069078,16,-0.07284844154136415,0,,0,,0,,0,,0,10,51
trend_fvg_15m,추세추종 FVG 15m,시장 고변동,20043,0.39332391381137405,-0.11418091043955361,-4.969837645408372,-0.032230703986429174,0.08195020645312447,96.36108291502674,3033,-0.04174944556134096,2876,-0.14817186682464112,7205,-0.09815732117022344,5968,-0.1510586205802882,961,-0.13217303216455653,0,10,51
trend_fvg_1h,추세추종 1H 레그,항상 켬,21829,1.0,-0.07950713461843027,-3.408771390201834,-0.011819139676577028,0.06768799494185325,124.42837392321645,3783,-0.07375929232483527,5252,-0.1478566451603628,4882,-0.05702194201025456,5293,-0.06706191000398229,2619,-0.017810968993316658,0,11,51
trend_fvg_1h,추세추종 1H 레그,ρ≥2 (주),35,0.0016033716615511475,-0.09749304939623363,-1.2436348336876952,-0.08571428571428566,0.01177876368194797,571.3526441668878,35,-0.09749304939623363,0,,0,,0,,0,,0,11,51
trend_fvg_1h,추세추종 1H 레그,ρ≥1,225,0.010307389252828805,-0.10351824049189853,-1.113171722232702,-0.08444444444444445,0.01907379604745404,369.77491961414887,222,-0.10933090891667824,3,0.3266192229418034,0,,0,,0,,0,11,51
trend_fvg_1h,추세추종 1H 레그,ρ≥3,7,0.00032067433231022953,-0.43681991187104746,,-0.42857142857142855,0.008248483299618973,819.4461846886354,7,-0.43681991187104746,0,,0,,0,,0,,0,11,51
trend_fvg_1h,추세추종 1H 레그,ρ≥2 · ĝ 24개월,35,0.0016033716615511475,-0.09749304939623363,-1.2436348336876952,-0.08571428571428566,0.01177876368194797,571.3526441668878,35,-0.09749304939623363,0,,0,,0,,0,,0,11,51
trend_fvg_1h,추세추종 1H 레그,시장 고변동,8791,0.4027211507627468,-0.10576273919431357,-3.4759950585649952,-0.0487999089978387,0.05696283019647487,145.44526664965537,1297,-0.021795342399860414,1205,-0.150914818879485,3098,-0.10515266323811373,2768,-0.13651737293817579,423,-0.037816277565639045,0,11,51
sweep_choch,FVG 관통 → CHoCH,항상 켬,49283,1.0,-0.06083824394168716,-4.25604240707957,-0.02331432745571495,0.037523916485972204,213.02090267607528,8675,-0.03709764716720008,10907,-0.0657389716019357,11617,-0.04221209227193045,12355,-0.0768662118262665,5729,-0.09066053424748757,0,0,51
sweep_choch,FVG 관통 → CHoCH,ρ≥2 (주),0,0.0,,,,,,0,,0,,0,,0,,0,,0,0,51
sweep_choch,FVG 관통 → CHoCH,ρ≥1,0,0.0,,,,,,0,,0,,0,,0,,0,,0,0,51
sweep_choch,FVG 관통 → CHoCH,ρ≥3,0,0.0,,,,,,0,,0,,0,,0,,0,,0,0,51
sweep_choch,FVG 관통 → CHoCH,ρ≥2 · ĝ 24개월,0,0.0,,,,,,0,,0,,0,,0,,0,,0,0,51
sweep_choch,FVG 관통 → CHoCH,시장 고변동,20755,0.42113913519875007,-0.059596341322404815,-2.7872184057963154,-0.027174174897615033,0.032422166424789775,243.531202435311,3168,-0.014866697515941312,2693,-0.11704099716087488,7146,-0.03023099227494192,6557,-0.09302369551929533,1191,-0.0408446001217625,0,0,51
choch_15m,순수 CHoCH 15m,항상 켬,228034,1.0,-0.05115953032847726,-6.716327122728284,-0.014725874211740354,0.03643365611673691,223.3250620347401,41112,-0.04509508977673289,53021,-0.06552425556986828,54494,-0.030418186694429483,53673,-0.06002402392965864,25734,-0.05668467208168744,0,2,51
choch_15m,순수 CHoCH 15m,ρ≥2 (주),0,0.0,,,,,,0,,0,,0,,0,,0,,0,2,51
choch_15m,순수 CHoCH 15m,ρ≥1,0,0.0,,,,,,0,,0,,0,,0,,0,,0,2,51
choch_15m,순수 CHoCH 15m,ρ≥3,0,0.0,,,,,,0,,0,,0,,0,,0,,0,2,51
choch_15m,순수 CHoCH 15m,ρ≥2 · ĝ 24개월,0,0.0,,,,,,0,,0,,0,,0,,0,,0,2,51
choch_15m,순수 CHoCH 15m,시장 고변동,93738,0.4110702789934834,-0.04078211499749234,-3.583881619270524,-0.009857261729501377,0.03092485326799096,259.0850350507137,15027,-0.005344047346306759,12786,-0.07677734681371473,33843,-0.022564013637261154,27874,-0.0736962883770834,4208,0.01354337356150745,1,2,51
weekend_gap,주말 갭 메움,항상 켬,7162,1.0,0.039663111685020506,1.0381895979315392,0.06143535325328121,0.021772241568260686,508.164486480443,1359,0.0644509408981882,1578,0.02645676934085831,1679,-0.11998684228735429,1760,0.154592859826679,786,0.10700263370625648,4,51,51
weekend_gap,주말 갭 메움,ρ≥2 (주),1949,0.2721306897514661,-0.02126079806860589,-0.42819540537662154,-0.009748589020010261,0.011512209048595625,897.3498825897352,369,-0.10478641578381803,317,-0.1342367948182484,439,-0.060246710766992846,486,0.10339644956562612,338,0.047276886046497935,2,51,51
weekend_gap,주말 갭 메움,ρ≥1,4506,0.6291538676347389,0.0010861008196303527,0.023733692848291462,0.018197958277851752,0.017111857458221393,644.3293651149647,749,-0.04854984242422687,850,-0.04770732192249688,1113,-0.15380698402177914,1106,0.15788040458925715,688,0.11392510413320399,2,51,51
weekend_gap,주말 갭 메움,ρ≥3,944,0.13180675788885787,-0.06043290989361746,-1.149529882323268,-0.05190677966101695,0.008526130232600493,1224.910229985622,177,-0.15411627972429562,145,-0.11898873736801933,213,0.007217507835426413,267,0.009730773000596413,142,-0.1172687610571606,2,51,51
weekend_gap,주말 갭 메움,ρ≥2 · ĝ 24개월,3035,0.42376431164479195,0.03152433053616011,0.7094098411239972,0.047116968698517295,0.015592638162357168,683.2681621732868,369,-0.10478641578381803,873,0.05040248021090167,556,-0.07585089936991053,754,0.09972097679745058,483,0.11868457333695692,3,51,51
weekend_gap,주말 갭 메움,시장 고변동,2944,0.4110583635855906,0.01932018931462876,0.32265004209772097,0.0390625,0.01974231068537123,579.9515695409277,487,0.10538262754879048,311,0.22914227440768234,1027,-0.18285239414480098,996,0.10146812285482625,123,0.17090413665463858,4,51,51
pain_tail,painR3 꼬리 (시간청산),항상 켬,139397,1.0,-0.1592734748373692,-7.768349076848855,-0.001081398425147729,0.15819207641222144,57.15332153461166,25007,-0.18154160668321043,32241,-0.20861679321685075,32686,-0.10595881030655589,33223,-0.09567139251622145,16240,-0.26444330272331984,0,30,51
pain_tail,painR3 꼬리 (시간청산),ρ≥2 (주),0,0.0,,,,,,0,,0,,0,,0,,0,,0,30,51
pain_tail,painR3 꼬리 (시간청산),ρ≥1,1,7.173755532758955e-06,-1.081829736426582,,-1.0665864951106523,0.015243241315929806,524.8227613925967,0,,0,,0,,1,-1.081829736426582,0,,0,30,51
pain_tail,painR3 꼬리 (시간청산),ρ≥3,0,0.0,,,,,,0,,0,,0,,0,,0,,0,30,51
pain_tail,painR3 꼬리 (시간청산),ρ≥2 · ĝ 24개월,8,5.739004426207164e-05,1.134134149167008,,1.154627883354996,0.020493734187987778,387.57406184950264,0,,0,,0,,5,1.7963930027164114,3,0.030369393251335957,0,30,51
pain_tail,painR3 꼬리 (시간청산),시장 고변동,56383,0.40447785820354815,-0.12068344549146963,-5.170476178353064,0.00897417431726784,0.1296576198087375,67.51074631556912,8569,-0.15613622609155955,7978,-0.21938621250434076,19999,-0.06526707808762838,17154,-0.12213169420880776,2683,-0.1177699609671861,0,30,51
