key,name,high,n,gross,fee,net,risk
lvl_break,피보 0.9/0.1 레벨 돌파,False,45110,0.004047106522934736,0.047657968583316376,-0.04361086206038165,265.62444068488264
lvl_break,피보 0.9/0.1 레벨 돌파,True,27891,0.0025827457015233568,0.036587193780660575,-0.03400444807913722,344.357470014247
htf_fib_base,HTF 피보 연속 (4H),False,93847,0.010826626718802829,0.06600466326546649,-0.055178036546663645,190.83969465648855
htf_fib_base,HTF 피보 연속 (4H),True,67748,-0.010154877266921119,0.05141114636200669,-0.06156602362892781,240.67945779494022
atr_top10,ATR 봉선별 상위10%,False,23843,0.04141378697189367,0.034567892166585325,0.006845894805308341,351.49384885764334
atr_top10,ATR 봉선별 상위10%,True,14251,-0.006605975235674983,0.026834187336970437,-0.03344016257264542,449.18090540778525
bigbar_choch,장대봉 → CHoCH,False,320594,-0.011141818000336874,0.12375624826836852,-0.1348980662687054,100.36367093804162
bigbar_choch,장대봉 → CHoCH,True,218212,-0.004591864792037103,0.09474752844478627,-0.09933939323682336,129.50706148682383
liq_rev,청산 캐스케이드 반전,False,302153,0.04694972414637617,0.14859768908069598,-0.10164796493431981,82.48968878890156
liq_rev,청산 캐스케이드 반전,True,188757,0.03939456549955763,0.11179186772864068,-0.07239730222908305,108.32320106112437
liq_cont_top1,청산 재테스트 상위1% (대리),False,10779,0.04916968178866314,0.07947726979092452,-0.030307588002261368,177.21518987341696
liq_cont_top1,청산 재테스트 상위1% (대리),True,5414,-0.016254155892131507,0.06262366555609059,-0.0788778214482221,224.89546681416886
fvg_1h,FVG mid 1h,False,12411,0.04077028442510676,0.10820571611923098,-0.06743543169412426,70.2843320706494
fvg_1h,FVG mid 1h,True,7569,-0.013343902761263047,0.080747458935686,-0.0940913616969491,94.19629292008442
fvg_4h,FVG mid 4h,False,11131,0.08121462581978259,0.0901985199714566,-0.008983894151674072,84.38818565400852
fvg_4h,FVG mid 4h,True,7718,0.0177507126198497,0.06710803652285255,-0.049357323903002875,113.51033773292295
fvg_4h_g150,FVG mid 4h · 150bps,False,1974,0.1636271529888551,0.03110014715418452,0.13252700583467056,200.2545056392384
fvg_4h_g150,FVG mid 4h · 150bps,True,2519,-0.07979356887653831,0.030435634101365752,-0.11022920297790412,211.69021405282825
trend_fvg_15m,추세추종 FVG 15m,False,30915,-0.012712275594371665,0.10902478122855169,-0.12173705682292334,73.52858885543814
trend_fvg_15m,추세추종 FVG 15m,True,20043,-0.032230703986429174,0.08195020645312447,-0.11418091043955361,96.36108291502674
trend_fvg_1h,추세추종 1H 레그,False,13038,0.013115508513575711,0.0749195429765688,-0.061804034462993096,111.76653213287774
trend_fvg_1h,추세추종 1H 레그,True,8791,-0.0487999089978387,0.05696283019647487,-0.10576273919431357,145.44526664965537
sweep_choch,FVG 관통 → CHoCH,False,28528,-0.02050616937745373,0.041235597028591434,-0.06174176640604515,192.2256625346342
sweep_choch,FVG 관통 → CHoCH,True,20755,-0.027174174897615033,0.032422166424789775,-0.059596341322404815,243.531202435311
choch_15m,순수 CHoCH 15m,False,134296,-0.018124143682611546,0.04027877556508791,-0.058402919247699456,201.0905613037545
choch_15m,순수 CHoCH 15m,True,93738,-0.009857261729501377,0.03092485326799096,-0.04078211499749234,259.0850350507137
weekend_gap,주말 갭 메움,False,4218,0.07705073494547178,0.023189054398802773,0.053861680546669004,469.1259925523224
weekend_gap,주말 갭 메움,True,2944,0.0390625,0.01974231068537123,0.01932018931462876,579.9515695409277
pain_tail,painR3 꼬리 (시간청산),False,83014,-0.007911130252738461,0.17757264193941252,-0.18548377219215098,50.73557753185997
pain_tail,painR3 꼬리 (시간청산),True,56383,0.00897417431726784,0.1296576198087375,-0.12068344549146963,67.51074631556912
