key,이름,문서,진입,재구축,거래수,순R,t,gross,비용,변곡,p,전,후,변곡2,질변곡,질p,전2024,후2024,원인,risk_a,risk_b,g_a,g_b,f_a,f_b,sharpe
lvl_break,피보 0.9/0.1 레벨 돌파 (4H·ATR 상위25%),피보레벨-진입승률-분석,스톱,재현 ✓ 승률 59.29% (문서 59.25%),89007,-0.038576295611426205,-8.180801238298256,0.0020401516153192483,0.040616447226745456,2021-10,0.88055972013993,-22.707829255263977,-57.84760294657243,,2021-10,0.6736631684157921,-0.03915505874489637,-0.03795811719973211,비용 ↑ (1R 축소),519.8293406059857,303.4985701320941,0.004876847511639878,0.0017836444679551415,0.02333599607302504,0.04217902544894929,
htf_fib_base,HTF 피보 연속 진입 (4H 기준선),실데이터-4H-검증결과,시장가,정의 복원 불완전 — 문서 숫자와 불일치,200874,-0.054499240222973235,-8.477692450895752,0.0008886385890250855,0.05538787881199832,2022-08,0.49075462268865566,-111.30879773200326,-195.0327578050526,,2024-04,0.6186906546726637,-0.05796009039557793,-0.05098183419397994,비용 ↑ (1R 축소),327.603212625052,202.4668373283697,0.003327178363473091,1.8370407214562914e-05,0.03703604902597668,0.061937295683573625,
atr_top10,ATR 봉선별 상위10% (4H 연속),ATR-봉선별-검증결과,시장가,정의 복원 불완전 — 문서 숫자와 불일치,46604,-0.005554149009224089,-0.4166753315893607,0.02407307030753019,0.02962721931675428,2022-08,0.8075962018990505,18.625657345260564,-11.84800165851167,,2024-04,0.9720139930034982,-0.00989489393322105,-0.0009163276717167044,엣지 ↓,554.8517861667093,373.77963737796347,0.04608434694794566,0.016792963590819294,0.020356079873425324,0.032693596866569516,
bigbar_choch,장대봉 → CHoCH (5m·상위20%),장대봉-CHoCH-검증결과,시장가,재현 ✓ 거래수 −3% · 승률 ±0.3%p,679422,-0.10821678545475165,-17.063571032913227,-0.004686336327054468,0.10353044912769718,2022-07,0.01699150424787606,-701.1416564736984,-1312.6612491694334,,2022-06,0.3103448275862069,-0.09987628032417344,-0.11762344423064382,비용 ↑ (1R 축소),166.67155493289363,108.66343703096021,0.011249585150089836,-0.010204890421273729,0.0714292858121644,0.11464697015838943,
liq_rev,청산 캐스케이드 반전 (거래량 복귀),청산이벤트-거래량복귀-검증결과,시장가,근사 — 거래수 −23% · 승률 +1.9%p,601706,-0.07911348137249562,-12.177088282418604,0.045218096545488994,0.1243315779179846,2022-08,0.01699150424787606,-318.2541190080002,-904.4891599700178,,2022-05,0.991504247876062,-0.0720888255917142,-0.08708867487994101,비용 ↑ (1R 축소),143.74109788822705,88.58078182168244,0.046474229033217115,0.044808357761565755,0.08088100964977435,0.13850475087300443,
liq_cont_top1,청산 극단 재테스트 상위1% (크기 대리),청산-좁힌컷-트리거3종-전면비교,시장가,대리 변수 — 원본은 히트맵 소진량 순위,19403,-0.02902330248304404,-1.164101054911535,0.04107612224913674,0.07009942473218077,2022-07,0.25687156421789104,25.218032453650924,-19.6127005184014,,2022-07,0.2638680659670165,-0.031282539576284525,-0.02631078304683628,엣지 ↓,251.20579088251242,189.80873120163545,0.1463173504695996,0.013348961385687315,0.05282489204034509,0.07465062348657078,
fvg_1h,FVG mid 1h,규칙적용-전수감사-및-FVG기준선,지정가,47심볼 실측,24161,-0.0715278152072759,-3.3377223506944604,0.020073672447332477,0.09160148765460834,2025-09,0.28735632183908044,-19.49006749909476,-69.52099657709708,,2021-10,0.8285857071464268,-0.0753303412560328,-0.06709948371580565,엣지 ↓,89.36208828953593,69.68750195663425,0.03501016260162602,-0.04552555233206874,0.08749865739085474,0.10962061275852948,
fvg_4h,FVG mid 4h,규칙적용-전수감사-및-FVG기준선,지정가,47심볼 실측,22835,-0.005886781273735884,-0.28661687358450016,0.06945478432231224,0.07534156559604809,2025-09,0.017991004497751123,7.7591109583959845,-54.56575311807461,,2024-06,0.3613193403298351,0.03457183640980251,-0.04829411881520416,엣지 ↓,107.4447256578006,84.21246795574604,0.09378825783786661,-0.043478260869565216,0.07189903226725991,0.09131856007429495,
fvg_4h_g150,FVG mid 4h · 1R 150bps 이상,FVG-47심볼-게이트안정성-재검사,지정가,47심볼 실측,6333,0.02492369820272,0.7184922255906397,0.05510816358755724,0.030184465384837194,2022-02,0.15942028985507245,20.558081853255505,-0.9007365625420624,,2024-04,0.7821089455272364,0.08143742496890656,-0.05382388705311137,엣지 ↓,222.82632103094647,205.68070519099004,0.15943877551020408,0.020776495278069254,0.028328559609339832,0.030795181073395406,
trend_fvg_15m,추세추종 FVG 15m (4H 정렬·fib0.7·3R),추세추종-FVG-IS결과-기각,지정가,"재현 ✓ 거래수 6,172 (문서 6,189)",62932,-0.10385376314678035,-7.9383612041530345,-0.012871035403292442,0.09098272774348791,2022-08,0.009495252373813094,-35.627962231963195,-126.92931120514403,,2022-08,0.36031984007996004,-0.09887258470449395,-0.10930785506834105,엣지·비용 둘 다,125.37145058092642,79.20484547289946,0.024443885886640693,-0.02550087200646561,0.06026438329215855,0.10137984658304838,
trend_fvg_1h,추세추종 1H 레그 (4H 정렬·fib0.7·3R),1H레그-1단계결과-기각,지정가,문서 정의대로 (대형5 결과만 있어 직접 대조 불가),27019,-0.07055402662661132,-3.398118936165806,-0.0076982863910581446,0.06285574023555318,2025-07,0.7161419290354822,-37.592992531509225,0.9119478068799202,,2025-07,0.5002498750624688,-0.08620826060356936,-0.053148877469019654,엣지 ↑,140.24988770026818,114.47570896386799,-0.02727314538012234,0.07297194844579227,0.06090431951004785,0.07089776844530725,
sweep_choch,FVG 관통 → 15m CHoCH,FVG관통-스윕CHoCH-기각-및-엣지부재,지정가,기존 코드 그대로,61447,-0.05813780232832039,-4.3873199397322695,-0.023044249515842923,0.03509355281247747,2025-03,0.8220889555222389,-46.283348343283706,-87.31726047087302,,2022-01,0.8850574712643678,-0.050807642409371495,-0.0659726650193729,엣지 ↓,241.66545348667978,198.34710743801713,-0.014550585330364426,-0.04699154649428145,0.033407204130036686,0.03984809594318549,
choch_15m,순수 CHoCH 15m,FVG관통-스윕CHoCH-기각-및-엣지부재,지정가,기존 코드 그대로 (대조군 B),286400,-0.04736268240039282,-7.1080515205724915,-0.013631284916201117,0.03373139748419171,2022-07,0.4617691154422789,-103.5678816149729,-250.2323753176648,,2022-07,0.8315842078960519,-0.04738831589728163,-0.047333488573296334,엣지·비용 둘 다,334.0077616372171,217.63465147804612,0.001829989818101764,-0.01888902405929198,0.023205347205820105,0.03731087120300162,
weekend_gap,주말 갭 메움 (200bps+),주말갭-OOS결과-기각,시장가,재현 ✓ 거래수 770 (문서 757),8976,0.028459822183478947,0.816111151839676,0.049465240641711226,0.021005418458232276,2025-01,0.47126436781609193,-2.238491988203681,19.788194632670702,,2025-01,0.5337331334332833,0.02120096163571927,0.03662238939351592,엣지 ↑,551.2973933381062,506.43872446507066,0.005132192846034207,0.16142969363707776,0.02079815543843944,0.02152886748308222,
pain_tail,painR3 꼬리 (48봉 시간청산),체결모델확정-및-painR3-3종검정,지정가,문서 정의대로 · 1R = 2×일간ATR 로 환산,162856,-0.14650188729462524,-7.678533920222031,0.003682747292618872,0.15018463458724407,2022-03,0.10394802598700649,-72.58054082526866,-443.4677963110679,,2025-11,0.2748625687156422,-0.16011364285353508,-0.13312906527740112,엣지·비용 둘 다,84.87557782876448,57.44577431608611,0.06109754695933491,-0.004624522995348103,0.09988238781811339,0.15746279914462089,
tsmom,시계열 추세 28일 (주간 리밸런스),시계열추세-시뮬레이션결과,시장가,재현 ✓ 대형5 샤프 0.99 (문서 0.99),270,0.006860778551627762,1.4614121524815007,,,2025-04,0.999000499750125,0.03641738154665453,0.006958392980005225,,,,0.007207452306219363,0.006487437585144501,—,,,,,,,0.6413461679527473
