symbol,tf,gate,n,ctrl,ctrl_sd
ADA,4h,100.0,211,0.022511848341232224,0.06657952534241979
ADA,4h,125.0,161,-0.06521739130434782,0.07944080763126157
ADA,4h,150.0,125,0.008000000000000002,0.09911609354691095
ADA,4h,175.0,88,-0.005681818181818179,0.16127424967680187
ADA,4h,200.0,66,0.07323232323232323,0.12337609596268796
ADA,1h,100.0,152,-0.021929824561403508,0.09737187839602336
ADA,1h,125.0,83,-0.01907630522088355,0.20048921232646447
ADA,1h,150.0,48,-0.01736111111111112,0.1440449202270246
ADA,1h,175.0,33,-0.07575757575757576,0.19462473604038075
AVAX,4h,100.0,240,-0.007638888888888887,0.07117632101225453
AVAX,4h,125.0,172,-0.04893410852713179,0.07529980091226562
AVAX,4h,150.0,126,0.0033068783068783067,0.1237373591297295
AVAX,4h,175.0,93,0.017921146953405017,0.12549922150545947
AVAX,4h,200.0,65,0.011538461538461539,0.1530910958520819
AVAX,1h,100.0,167,0.018463073852295408,0.09666095007584326
AVAX,1h,125.0,106,-0.0699685534591195,0.16324018711194566
AVAX,1h,150.0,70,-0.08690476190476192,0.20181643957677659
AVAX,1h,175.0,45,0.005555555555555563,0.23832836911000282
BNB,4h,100.0,57,0.04970760233918129,0.21087122493687474
BNB,4h,125.0,35,-0.10714285714285715,0.16664965899616302
BNB,1h,100.0,32,-0.0703125,0.24243938514348282
BTC,4h,100.0,126,0.06746031746031746,0.10556351165464961
BTC,4h,125.0,78,-0.024572649572649572,0.19488714045891772
BTC,4h,150.0,41,-0.07520325203252033,0.2338281911484198
BTC,1h,100.0,52,0.11057692307692307,0.20594663452503748
DOGE,4h,100.0,208,-0.022836538461538464,0.10356318656115307
DOGE,4h,125.0,149,-0.036912751677852344,0.15327650332187057
DOGE,4h,150.0,110,0.0015151515151515134,0.1670450250801873
DOGE,4h,175.0,81,-0.027777777777777776,0.14059311078926387
DOGE,4h,200.0,64,-0.01171875,0.20944932216335171
DOGE,1h,100.0,180,0.003240740740740737,0.14108373774550143
DOGE,1h,125.0,119,0.04341736694677872,0.08582360616164442
DOGE,1h,150.0,73,0.00342465753424658,0.15749701763790297
DOGE,1h,175.0,55,0.07878787878787878,0.2345305766168406
DOGE,1h,200.0,39,0.0021367521367521383,0.19680171577879962
ETH,4h,100.0,196,-0.04846938775510204,0.0921315185767473
ETH,4h,125.0,122,0.022540983606557374,0.11239400732175091
ETH,4h,150.0,80,-0.03229166666666667,0.14464921049636678
ETH,4h,175.0,48,0.078125,0.21485032607780874
ETH,4h,200.0,34,-0.03186274509803922,0.2704865360177081
ETH,1h,100.0,100,0.03166666666666667,0.1125339454959653
ETH,1h,125.0,55,0.02727272727272728,0.18385225832869714
ETH,1h,150.0,30,-0.011111111111111105,0.21702249982916233
LINK,4h,100.0,228,0.029239766081871354,0.09419335478271705
LINK,4h,125.0,158,-0.037447257383966245,0.1110892719640068
LINK,4h,150.0,110,-0.03636363636363636,0.1436919723579233
LINK,4h,175.0,88,0.019886363636363636,0.1910603770154588
LINK,4h,200.0,58,-0.01580459770114943,0.14789082815973398
LINK,1h,100.0,170,0.02156862745098039,0.09905357600247128
LINK,1h,125.0,98,-0.03656462585034013,0.1574461653063947
LINK,1h,150.0,54,0.03395061728395061,0.2670600379356974
LINK,1h,175.0,35,0.02380952380952381,0.20465113282804093
SOL,4h,100.0,232,-0.012212643678160924,0.0965079907453871
SOL,4h,125.0,170,0.04950980392156862,0.09422354132646449
SOL,4h,150.0,128,-0.015625,0.13463818702823505
SOL,4h,175.0,93,0.06272401433691756,0.1986015651320435
SOL,4h,200.0,67,0.03358208955223881,0.14200363743135788
SOL,1h,100.0,186,0.039426523297491044,0.10556757329765692
SOL,1h,125.0,117,0.0633903133903134,0.1513913979140668
SOL,1h,150.0,78,0.04487179487179486,0.14328990366922212
SOL,1h,175.0,53,-0.058176100628930826,0.21002781878687513
SOL,1h,200.0,39,-0.05769230769230768,0.16588409304458532
TRX,4h,100.0,101,0.005775577557755773,0.10044002894265218
TRX,4h,125.0,65,-0.12435897435897436,0.13359810988123888
TRX,4h,150.0,44,-0.07386363636363635,0.21702760516800318
TRX,4h,175.0,35,-0.0642857142857143,0.1959192531159115
TRX,1h,100.0,75,-0.061111111111111116,0.11956195769723353
TRX,1h,125.0,40,-0.15416666666666667,0.21453276103093333
XRP,4h,100.0,173,0.006262042389210017,0.09647750176102514
XRP,4h,125.0,131,0.03689567430025444,0.1273853969115826
XRP,4h,150.0,89,-0.0646067415730337,0.12655006183351009
XRP,4h,175.0,70,-0.05714285714285714,0.11413680775435128
XRP,4h,200.0,55,0.04848484848484849,0.19741209060487672
XRP,1h,100.0,127,0.0721784776902887,0.1235757864081569
XRP,1h,125.0,78,0.05982905982905983,0.11707373958805749
XRP,1h,150.0,50,0.05166666666666666,0.15799964838216854
