,V0,V2,V3m,V3e,V1
2021-05-03,0.14662601599423536,0.11153191202232556,0.08984340284795073,0.08045811606658865,0.16223000275815477
2021-05-10,-0.032492749677137424,-0.06328673469191312,-0.07015917222029427,-0.07227503077444562,-0.013807302653737431
2021-05-17,-0.019105129108428775,0.028706417173165032,-0.094057454901551,-0.16674300118698118,0.03295741189930104
2021-05-24,-0.1485992109221399,-0.06328153768519579,-0.03328818839148559,0.008164979873454182,-0.010445776621186901
2021-05-31,-0.1156057034795113,-0.07638076443262723,-0.07591849538003868,-0.07547778614173573,-0.0949544287204845
2021-06-07,0.11738409905059922,0.11539671429341142,0.1116269555615403,0.1116269555615403,0.14207660138368702
2021-06-14,0.09104497109476468,0.23875850782056265,0.23873297590566903,0.23873297590566903,0.08883557529465394
2021-06-21,-0.016542767518108917,0.01065838167897001,0.01065838167897001,0.01065838167897001,0.15218636102906258
2021-06-28,-0.14197484834706206,-0.08875083394352809,-0.08847236063106109,-0.08821249544409325,-0.09436503097619069
2021-07-05,0.014381606724085883,-0.006042784200988096,-0.006042784200988096,-0.006042784200988096,-0.06203440086149554
2021-07-12,0.09741293974781558,0.12348923318904738,0.12717581668191513,0.13086646289135104,0.08427219965650522
2021-07-19,-0.09634649762046082,-0.1885290816430896,-0.1867902682408896,-0.18513285453134573,0.004135459132490007
2021-07-26,-0.001769274490186899,-0.0306986263836402,0.0013777590234604047,-0.03922567606926833,-0.06866678599951369
2021-08-02,-0.018041129403859612,0.045966541484800165,0.029482353084795656,-0.018944200280191892,0.06394252010151932
2021-08-09,0.16311628363979871,0.1732540261032342,0.13679623607138686,0.11674423596536704,0.12372600822419805
2021-08-16,0.09735674809902825,0.09908822752367488,0.11734861017142047,0.1411818289149801,0.12800197336592095
2021-08-23,-0.006214925407129603,-0.07294473920194015,-0.07294473920194015,-0.07297027111683377,0.0242180356536519
2021-08-30,0.19652877863704368,0.21244654432933927,0.21244654432933927,0.21244654432933927,0.12741727182622173
2021-09-06,-0.06298358938335287,-0.08114298865494422,-0.08114298865494422,-0.08114298865494422,-0.05823105810529617
2021-09-13,-0.018140941319837754,-0.046881892829091845,-0.03395953432905179,-0.021675969354896126,-0.008097045270990028
2021-09-20,0.027145686452813858,0.008834297070098886,0.013784170979247857,0.006449439589474503,0.0245127019003024
2021-09-27,-0.05917089057233511,-0.04749809183230395,-0.042859581307557675,-0.03787564317093402,-0.05467700783143184
2021-10-04,-0.016845379417793724,-0.044870163094919494,-0.04091314452771246,-0.037155250065877686,-0.059259075463261805
2021-10-11,-0.016451802716441033,0.01750494608813912,0.027828968315616636,0.028027640244330767,0.006309479591698026
2021-10-18,-0.0143065371389637,-0.057565424941234476,-0.047517998017481765,-0.03474764486683867,-0.021333445129515592
2021-10-25,0.10877807094191941,0.11157695677477265,0.12789229242793512,0.1417147429730864,0.04401494355412674
2021-11-01,0.03967200619678984,0.031229204005396183,0.03280152760418231,0.030996735901623475,0.06068015600438148
2021-11-08,0.02706933845381893,0.0135370599802678,0.0185646601009738,0.012940510401063678,0.013183059154217426
2021-11-15,-0.044171240974220746,-0.04980946134533869,-0.05831922782199424,-0.05059025421888446,-0.0380118277045724
2021-11-22,0.0427624486316864,0.0369035233862311,0.035002555253280006,0.030678536677340627,0.060183635659213267
2021-11-29,0.0983878004436218,0.07618672855751213,0.07767737128678213,0.07919032329973848,-0.029617323394350022
2021-12-06,-0.0003040185373261298,0.007574303851666921,0.014001997247812493,-0.0030954527415031894,0.12213106863086377
2021-12-13,0.04303940275142453,0.02965550670324847,0.04380207942438475,0.045549392998985146,0.044038133087897745
2021-12-20,-0.16373169898539292,-0.24330157762706336,-0.24330157762706336,-0.23699085789740731,-0.15482198413449313
2021-12-27,0.04461277548323637,0.07493987151723483,0.0754176613514708,0.08036322744751405,0.0832622004530523
2022-01-03,-0.009738367392493709,0.1506300017065075,0.15060446979161388,0.15060446979161388,0.02320562566594887
2022-01-10,-0.022247903246376335,-0.05308957842880541,-0.05308957842880541,-0.05308957842880541,-0.00019133449390292912
2022-01-17,-0.0045846082207829245,-0.018078439284558934,-0.029040385128743205,-0.024219102858625486,-0.007207896465225749
2022-01-24,-0.005183863371012161,-0.13689116635575782,0.013143121667991933,-0.004808955190355281,0.1234931672538023
2022-01-31,-0.16335890171788903,-0.21727845578491892,-0.21366521976089775,-0.19486183457068654,-0.0985739611267741
2022-02-07,0.06407598648019314,0.10138698219927898,0.10138698219927898,0.10138698219927898,-0.007617560511572807
2022-02-14,0.07635577172803995,0.08853394048076973,0.08853394048076973,0.08853394048076973,0.044553901690016426
2022-02-21,0.02212765269533145,0.012666254525688942,0.012970667073469439,0.013260025163954426,0.03538161245972959
2022-02-28,-0.0033645977386497577,-0.008518982236683528,-0.007114537426342556,-0.005741968035422256,-0.019768598239693253
2022-03-07,0.022772514895530113,0.027463787413385166,0.029319760578097275,0.02669248585438362,0.024759739773021
2022-03-14,-0.139343287259875,-0.1453418119702065,-0.14330435379353454,-0.14091494595131052,-0.11484556411870277
2022-03-21,-0.03455708187634021,-0.1248105416846071,-0.1380222001098999,-0.13693081152868863,-0.07075328307470095
2022-03-28,0.10916701472096314,0.03715151714908386,0.07148386521635776,0.012558779928310592,0.2311198808179865
2022-04-04,-0.1757511722536618,-0.19174010568994773,-0.19063129616617117,-0.1844657437060623,-0.14043032331178873
2022-04-11,-0.05136131964352072,-0.008111538106891171,-0.006532856734265351,-0.005024613121403368,-0.06240322088357184
2022-04-18,-0.0011154724286258845,-0.002141255351597608,0.014102428426315202,0.029690110368887027,-0.001484958703091399
2022-04-25,0.09789478293091354,0.047988208463466936,0.058566286147993425,0.02433797084472335,0.054584629640997175
2022-05-02,0.07103951417678599,0.12489661991798355,0.13545396879231567,0.16464306617240723,0.06011351229065276
2022-05-09,0.23588085920881752,0.23985657852561854,0.22696255160413262,0.22696255160413262,0.3365110996287616
2022-05-16,0.043906559655538885,-0.06775289481265451,-0.06641311139751219,-0.06752278411578794,0.021195640733235398
2022-05-23,0.07581348033362233,0.07077135494290802,0.07077135494290802,0.07074582302801441,0.06963715960985464
2022-05-30,-0.007700040619180905,-0.02317690577116471,-0.02317690577116471,-0.02317690577116471,-0.0495065027418768
2022-06-06,0.19680562971054283,0.3365556613837895,0.3365556613837895,0.3365556613837895,0.025729019877633156
2022-06-13,0.03425737829958681,-0.07745611302099255,-0.07745611302099255,-0.07745611302099255,0.09325411024701742
2022-06-20,-0.1088142192921481,-0.09874085355960993,-0.09874085355960993,-0.09874085355960993,-0.1791743608537531
2022-06-27,0.05278487813066744,0.0545845915721739,0.05567204519667584,0.05677083271649584,0.051004525074750166
2022-07-04,-0.050895945439919404,-0.030661611296341373,-0.030296912138192803,-0.029952028134865954,-0.08990971141100365
2022-07-11,-0.0038096627640387334,-0.09382763029685433,-0.08901745797973432,-0.0843932581925501,0.004422575488086329
2022-07-18,0.043748999042808094,-0.024184990318110822,0.014268559875565514,0.02472199499225631,0.04301425302834075
2022-07-25,0.007794233590897828,-0.023564318114774444,-0.013715367235703546,-0.007644255141463712,-0.0033799162339561415
2022-08-01,0.055537038001304655,0.09231823540260246,0.09167822918643963,0.0945680965030089,0.03568312187834216
2022-08-08,0.03041685119897428,-0.026833435201515734,-0.021619376203852736,-0.01616074904821861,0.06261882785817469
2022-08-15,-0.15639579831616365,-0.1762335672390932,-0.17494976380968216,-0.17364286653311664,-0.16881690013325085
2022-08-22,0.03716244287740886,0.002230768073520513,0.02574891542543048,0.036775381829385084,0.0059744413880496415
2022-08-29,-0.07778594646949313,-0.02819139816572251,-0.01719444159817188,-0.009077351197092536,-0.004836560188551262
2022-09-05,-0.041278403546713936,-0.07890616487273533,-0.07824833811869951,-0.07769346913507645,-0.06149345941079616
2022-09-12,0.1415574054591989,0.1623515540332422,0.1623515540332422,0.1623515540332422,0.08694354094526831
2022-09-19,-0.017731575066955964,-0.012168098225062868,-0.02614680568661442,-0.02614680568661442,0.03264335618761853
2022-09-26,-0.003655361094968108,0.001345832628350008,0.002593182580323963,0.00385457530619835,-0.008532797891384893
2022-10-03,-0.03887666358165031,9.467478258401714e-05,0.001072356779993505,0.0020184404001028404,0.007958257830052079
2022-10-10,0.03571336470345321,0.02026956382803313,0.016652080789893303,0.01723885533861606,0.040148027062509965
2022-10-17,-0.001870539540604849,0.018037889050923274,0.01798682522113604,0.01798682522113604,0.004410620047118262
2022-10-24,-0.08175702159465956,-0.10842152091322471,-0.10509432732092724,-0.1119027869113215,-0.07171289555361482
2022-10-31,0.012382044758928396,-0.011982365915558629,-0.046085617597567546,-0.039176711987999976,-0.005691418545048189
2022-11-07,-0.019068158819884662,-0.14316762753478324,-0.14164408359176178,-0.1401121950738161,-0.14264497605185372
2022-11-14,0.026800415651457854,0.029570956055240964,0.06157703442123165,0.04533385072993476,0.0419870017925074
2022-11-21,-0.04053224775659518,-0.02737501802057459,-0.02737501802057459,-0.01049776141990594,-0.01758357823982225
2022-11-28,-0.018767905409867995,-0.039753155147506866,-0.03808301305616381,-0.03648947767677788,-0.023718626287323984
2022-12-05,0.0392330162954834,0.06432809653763634,0.06443243969426855,0.06451958349000257,0.03367030442661227
2022-12-12,0.007627586247838058,0.0006299830079321083,0.0021782388730795296,0.0037205291534829045,-0.005107630476021932
2022-12-19,0.014318335548895897,0.019287419599973987,0.00555504168987256,0.006671805570312863,0.0456936709226546
2022-12-26,0.027713921216665285,0.015815368879730365,0.016391669638552167,0.010275868542481557,0.05173915710796659
2023-01-02,-0.12049833017611049,-0.1451829323088023,-0.14523399613858956,-0.14533612379816402,-0.07677686921140844
2023-01-09,-0.14890506167517728,-0.1642321003806079,-0.17465125955010047,-0.17308617433178786,-0.18147748635757693
2023-01-16,0.05374308436856622,0.06827187546776128,0.08889993696750505,0.04378934785796883,0.10545998545862467
2023-01-23,0.08397249674445867,0.013758754256181605,0.020341198636419467,0.03607165084392924,0.09516663315418086
2023-01-30,0.011612363464205062,0.06271486975752615,0.06271486975752615,0.06278013840518157,0.039886068024711986
2023-02-06,-0.06585351922318584,-0.08990865622666834,-0.08990865622666834,-0.08990865622666834,-0.05981458819090672
2023-02-13,0.14176691286117032,0.33025239006363044,0.33128045986444615,0.3322685883299719,0.14371959901534792
2023-02-20,-0.014021727358964878,-0.055622501016248854,-0.05492842792348988,-0.05425899390294742,-0.009773843513383534
2023-02-27,-0.016246152768556243,-0.03426574549529515,-0.033764633362879416,-0.03671262370374336,-0.021749806170218284
2023-03-06,0.022839617488736454,0.025571656397625077,0.017855305141702176,-0.00757083959024132,0.05111279606531235
2023-03-13,-0.03628306277349275,-0.08457771766781343,-0.08465431341249427,-0.08478197298696236,-0.12867587570779895
2023-03-20,0.017853689800097723,0.022076297576615268,0.028911831849957086,0.025187613200011057,0.014324242057957556
2023-03-27,-0.007920234011022046,-0.023307855114577804,-0.018071966865220772,-0.029786491514682496,-0.007478358613429498
2023-04-03,-0.005984824582811496,-0.004143186752653647,-0.0011888793051053636,-0.00011720582408356914,-0.011693071210066044
2023-04-10,0.07288978980938492,0.06697028178405166,0.0699360910297822,0.059692584276701835,0.06409030606782291
2023-04-17,-0.0829641407650798,-0.09075691712042408,-0.0894874538878704,-0.08749133934051932,-0.10012294294621019
2023-04-24,-0.006651917010260176,0.0007141032800034048,0.002003282844853039,0.00315934527873599,-0.012753081348128647
2023-05-01,0.0161208114595051,0.03980892596825579,0.02936069734846277,0.027091208866088845,-0.008388727672816296
2023-05-08,0.056605975317049605,0.01238453401486638,0.00793231186895166,0.006401488209820994,0.0923431848273361
2023-05-15,-0.006701467554585705,0.0029226530011161604,0.0029618069291927817,0.003060012128965378,-0.04682771859996873
2023-05-22,-0.03346557902905284,-0.02584176393723086,-0.025671451723195335,-0.028589504789480007,0.021043484697932324
2023-05-29,0.008742902856795666,0.029822415132761945,0.029822415132761945,0.029847947047655563,-0.024389252252662467
2023-06-05,0.12417930040866326,0.17726141259259137,0.16811163653336178,0.16832226370258202,0.09972970006582137
2023-06-12,-0.00936721763257081,-0.014618413563696758,-0.013557612944148376,-0.013557612944148376,0.08312580396552308
2023-06-19,-0.17762135093243514,-0.1707999535969885,-0.170728931032441,-0.17062412343797992,-0.14340119115003108
2023-06-26,0.0047228974929963315,-0.026610391648643143,-0.04279972019365992,-0.050072141549958635,-0.003555639497278476
2023-07-03,0.014803842153292536,0.04216037938402855,0.04658484686238077,0.048860611915403175,0.0046325955319778764
2023-07-10,0.05222555860829265,-0.024383064601676,-0.023377270279702142,-0.02379676027386272,-0.005059135404092083
2023-07-17,0.0053732284970799005,-0.0372167937354786,-0.020074300931172673,-0.0020586478852344914,0.01627539225382334
2023-07-24,-0.008530715188420555,0.007071987566461501,0.009464841710908027,0.010118256035466405,-0.020200084030821346
2023-07-31,-0.00726218359945484,-0.019967153610387582,-0.015295109332342629,-0.02201704716808102,-0.02288348324890689
2023-08-07,0.005580656550052838,0.004060406788452171,0.005025493112926053,0.005987685312936786,-0.005764100050115308
2023-08-14,0.07031514237185242,0.09139009655699801,0.09374792555149171,0.08467781465714118,0.09098797324429383
2023-08-21,0.010911133781812386,-0.007925314819276396,-0.007195423186176474,-0.007794556278436438,0.000713948803661246
2023-08-28,0.03169159704105832,0.017505223110362927,0.017505223110362927,0.01747969119546931,0.019921220811763955
2023-09-04,0.022572563331687515,0.05202838032552826,0.029551033420872563,0.029551033420872563,-0.017307025148140646
2023-09-11,-0.01486512664138589,-0.06642054947546533,-0.06400573608106037,-0.061431579154240364,0.017971995890681818
2023-09-18,-0.0013767634921993846,0.004354891456135946,0.006847351673389265,0.01110781888168835,-0.013441875071763651
2023-09-25,-0.024990812468927395,0.0022672076476313403,-0.0008463804502648691,-0.00045820684449854587,0.0016962213981038378
2023-10-02,-0.05137860709061839,-0.05646673468049076,-0.04456801796093875,-0.03615783140276098,-0.018925823997822364
2023-10-09,-0.013708995533050048,0.02138818718512309,0.031771798318334134,0.03766970885776863,-0.017796153918991694
2023-10-16,0.016271511539121982,0.010037978738273539,0.009986914908486307,0.00985925533401822,-0.006522624769352437
2023-10-23,0.03795446400834521,-0.026932750751639284,-0.07373855618113047,-0.07373855618113047,-0.021546388170056243
2023-10-30,0.10009614036714305,0.09373184331073948,0.09965615129422932,0.019627315547205537,0.07606239527024108
2023-11-06,0.1354678227862707,0.1024470311843906,0.125402957114458,0.12082540110321041,0.1393981306593884
2023-11-13,-0.027171819186967792,-0.018044643272432274,-0.018044643272432274,-0.007719511304397561,0.008823782024196468
2023-11-20,-0.003978987671663112,-0.035373636792475585,-0.035373636792475585,-0.035373636792475585,0.02432811584376237
2023-11-27,0.055841644422587766,0.07984843808479514,0.08309014750918328,0.08269878828180566,0.016546686332000342
2023-12-04,0.09460668334359582,0.0469010436788679,0.0469010436788679,0.04727436230252899,0.1306573715366191
2023-12-11,-0.04817545016799665,-0.025585284826761836,-0.021818735757202688,-0.01823852872187216,-0.036625088955141896
2023-12-18,0.09923831287804794,0.17775041022494134,0.1815806701981893,0.18525670796739477,0.05350545303069961
2023-12-25,0.013309610289170725,0.013639083969959845,0.014742859692265452,0.01582645025500427,0.04556023449650684
2024-01-01,-0.10420463505710995,-0.13474986785231197,-0.13474986785231197,-0.13474986785231197,-0.08158094126427666
2024-01-08,-0.049647487024806085,-0.039882689769101934,-0.01844110299362944,0.002059838100810361,-0.04874067423536717
2024-01-15,-0.046929929804878916,-0.043072360280360884,-0.03485844664144676,-0.033824208922629634,-0.03184675703658142
2024-01-22,0.0041435428427890825,-0.016361643109636136,-0.014738038824817052,-0.004899565138695765,0.004273744539983078
2024-01-29,0.011517631727009904,-0.009662864161910733,-0.0074735213290777905,-0.004655608641480331,-0.013244190781607932
2024-02-05,-0.02212720367515308,-0.0315213270939123,-0.029163042176231915,-0.0316471497676079,-0.032950119443366586
2024-02-12,-0.004858065582050751,-0.08020816585152434,-0.08440391529101328,-0.08341858266281546,-0.0443673411345454
2024-02-19,0.05352665881309145,0.04914777446084682,0.05385356206551766,0.06606594332249104,0.05125970795067529
2024-02-26,0.21129642622721875,0.24351004405815346,0.24074279341211122,0.2235217581260952,0.1717604565413303
2024-03-04,0.10225159718086861,0.11536839990618154,0.11639578693197004,0.1219691213341178,0.14584407829788512
2024-03-11,-0.013931053992496473,-0.07800260077841632,-0.0758788121869943,-0.07365592614936177,0.04420921436838134
2024-03-18,-0.009242437511649026,0.019829486497356108,0.017600327371454134,0.017600327371454134,-0.08405544901483973
2024-03-25,0.06164276631342406,0.032435031893359896,0.032435031893359896,0.032435031893359896,0.10504019947840666
2024-04-01,-0.051504016172824754,-0.015023711119724038,-0.015410043720733308,-0.013757610007565186,-0.07409032605127815
2024-04-08,0.11530830255752841,0.11200363681713967,0.1119015091575652,0.11187597724267158,0.056879495894769226
2024-04-15,-0.0396908155681778,-0.024638129532033468,-0.01836072503246615,-0.012795689323909492,0.05150661067513912
2024-04-22,0.028276070780094566,0.06090526920090642,0.061446420802769165,0.06200337220594099,-0.02168571463642868
2024-04-29,-0.032630324626006645,-0.047785093433008526,-0.04452813939152201,-0.04317584954405192,0.008144579919103957
2024-05-06,0.05343481424372324,0.026815891254555024,0.026815891254555024,0.026790359339661403,0.006864878756611062
2024-05-13,-0.05161795007063757,-0.04502738166541166,-0.03955332446725765,-0.03381569484098148,-0.05190635337471656
2024-05-20,-0.06012476292088366,-0.014455690850177437,-0.009715621904549289,-0.009583123978497116,-0.007691518879946845
2024-05-27,-0.022887559906510112,-0.013208282474558306,-0.008134916114602465,-0.0031031667772318905,-0.010415104899913702
2024-06-03,0.007437825529329629,-0.023613017236333772,-0.02335962580099765,-0.023139572097569748,-0.025811990024287274
2024-06-10,0.002156375553885297,0.0036792837893476695,0.005285998331750481,-0.007485356049797323,0.013174362798220218
2024-06-17,0.10071852067956755,0.07113302286972571,0.05450873897369294,0.04417841558999876,0.0538708647912906
2024-06-24,-0.041247057261314175,-0.05373664916121612,-0.04559332217802461,-0.03976353653109051,-0.005239034639993757
2024-07-01,0.15412971883700882,0.11099944402709717,0.11099944402709717,0.11269375489790386,0.14054652760790043
2024-07-08,-0.13509295804156865,-0.09368653553866436,-0.09368653553866436,-0.09368653553866436,-0.06724460941363763
2024-07-15,-0.08306940977145738,-0.047725193085025916,-0.04970708117352229,-0.044442146687496,-0.10951296306840583
2024-07-22,-0.04607058409759421,-0.009141350144796636,0.0005133024362523408,0.0065011255214932956,-0.00833386865963262
2024-07-29,0.07237486144212366,0.08023294374086187,0.06337687528518937,0.04935803225214161,0.01727102531038163
2024-08-05,0.01735171852082272,0.05777643678021493,0.08499262428493345,0.11058904307404677,-0.005858320673799741
2024-08-12,-0.029653904015820784,0.004045380608162792,0.005599157938182011,0.0029457404632994106,0.0005789284453321435
2024-08-19,-0.1331167913066526,-0.11282034165491145,-0.11209328835136785,-0.11148242353076675,-0.15138966398412676
2024-08-26,0.09437777243269309,0.07481345760872443,0.07609474132579475,0.0773989731904453,0.07293348977003364
2024-09-02,-0.003921724197165747,0.008050872772599698,0.00965880158000299,0.009401978347980644,0.05738911643505889
2024-09-09,-0.0004464296482802561,-0.003536789263444568,-0.003536789263444568,-0.003562321178338185,-0.09859936983374344
2024-09-16,-0.004845716281362942,0.0760015194770368,0.07890467237955794,0.08171506829818016,0.022967523021003886
2024-09-23,-0.046527923187409496,-0.04643515197449833,-0.04554894442702765,-0.044741924912634075,-0.08729176470468375
2024-09-30,-0.0857567654298839,-0.06606032497326005,-0.06070560636899437,-0.06033333070444804,-0.10909337269148514
2024-10-07,-0.004883533450830274,0.014802563781578815,0.014860379816809753,0.014875603626385384,0.009504181966301881
2024-10-14,0.04894744036555154,0.008038024561906772,0.008174643455422051,0.008293906825985896,0.011005074462666383
2024-10-21,-0.04722186656074963,-0.004776378489781829,-0.004021287629517281,-0.003269953364172336,-0.011094021088013117
2024-10-28,0.05936681543628152,0.0466176993069459,0.05832368829016677,0.0695457672574432,0.03117163390821897
2024-11-04,-0.22103514312778533,-0.15292795240016596,-0.14908492164801296,-0.14555210580330505,-0.040034875906473
2024-11-11,0.0815577665626826,0.0767449822967139,0.03749828980636768,-0.010171602514911995,0.05371505515685507
2024-11-18,0.2688742432480725,0.23108909851610476,0.18924811241200956,0.019279549271743707,0.1895802771027057
2024-11-25,0.1408128304879378,0.14265911319737254,0.13569813137619716,0.022863346110600327,0.2500075900028729
2024-12-02,0.24658117190200843,0.14931450409435726,0.14801654600894232,0.10532734301938868,0.30364514334281845
2024-12-09,-0.11170823354400597,-0.08160720900112782,-0.08163274091602143,-0.08024770779792532,-0.08095372484170377
2024-12-16,-0.2230127573708529,-0.17958146139752948,-0.17958146139752948,-0.17958146139752948,-0.22594030289580583
2024-12-23,-0.007924670235315324,-0.00912684082725183,-0.004151355729517859,0.0006086411158420609,0.009265097706010549
2024-12-30,-0.09368078441692952,-0.07712392183755634,-0.06245452029263313,-0.048422490696907856,-0.05446350321528761
2025-01-06,0.11332726435222325,0.16777729910056777,0.15829006712454238,0.1590730619442165,0.08570505902378332
2025-01-13,0.013999324604695069,-0.13362060522821215,-0.12618302540014126,-0.11916815820817551,-0.13245502690017782
2025-01-20,0.014804060303932803,-0.11343843043524234,-0.10797172265024876,-0.10428634606358224,-0.12270130510917386
2025-01-27,0.10343258270808584,0.10429337464312545,0.1476179918102562,0.08449317782071274,0.001514360718317777
2025-02-03,0.07147560090895541,-0.05189102897590509,-0.004338662042597385,-0.007343885892091803,0.22222231206141213
2025-02-10,-0.03641407441037887,-0.04100442744637571,-0.04110655510595018,-0.04038623278316724,-0.10523327606627775
2025-02-17,0.008618833534585027,0.08253327441678357,0.07661925327401213,0.07702748979255042,0.06901690761748022
2025-02-24,-0.017771645148593362,-0.010070596909664694,-0.00841559138330618,-0.006812395729787841,0.06847088724902221
2025-03-03,0.10353761523666132,0.15042685899249358,0.1433778605006693,0.1368106292686033,0.013136795356469095
2025-03-10,-0.0066112162829394805,0.014332765321881212,0.014358297236774828,0.015019615442725929,0.04701153131230956
2025-03-17,-0.06288692869631637,-0.0707095736550224,-0.06867618269353502,-0.0667742434318746,-0.024185358113941825
2025-03-24,0.0860442521107961,0.1157671829772059,0.1157671829772059,0.1157671829772059,0.024338459816018627
2025-03-31,0.1357583092643408,0.1381355506711853,0.13850989854674936,0.13886429252142557,0.0643711930549156
2025-04-07,-0.0631746928599163,-0.11595947012864957,-0.1054736863716281,-0.09588069191843542,0.04431251166029474
2025-04-14,-0.025339980901319153,-0.030732352822338715,-0.028373262848029608,-0.02598052738921782,-0.010579616213281661
2025-04-21,-0.08063048313702914,-0.06838231221673588,-0.06793350663637243,-0.0692413829842781,-0.10344719295688562
2025-04-28,-0.024243055480318253,-0.03127201936929416,-0.025437987432447337,-0.0194808911708789,-0.004811637887263263
2025-05-05,0.18406743060815492,0.18921503932476216,0.19374449054684179,0.19805944911466186,0.06822717015654482
2025-05-12,-0.05167225894651255,-0.14197740787091517,-0.12730200516495982,-0.11191190383827565,0.003375699840160022
2025-05-19,-0.022313338824785155,0.05184163628338856,0.05184163628338856,0.05184163628338856,0.005952635726810005
2025-05-26,-0.02016975266517468,-0.04947279764571577,-0.05437313853469078,-0.08338604560557399,-0.04093656070781262
2025-06-02,-0.0033460402332923457,-0.01508385978912219,-0.007001123455489758,0.004820707897320444,-0.009531799963820161
2025-06-09,0.027886023955558566,0.019015762584986953,0.019015762584986953,0.019015762584986953,0.0063534218578012586
2025-06-16,0.08990850262215205,0.10044783508452579,0.10273606336407384,0.10340234443895376,0.04033620553767097
2025-06-23,-0.11406227444295144,-0.06979230422263592,-0.06737107863808739,-0.06509424350448557,0.011518285320392221
2025-06-30,0.016389503749670534,-0.004624187674452134,-0.0031341697869553577,-0.006792990213552047,-0.01245259441219752
2025-07-07,-0.1519157308690861,-0.17825434533949472,-0.17598598015991745,-0.20278166790656518,-0.1808835965364962
2025-07-14,0.15834937807739513,0.1644903732958903,0.14896813016796098,0.13598777438158954,0.08587561206682766
2025-07-21,-0.038904367330985554,-0.06486440822421927,-0.06142506241048789,-0.050652720263316,-0.019493748450858384
2025-07-28,-0.13094093324324532,-0.1111086556082906,-0.1109574091151118,-0.10967895689672814,-0.07350748207338362
2025-08-04,0.103892388908686,0.07017517294930814,0.07017517294930814,0.07017517294930814,0.09055751157988592
2025-08-11,-0.00026654810994223936,0.000588816474765455,0.008323072159363778,0.010363993270500612,-0.006698147766603188
2025-08-18,-0.02815569924079068,-0.03103212327392609,-0.028893806755099963,-0.026903842002656272,-0.06467398127653294
2025-08-25,0.02624962285750871,-0.02554325856816809,-0.017115000222561027,-0.012569114226250028,-0.04577996649865569
2025-09-01,-0.006553314134563452,-0.0023825060090436907,0.001908466310356569,-0.0002593360344111615,-0.005619358938472061
2025-09-08,-0.026002125984530864,-0.0010038837710130814,-0.0010038837710130814,0.000981425278754596,-0.04210299181713842
2025-09-15,0.004832147034654062,-0.031132675684215915,-0.030073804671325692,-0.029056208345296767,-0.012533068397003105
2025-09-22,0.03320325034328244,-0.00013424688072406313,-0.012264874199892346,-0.016918963568562918,0.04645961353495477
2025-09-29,-0.011689114141830942,-0.04546735500469835,-0.04318810493067533,-0.03434268049561303,-0.044687427088042984
2025-10-06,0.03123101415380981,-0.0035645875132283996,-0.0020140325269626257,-0.0005656046285803216,-0.007949634875632678
2025-10-13,0.044152970817006074,0.0193192663439787,0.02113646811588212,-0.004659282107597656,0.1464085009341932
2025-10-20,-0.04438548163276914,-0.008134665407171802,-0.006638021860930921,-0.0050162731891208,-0.041751736646626146
2025-10-27,0.04933889052650912,0.09530778183293669,0.09614238117066767,0.09697630139441593,0.034707344256486895
2025-11-03,-0.012210035901761956,-0.08848437216607621,-0.09122399339210881,-0.09122399339210881,-0.0574579528933178
2025-11-10,0.06088553766845989,0.10522922664460352,0.0957136738877947,0.0957136738877947,0.08756143687881522
2025-11-17,0.06514363257305267,0.06656690867621774,0.06823208428611427,0.058053693683101336,0.08687310452002615
2025-11-24,-0.006672782165768694,0.032512565673146386,0.02454318959096209,0.028181883027617583,-0.0397420463415036
2025-12-01,0.03989738815945396,-0.035377351543441606,-0.03540288345833523,-0.03540288345833523,0.055171140048531304
2025-12-08,0.04028691069314183,0.05551516999576304,0.05586376193037123,0.05619279522127561,0.02728325131962868
2025-12-15,0.05444885891136495,0.04396969596212326,0.04428777716578826,0.044590978112741056,0.05606434229321995
2025-12-22,-0.023317670657633235,-0.007168863380066474,-0.005726470599957361,-0.00435743572771982,0.009953853310201087
2025-12-29,-0.0736321967702248,-0.08268316336660006,-0.08164258595387733,-0.0806476935721692,-0.07056790199597286
2026-01-05,-0.003293997470909628,0.009474941982449834,0.01431410715688681,0.021124699360361467,-0.022696551833129623
2026-01-12,-0.003106296523270151,-0.015293887740802538,-0.013587232137912875,-0.011887763063980487,0.002484404127184585
2026-01-19,-0.07884201175038337,-0.04807855017989015,-0.04671237474852714,-0.0453572908516233,-0.07735756003724245
2026-01-26,0.12202188234879514,0.0004802427921517556,0.004158570163086129,-0.022175316506323706,-0.0027738348141479133
2026-02-02,0.07027476247562947,0.11463423034040816,0.04973441697741226,0.0032610803869670838,0.14430687279305396
2026-02-09,-0.024722762415656897,-0.048664271024956796,-0.03574247962313904,-0.00806738990608419,-0.008938645911580022
2026-02-16,0.038872499466786115,0.05772088510460059,0.05772088510460059,0.0546782748525679,0.016830311581078485
2026-02-23,0.005912470315718677,0.0031128057040648817,0.0031128057040648817,0.005374966490815072,0.034100913388401
2026-03-02,0.019391611995103704,-0.006395070371761568,-0.006395070371761568,-0.006395070371761568,0.01215376403441979
2026-03-09,-0.061205129807807374,-0.057470885116703625,-0.056549531770354176,-0.055691652200079655,-0.033015491913717374
2026-03-16,0.019530601370265754,0.014621372729640187,0.027898251640654306,0.038854928621464835,0.004031032119656598
2026-03-23,0.0024114537152640334,-0.005484672172514729,-0.007226997736422287,-0.006864730840104168,0.007431506376835576
2026-03-30,-0.028973554773354268,-0.02405936425297372,-0.03571166816982642,-0.03542512270717451,-0.003237829301196801
2026-04-06,-0.006341413831058474,-0.002993945976953774,-0.001506278053040841,-1.3075318682327227e-05,-0.03718067862108284
2026-04-13,-0.04731111860876143,-0.03571330136236539,-0.036592402638161894,-0.028492223730592202,-0.040302953173339866
2026-04-20,0.019693540715568322,0.008979822313842282,0.009041275769592488,0.009111355275169125,-0.01016577878222069
2026-04-27,-0.029917306047797347,-0.007810266142414366,-0.007042188127296357,-0.0062773954656104615,-0.02427964608076185
2026-05-04,0.0590712286800462,0.06262238122964214,0.055313934287589905,0.05602625570923774,0.06391406138844725
2026-05-11,-0.11188022727188443,-0.10515543383426848,-0.09839547468663068,-0.09156044465483142,-0.05058470008081583
2026-05-18,0.007472533441233704,0.011801331027749032,0.02590438218913466,0.02503829093864344,0.011270869242001505
2026-05-25,-0.006617277604320671,0.0013577429534340727,-0.008431950888003139,-0.00874039817469745,0.010919325506498644
2026-06-01,0.09710058633689927,0.09672042032143312,0.09464026590631762,0.06637175654811106,0.11635334530885634
2026-06-08,-0.03230074899675641,-0.058372090059174125,-0.05839762197406774,-0.056560958433773144,-0.03803260250042148
2026-06-15,0.035481315359506195,0.041746413825777595,0.04232114782399137,0.04288636214039532,0.003054911880770698
2026-06-22,0.06455707117581018,0.07714396493938727,0.07714396493938727,0.07714396493938727,0.05192120456269564
