coin,vol,beta,corr,mean_bps,ann,sharpe,t,se_ann,worst,worst_date,busted,hit,bh_total,bh_ann,mkt_bps,own_bps,cost_bps,long_share,flips,risk_share
BTC,0.5567260967324927,0.5149769757075465,0.7838053502998426,107.88207612684066,0.5609867958595715,1.096239509876823,2.497961041660716,0.22457788032058795,-0.21910808995136366,2022-11-06,False,0.5333333333333333,0.1150631093376353,0.15586967757760023,82.32633371400631,28.223320190612124,2.6675777777777774,0.4962962962962963,60,0.008176857564726015
TRX,0.7170310549262114,0.46077537376908617,0.6356340751498639,19.386530993506835,0.10080996116623553,0.17577026100782359,0.40052129149168686,0.2516968843049082,-0.24194393841807915,2022-05-01,False,0.4962962962962963,1.5501214828748355,0.3469595438144539,41.093727665258974,-18.748552227307705,2.9586444444444444,0.5777777777777777,56,0.005204153420760323
ETH,0.7543689553547481,0.7804890490501483,0.8478229292256382,103.83058510335943,0.539919042537469,0.7525576302975971,1.7148256609535382,0.31485360572295384,-0.41507603143546123,2021-05-16,False,0.5074074074074074,-0.397894808210587,0.16398957240253273,63.899353760003606,42.511742454466926,2.580511111111111,0.4888888888888889,59,0.014518299624073541
LTC,0.8372921117500233,0.7952328220314139,0.7921067920220339,-5.320666804188478,-0.027667467381780084,-0.035184366217043225,-0.08017333374124867,0.3450956333071297,-0.5190577625105592,2021-05-16,False,0.5,-0.8335564978055492,-0.026184588529132722,37.179296707477526,-39.84823017833269,2.6517333333333326,0.4703703703703704,63,0.015503097910548177
XLM,0.908003514449821,0.9082363835588021,0.5914327232325105,17.370898788019467,0.09032867369770123,0.07525103462045062,0.17147179164128906,0.526784451442979,-0.8787580923759292,2025-07-06,False,0.5370370370370371,-0.6293061620572546,0.3223141709994516,11.237848400554507,7.964028165242743,1.8309777777777774,0.37407407407407406,57,0.022052391530130493
BCH,0.9086954215052827,0.8119823052759122,0.6750394363264566,87.51447258791468,0.4550752574571563,0.4844515021838034,1.1039019923348024,0.4122424459934634,-0.812585992077728,2023-06-18,False,0.5111111111111111,-0.7572131939519157,0.13294501272118775,87.26233104608501,2.754697097385233,2.502555555555555,0.4444444444444444,63,0.01688464408286914
ADA,0.913450898881377,0.9739643992432351,0.789477795570233,20.843167634106518,0.10838447169735388,0.11260250342253085,0.25658322310838316,0.42241449142437215,-0.7673073883498053,2024-11-03,False,0.5444444444444444,-0.8553269084415243,0.05647329428955004,25.43561008966956,-2.8290424555630764,1.7633999999999992,0.37777777777777777,55,0.021986175301930345
XRP,0.9259821952118442,0.7591238150445017,0.6672928512993135,51.23233962794655,0.2664081660653221,0.2988041706471272,0.6808741799920459,0.3912737094369393,-0.5953588084485081,2023-07-09,False,0.5037037037037037,-0.26050926044521805,0.29436815066260447,44.207281514404166,9.378435891320173,2.3533777777777773,0.4185185185185185,63,0.014540691150132304
DOT,0.93720033423172,1.0094685879166785,0.8824634236983312,-26.730953067129764,-0.13900095594907477,-0.15560671740861026,-0.35457535913031657,0.3920209128181069,-0.5796031299175501,2021-05-16,False,0.4777777777777778,-0.9759661802809219,-0.3099060785250376,6.252633862955459,-31.02810915230748,1.9554777777777772,0.362962962962963,60,0.023940288396070982
YFI,0.9515987170835899,0.8696786205628538,0.7283527293030038,13.534269679951855,0.07037820233574965,0.07531659906314749,0.1716211909487391,0.41007874346222584,-0.5240625948241974,2024-11-03,False,0.4888888888888889,-0.9622100814349036,-0.21465244190953417,26.752936017760504,-11.248888560030865,1.9697777777777776,0.35185185185185186,63,0.020473214211575722
EGLD,0.95526428473178,0.9251281689720761,0.7531171083817274,157.60719611196467,0.8195574197822163,0.8590194268253544,1.9574162789302878,0.4186934729234488,-0.4406734117491675,2021-08-01,False,0.5222222222222223,-0.9847329089399391,-0.34969363566491374,140.6796964908844,18.253744065524714,1.3262444444444441,0.34814814814814815,49,0.019214524492248575
IOST,0.9624549471867611,0.9136175414800238,0.8504625974968645,159.41157729594931,0.8289402019389364,0.9936916833914626,2.2642890446568895,0.3660929261195744,-0.36159735015124983,2021-06-27,False,0.5666666666666667,-0.9883796950126152,-0.4988453231040155,101.0020695987204,59.234663252784465,0.8251555555555552,0.3074074074074074,43,0.022302980946085477
LINK,0.971878652369038,0.961813136662601,0.8251160336864256,-3.1380862739554645,-0.016318048624568416,-0.01793478920756908,-0.040867350909418086,0.39929303616319894,-0.512339304008174,2021-05-16,False,0.5148148148148148,-0.797689033042773,0.10738791758141084,37.535127635229344,-38.3874139091848,2.285799999999999,0.4222222222222222,61,0.022947028496989378
ETC,0.9734081385900097,0.9647474314628467,0.6723089494896192,111.11412115145919,0.5777934299875878,0.5173988916424431,1.1789780086164565,0.4900799045994375,-0.5061192707842134,2022-03-13,False,0.5185185185185185,-0.8382858162673448,0.13710716854076604,107.76463475100877,4.960064178228236,1.6105777777777772,0.36666666666666664,53,0.023041930976560626
XTZ,0.9767924177888521,0.9448345132673582,0.7929261384153035,151.97422640456753,0.7902659773037513,0.8552394406354732,1.9488029620818559,0.4055135345543248,-0.283007360431923,2022-01-16,False,0.5703703703703704,-0.9574771689497718,-0.20013794134689766,87.40979706801302,66.24622933655452,1.6817999999999993,0.34814814814814815,57,0.0214399010679094
BAT,0.9794242951997258,0.9165958888059332,0.7973796643862483,132.96948594717924,0.691441326925332,0.774535930611344,1.7649068133395052,0.39177214439838154,-0.2959781876871077,2021-11-28,False,0.5481481481481482,-0.9307864271457086,-0.10621778320636348,112.63202945631534,22.292656490863894,1.9551999999999994,0.4111111111111111,55,0.020262138500574647
ALGO,0.9915399353413193,0.9789737844782209,0.7302576632059503,25.811221674741997,0.1342183527086584,0.12847853030365164,0.2927593472930097,0.4584596664451683,-0.49699759121421516,2026-03-29,False,0.5037037037037037,-0.9349074940609027,-0.02137894494208129,52.05661633017932,-24.510316877659577,1.7350777777777775,0.35555555555555557,56,0.021894678139410796
NEO,0.9940799876906378,0.9646032006554102,0.8301668934178621,-12.205210586559813,-0.06346709505011103,-0.06987783446016024,-0.1592280761498098,0.398592362507715,-0.3681761133307334,2021-07-25,False,0.4666666666666667,-0.9813087609336264,-0.33939762383018823,73.47565864125771,-83.36646922781757,2.3144,0.3962962962962963,65,0.021861239520418727
IOTA,0.9961662922175302,1.062150876825174,0.7974478350578587,32.34069970892501,0.16817163848641004,0.16203136084670325,0.36921496012108973,0.45548435640651064,-0.3635767918444167,2025-07-06,False,0.5370370370370371,-0.9809179914695618,-0.25665244798351083,52.65568238017352,-18.366516004581854,1.948466666666666,0.34814814814814815,63,0.024397254413456203
1INCH,0.9976848850587261,1.03366376155207,0.8448221794419862,41.89229593599728,0.2178399388671859,0.22831572537246447,0.5202547272201553,0.4187178462195941,-0.6803045792173456,2025-07-06,False,0.5222222222222223,-0.9865692233118312,-0.3673361277004246,71.7004125060933,-28.062383236762706,1.7457333333333327,0.3592592592592593,57,0.02405606205900134
ATOM,1.0001869542732862,0.8990437623591927,0.79091098964939,-32.248741846811164,-0.16769345760341808,-0.18869333554446163,-0.42996863072745906,0.39001323729058884,-0.5214301332344214,2021-05-16,False,0.48518518518518516,-0.9312914265909978,-0.11860269445988397,-2.6686082161784745,-27.486133630632686,2.094,0.3888888888888889,61,0.016824732021980215
COMP,1.027750641896367,1.0285426091687553,0.7417755067417986,8.612957424616454,0.044787378608005565,0.04142700114072844,0.09439819855973022,0.47445162398588,-0.7222861806259951,2021-06-27,False,0.5296296296296297,-0.978757703897521,-0.2022274770966149,89.88518009919237,-79.15691156346483,2.1153111111111107,0.3925925925925926,61,0.023703249119826863
QTUM,1.0312051384713892,1.0689242146578422,0.8292465025663115,44.0766192878818,0.22919842029698534,0.22916569288620095,0.5221915172344374,0.4389163989312505,-0.5808793791876068,2021-05-16,False,0.5259259259259259,-0.9530361714698352,-0.09449538232406633,124.4923353370544,-78.55459382695038,1.8611222222222217,0.3851851851851852,55,0.024624669629964336
AAVE,1.0462696972950938,0.9601684239917639,0.7577121401506918,-20.934933273443786,-0.10886165302190769,-0.11003589636897482,-0.25073478910169883,0.43417051703085785,-0.4616703038178348,2021-12-19,False,0.5,-0.816543255968307,0.15889608124791665,70.85981625701731,-89.70986064157219,2.0848888888888886,0.42592592592592593,56,0.021880874465910805
UNI,1.0463338186956537,0.9696916888084858,0.785039388354068,-11.144017859497685,-0.05794889286938796,-0.0600944414069648,-0.13693501475040604,0.42318535529435236,-0.5438592261647767,2021-05-16,False,0.5185185185185185,-0.9246908075379596,-0.03276535818299815,48.44251171922141,-57.34335180094133,2.2431777777777775,0.4148148148148148,61,0.018694021303855574
ONT,1.050494571283951,0.9777350784472468,0.8176869653415482,103.27898770927996,0.5370507360882557,0.5772833227952243,1.3154344806500808,0.4082687081631372,-0.5076408174930781,2026-03-22,False,0.5296296296296297,-0.9750079795722949,-0.26412115757739796,157.31325383421608,-52.34208834715838,1.6921777777777771,0.3962962962962963,51,0.02242813686516598
AVAX,1.058906473788511,1.0507359503703917,0.6903865861071564,189.54251145074542,0.9856210595438761,0.8365764890143047,1.9062763740032014,0.5170399596749242,-0.5748226250143416,2021-05-16,False,0.5518518518518518,-0.7776036335721597,0.33576022635015024,98.26568277612219,93.07191756351213,1.7950888888888887,0.42962962962962964,49,0.025233714469140828
THETA,1.0606616986818744,1.078425719629073,0.8400363117834363,116.47771799926629,0.6056841335961848,0.607588295072002,1.3844893171469925,0.43747837277958473,-0.46075317033225527,2025-05-04,False,0.5407407407407407,-0.9869722006664536,-0.3497498936464312,94.17988282620722,23.757412950836805,1.4595777777777772,0.34444444444444444,50,0.026173161620687946
FIL,1.0642650227396984,1.0942871715726399,0.7843776902055647,63.255286095863404,0.3289274876984897,0.3026757555063518,0.6896962193919149,0.4769164719918219,-0.7325332034543846,2022-07-24,False,0.48518518518518516,-0.9951080164256383,-0.45753507112792197,96.1340470519564,-31.529383178315243,1.3493777777777773,0.34444444444444444,50,0.02597697291555472
ZIL,1.0645961448694297,1.1399090048598075,0.7903385713287568,46.838369827824515,0.24355952310468745,0.21722189818580212,0.4949756272921543,0.49206366874490365,-1.5077976058354818,2022-03-20,True,0.5185185185185185,-0.9845864109964291,-0.2569698414615399,119.7994692264601,-71.51918828752446,1.4419111111111105,0.3296296296296296,54,0.027174063791612406
SOL,1.0731181907900973,1.039926885136426,0.7375231729590274,161.31763734750086,0.8388517142070046,0.7653368953178393,1.7439453066824258,0.48100804021359156,-0.47688564266223554,2021-05-30,False,0.5185185185185185,0.7393714553750392,0.7011471089738365,82.30642720217087,81.26112125644107,2.249911111111111,0.4777777777777778,53,0.016476122129611817
ZRX,1.080698468418404,1.070637656477941,0.7612986038304033,154.01944213482776,0.8009010991011043,0.7353592574620108,1.6756363552076818,0.4779683232653656,-0.32484891202185795,2022-03-20,False,0.5222222222222223,-0.9502700101587982,-0.01963072987028581,133.67553166921044,21.840643798950623,1.4967333333333328,0.37777777777777777,49,0.025769724873006345
CHZ,1.0811841630655654,0.9435155883220103,0.7897582304659713,50.120041557884946,0.2606242161010017,0.2795561199807374,0.6370143480307295,0.4091339809012107,-0.4168609408328513,2024-11-17,False,0.5037037037037037,-0.9654439028062713,-0.1956514911719713,43.108191693867724,9.382894308461628,2.371044444444444,0.43703703703703706,61,0.017963990091249844
KSM,1.0882305519969622,1.1553868233405797,0.8152914049202651,63.03104796293131,0.3277614494072428,0.2974462361013123,0.6777799040039892,0.48358094931848794,-0.5203768213080946,2021-05-16,False,0.48148148148148145,-0.9920373009929215,-0.3529230817964282,20.51768870360592,44.747981481547605,2.2346222222222214,0.3592592592592593,68,0.025471759141769214
DOGE,1.093919432937388,0.989960735361489,0.7248475736009751,50.23337740059217,0.2612135624830793,0.24529010392861245,0.558933625360237,0.4673427230553988,-0.9505561628457844,2022-10-23,False,0.5074074074074074,-0.7930286425703243,0.18165062038286794,3.4936284616515194,49.15706005005173,2.4173111111111103,0.42962962962962964,63,0.019630495215937124
GRT,1.10554416815281,1.0876640263316468,0.8749953475064434,131.75937800754141,0.6851487656392155,0.7106180816051206,1.6192595389567033,0.42312473643395054,-0.33701506868115516,2021-08-08,False,0.5148148148148148,-0.9883280561246663,-0.37196382357934443,96.62106579538353,36.31355665660227,1.1752444444444439,0.3296296296296296,48,0.02316800663664097
MANA,1.1425951402839916,1.1369590506368876,0.5607868270566837,176.70299773905475,0.9188555882430847,0.585105944423702,1.3332596036232396,0.6891798009525086,-0.8500434258278146,2023-01-08,False,0.5185185185185185,-0.9500461680517082,0.1958525196145153,106.25334925289332,72.08153737505039,1.6318888888888885,0.37037037037037035,53,0.027713023767953524
BAND,1.143457854903532,1.052335133948913,0.750046951939523,-40.56442774569552,-0.2109350242776167,-0.19284916049275255,-0.439438357665105,0.48001049657656386,-1.2528875751905164,2022-10-30,True,0.4777777777777778,-0.9909152773052059,-0.3405551745685534,98.91624297339776,-137.7988707190933,1.6817999999999995,0.34814814814814815,57,0.023644592478242955
UMA,1.1474695402263393,0.8464335773232557,0.4994235207425102,-63.64507608701162,-0.33095439565246043,-0.24977335145254934,-0.5691494381949473,0.5814894532832704,-2.0360381951738455,2024-01-14,True,0.5370370370370371,-0.9845778087927425,-0.14794318734781692,82.7942934762479,-144.43425845214836,2.0051111111111104,0.3888888888888889,59,0.018071824032972517
NEAR,1.1639122892613882,1.1659715250997482,0.7266385364547536,99.56133427163125,0.5177189382124825,0.4152544493438738,0.9462251884661803,0.5471413618270918,-0.80089608612044,2021-12-19,False,0.5148148148148148,-0.6234808616968923,0.5464679859536101,32.61876083933203,69.07008454341026,2.1275111111111102,0.43333333333333335,56,0.024270386541251254
CRV,1.1978816546292697,1.1914699664821935,0.802381135551223,77.99409384609258,0.40556928799968145,0.35216838283344226,0.8024732665596421,0.5053991265508885,-0.5974594418527229,2021-05-16,False,0.5333333333333333,-0.9353539053200257,0.12960197280824703,83.20883964854215,-3.568834691338446,1.6459111111111104,0.40370370370370373,49,0.024604426381458433
SUSHI,1.1982715792293817,1.2514110298042311,0.8432580895535503,135.75329642092072,0.7059171413887878,0.6152818058880949,1.4020202400147104,0.5034999647233204,-0.533434274306964,2024-11-17,False,0.5111111111111111,-0.9882662248793488,-0.2186351188466184,94.10326618483633,43.30505245830655,1.6550222222222217,0.36666666666666664,54,0.026672827558750185
SNX,1.205878291112974,0.9577038507877201,0.6902178165539685,-66.70006440154013,-0.3468403348880087,-0.3203070417798991,-0.7298719892203873,0.4752070774198173,-0.6253075380952381,2025-09-21,False,0.48148148148148145,-0.986665124616897,-0.25605695167780723,-7.685365570711586,-56.652209941939695,2.362488888888888,0.3814814814814815,68,0.02107892813299095
MASK,1.304417023060668,0.947525340086894,0.540261004470508,80.89736711527051,0.42066630899940666,0.3078175765231032,0.7014126996567802,0.5997415062562309,-1.0835954291234686,2022-10-23,True,0.5111111111111111,-0.9706429124709528,0.1348824694723377,20.922754502283947,62.05249039076436,2.0778777777777773,0.4074074074074074,57,0.017424153852623952
RSR,1.3419066845417478,1.1932819263638044,0.7816095385275188,161.79228498593653,0.8413198819268699,0.7131231847358543,1.624967826214675,0.5177455629301321,-0.49216513018867925,2022-09-18,False,0.5481481481481482,-0.9861200551977921,-0.11771821369267989,163.4839407802965,-0.08654468324885987,1.6051111111111107,0.3888888888888889,50,0.02334844582151748
CFX,1.3947276089233345,1.2466978818799501,0.4728047674262983,307.23844191337747,1.5976398979495627,0.7857537714980962,1.7904684987688186,0.8923027124175317,-1.0327865819020798,2021-09-12,True,0.5333333333333333,-0.9513312034078807,0.6375523778967329,118.99013141043548,189.5264660584974,1.278155555555555,0.362962962962963,46,0.02595214887537703
TRB,1.401848214583854,1.0374543785926282,0.6429891151022882,49.97974193941211,0.25989465808494294,0.20658757792623347,0.4707435890618131,0.5520938874662323,-0.576373733804291,2024-04-28,False,0.5185185185185185,-0.8344172602456902,0.43342201563052984,-3.8861568990537836,55.948965505132584,2.0830666666666664,0.43333333333333335,55,0.021327996459474415
