time,base,k0.5,k1.0,k2.0
2021-05-02 00:00:00+00:00,0.14662601599423536,0.14662601599423536,0.14662601599423536,0.14662601599423536
2021-05-09 00:00:00+00:00,-0.032492749677137424,-0.032492749677137424,-0.032492749677137424,-0.032492749677137424
2021-05-16 00:00:00+00:00,-0.019105129108428775,-0.019105129108428775,-0.019105129108428775,-0.019105129108428775
2021-05-23 00:00:00+00:00,-0.1485992109221399,-0.1485992109221399,-0.1485992109221399,-0.1485992109221399
2021-05-30 00:00:00+00:00,-0.1156057034795113,-0.1156057034795113,-0.1156057034795113,-0.1156057034795113
2021-06-06 00:00:00+00:00,0.11738409905059922,0.11738409905059922,0.11738409905059922,0.11738409905059922
2021-06-13 00:00:00+00:00,0.09104497109476468,0.09104497109476468,0.09104497109476468,0.09104497109476468
2021-06-20 00:00:00+00:00,-0.016542767518108917,-0.016542767518108917,-0.016542767518108917,-0.016542767518108917
2021-06-27 00:00:00+00:00,-0.14197484834706206,-0.14197484834706206,-0.14197484834706206,-0.14197484834706206
2021-07-04 00:00:00+00:00,0.014381606724085883,0.014381606724085883,0.014381606724085883,0.014381606724085883
2021-07-11 00:00:00+00:00,0.09741293974781558,0.131146771766298,0.143346994717409,0.143346994717409
2021-07-18 00:00:00+00:00,-0.09634649762046082,-0.09624436996088635,-0.09392096227901368,-0.09392096227901368
2021-07-25 00:00:00+00:00,-0.001769274490186899,-0.1052869237306032,-0.11065834297820612,-0.11065834297820612
2021-08-01 00:00:00+00:00,-0.018041129403859612,-0.09390237415073877,-0.11428388965778052,-0.11428388965778052
2021-08-08 00:00:00+00:00,0.16311628363979871,-0.1592299587847062,-0.2426774356157992,-0.24650597297815305
2021-08-15 00:00:00+00:00,0.09735674809902825,0.055172809524156714,-0.0748554979216292,-0.10014381818248269
2021-08-22 00:00:00+00:00,-0.006214925407129603,0.016654879006826752,0.014934021542245827,0.005899729029448107
2021-08-29 00:00:00+00:00,0.19652877863704368,0.11641567325740804,-0.1327816808700432,-0.19382271798575898
2021-09-05 00:00:00+00:00,-0.06298358938335287,-0.0631623127876082,0.11879478272845855,0.06860555213704643
2021-09-12 00:00:00+00:00,-0.018140941319837754,-0.018140941319837754,-0.028793862498350718,-0.0174766212821693
2021-09-19 00:00:00+00:00,0.027145686452813858,-0.006300209881358386,0.003826690127191756,0.07579438451600361
2021-09-26 00:00:00+00:00,-0.05917089057233511,-0.049156834058171395,-0.012345699834932123,-0.05456175791715093
2021-10-03 00:00:00+00:00,-0.016845379417793724,-0.013621186134486048,-0.017897639150131046,-0.0028566538169977553
2021-10-10 00:00:00+00:00,-0.016451802716441033,-0.010564591471514184,-0.010957180218697132,-0.03423363653344187
2021-10-17 00:00:00+00:00,-0.0143065371389637,-0.003143190811423152,0.010866389090445152,-0.026299732037473624
2021-10-24 00:00:00+00:00,0.10877807094191941,-0.08937174005169972,-0.07944298839612149,-0.10462481184458676
2021-10-31 00:00:00+00:00,0.03967200619678984,-0.0016053410697056565,0.026286534082656576,-0.022870843984850668
2021-11-07 00:00:00+00:00,0.02706933845381893,-0.009211555571264135,0.00318726102861166,-0.00730537648634859
2021-11-14 00:00:00+00:00,-0.044171240974220746,-0.0028129937619079093,0.02887021790369061,0.0935188666833513
2021-11-21 00:00:00+00:00,0.0427624486316864,0.03200339076588014,0.010173761543564796,0.02752227173092912
2021-11-28 00:00:00+00:00,0.0983878004436218,0.013764803728642574,0.009102521182960175,0.10488786746023483
2021-12-05 00:00:00+00:00,-0.0003040185373261298,0.015057548223883669,0.014395381046445598,-0.007459764417420438
2021-12-12 00:00:00+00:00,0.04303940275142453,0.028307611091780753,-0.004075971641089295,0.03218318675635992
2021-12-19 00:00:00+00:00,-0.16373169898539292,-0.11033821842544059,0.017634752498323938,-0.11134654627571365
2021-12-26 00:00:00+00:00,0.04461277548323637,0.033766796617981716,0.0059358487013976375,0.015846015249537257
2022-01-02 00:00:00+00:00,-0.009738367392493709,0.0783079010651925,-0.0071588058724125275,0.05540860621128753
2022-01-09 00:00:00+00:00,-0.022247903246376335,-0.02103087780150337,0.015554956127388352,-0.054947446344179675
2022-01-16 00:00:00+00:00,-0.0045846082207829245,0.18540770076129273,-0.012780990434222659,0.1264312393228731
2022-01-23 00:00:00+00:00,-0.005183863371012161,-0.004800884647607906,-0.008194907628744225,0.015995931996319004
2022-01-30 00:00:00+00:00,-0.16335890171788903,-0.16335890171788903,-0.04097433245846368,-0.06536655394812788
2022-02-06 00:00:00+00:00,0.06407598648019314,0.08137753376167853,0.014936038318259202,0.03592424917766382
2022-02-13 00:00:00+00:00,0.07635577172803995,0.07083326485284203,0.025756605833555875,0.03900568385859334
2022-02-20 00:00:00+00:00,0.02212765269533145,0.049318731844500294,0.013465448251211987,0.03907178390353895
2022-02-27 00:00:00+00:00,-0.0033645977386497577,0.010237098524559687,0.03848289899320715,-0.016002719124386795
2022-03-06 00:00:00+00:00,0.022772514895530113,0.01740686209158628,0.0020079865140156072,0.009398420972472316
2022-03-13 00:00:00+00:00,-0.139343287259875,-0.11104143446269421,-0.05561402326275681,-0.07266143384337241
2022-03-20 00:00:00+00:00,-0.03455708187634021,-0.12001877657931449,-0.0760699776920997,-0.12199839775888442
2022-03-27 00:00:00+00:00,0.10916701472096314,0.0621049672034955,-0.030598479790274538,-0.044303895355383024
2022-04-03 00:00:00+00:00,-0.1757511722536618,-0.13723303977227294,-0.011585357430265387,0.07736533044892888
2022-04-10 00:00:00+00:00,-0.05136131964352072,-0.03348632876909762,-0.005911333587731235,0.035099147393158406
2022-04-17 00:00:00+00:00,-0.0011154724286258845,-0.014899300433058383,0.0023419614758128336,-0.011251420264273818
2022-04-24 00:00:00+00:00,0.09789478293091354,-0.10100575180457808,-0.004330471313625472,0.052843009284141686
2022-05-01 00:00:00+00:00,0.07103951417678599,0.029782790319899825,-0.002830538804890595,0.02971213579009992
2022-05-08 00:00:00+00:00,0.23588085920881752,0.1554125760948461,0.012894036248098142,0.10803328594386895
2022-05-15 00:00:00+00:00,0.043906559655538885,0.04087754151663265,-0.009758451491725167,0.019081862282470028
2022-05-22 00:00:00+00:00,0.07581348033362233,0.07439075623763419,0.010720579137527343,0.009791603671465175
2022-05-29 00:00:00+00:00,-0.007700040619180905,-0.003647684977885758,-0.0032632241922780584,-0.022715580638352093
2022-06-05 00:00:00+00:00,0.19680562971054283,0.1866110774724618,0.02569046874977232,0.06904081449800582
2022-06-12 00:00:00+00:00,0.03425737829958681,0.05180257779554655,0.021531108159599143,0.04765559020744367
2022-06-19 00:00:00+00:00,-0.1088142192921481,-0.1174341620782325,-0.0057767487136616185,-0.03619594199701606
2022-06-26 00:00:00+00:00,0.05278487813066744,0.0664402904323323,0.017934831518641392,0.03066322236085079
2022-07-03 00:00:00+00:00,-0.050895945439919404,-0.05381692867309857,-0.017603898948584013,-0.034383471648136155
2022-07-10 00:00:00+00:00,-0.0038096627640387334,-0.0049391006271985475,-0.002687420664694366,-0.020140582782176085
2022-07-17 00:00:00+00:00,0.043748999042808094,-0.06678881769164693,-0.015356651366209834,-0.06304641409965385
2022-07-24 00:00:00+00:00,0.007794233590897828,-0.0510157104014125,-0.005382339517481914,-0.04858735828686685
2022-07-31 00:00:00+00:00,0.055537038001304655,-0.040875089495142,-0.02035278609930672,-0.022926461211330584
2022-08-07 00:00:00+00:00,0.03041685119897428,-0.01104964489085274,-0.008444949291227875,-0.029166759976516392
2022-08-14 00:00:00+00:00,-0.15639579831616365,0.044748112760290025,0.024182474927927307,0.06205103602318242
2022-08-21 00:00:00+00:00,0.03716244287740886,0.05710297088444671,0.024339202752727093,0.029706838340580275
2022-08-28 00:00:00+00:00,-0.07778594646949313,-0.07320573555390864,-0.0020617171497633196,-0.028605941557620362
2022-09-04 00:00:00+00:00,-0.041278403546713936,-0.02595679192691801,-0.0037268405776574934,-0.02182529328586828
2022-09-11 00:00:00+00:00,0.1415574054591989,0.10524505247622952,0.02943012982206543,0.0580736431921401
2022-09-18 00:00:00+00:00,-0.017731575066955964,-0.036611606233387765,-0.00484779048297765,-0.00649458046548418
2022-09-25 00:00:00+00:00,-0.003655361094968108,0.014339189044046219,-0.0032007169982202826,0.004601857569844578
2022-10-02 00:00:00+00:00,-0.03887666358165031,-0.030994701166913618,-0.023508259439092998,-0.014618560768570193
2022-10-09 00:00:00+00:00,0.03571336470345321,0.039170405188327366,0.00888853645446007,0.026569108193380094
2022-10-16 00:00:00+00:00,-0.001870539540604849,-0.008078046956421416,-0.00419195009953262,-0.008193033356263903
2022-10-23 00:00:00+00:00,-0.08175702159465956,-0.0909721785075603,-0.03793980055127632,-0.02876433097398273
2022-10-30 00:00:00+00:00,0.012382044758928396,-0.006243356496949406,-0.0004023503543917244,-0.016863585472421148
2022-11-06 00:00:00+00:00,-0.019068158819884662,0.04400278645633457,-0.032803397802909764,0.07087999222888527
2022-11-13 00:00:00+00:00,0.026800415651457854,0.026979139055713173,0.01996027280232188,0.007367113628766102
2022-11-20 00:00:00+00:00,-0.04053224775659518,-0.04053224775659518,-0.04095158802067129,-0.024782054934818318
2022-11-27 00:00:00+00:00,-0.018767905409867995,-0.017223737804095675,-0.012991182252892695,-0.00787307743006607
2022-12-04 00:00:00+00:00,0.0392330162954834,0.016668403094970148,0.011477199249848255,0.008550642193620134
2022-12-11 00:00:00+00:00,0.007627586247838058,0.08843656029787791,0.07394031144880583,0.032615400295790076
2022-12-18 00:00:00+00:00,0.014318335548895897,0.017239910864780647,0.012191254065878262,0.0003004761451447917
2022-12-25 00:00:00+00:00,0.027713921216665285,0.02373561602056908,0.020657939104071626,0.007801006003289313
2023-01-01 00:00:00+00:00,-0.12049833017611049,-0.09786133930127044,-0.0807689384222525,-0.048430236145313145
2023-01-08 00:00:00+00:00,-0.14890506167517728,-0.12963619345903987,-0.15819937434621387,-0.07098061669653079
2023-01-15 00:00:00+00:00,0.05374308436856622,0.05379414819835346,0.009102829006833575,-0.020312815152934434
2023-01-22 00:00:00+00:00,0.08397249674445867,0.08397249674445867,-0.010413872026764923,0.011807071559869441
2023-01-29 00:00:00+00:00,0.011612363464205062,0.011612363464205062,-0.0018116069891813715,-0.0030004981689389612
2023-02-05 00:00:00+00:00,-0.06585351922318584,-0.06585351922318584,-0.024949822019157235,0.015049498668858727
2023-02-12 00:00:00+00:00,0.14176691286117032,0.16862206536277444,0.1004771269283697,0.01710400812381763
2023-02-19 00:00:00+00:00,-0.014021727358964878,-0.031169450960830625,-0.018740849117040114,-0.006780362713507335
2023-02-26 00:00:00+00:00,-0.016246152768556243,-0.059469660199050554,-0.062041619847898154,0.01758741711082443
2023-03-05 00:00:00+00:00,0.022839617488736454,0.011463132156971917,-0.022654687920053682,0.013215527933912065
2023-03-12 00:00:00+00:00,-0.03628306277349275,-0.035953814596113985,0.1020383540987649,0.019087629781561793
2023-03-19 00:00:00+00:00,0.017853689800097723,0.0110919950803675,-0.027982693515181994,0.01792508717006222
2023-03-26 00:00:00+00:00,-0.007920234011022046,-0.011290053540470352,-0.009201102871515822,-0.005961888694196959
2023-04-02 00:00:00+00:00,-0.005984824582811496,-0.013474591108395767,0.013399707311170427,-0.01257020247256953
2023-04-09 00:00:00+00:00,0.07288978980938492,-0.029366186605144777,0.05502596356975097,-0.03506113173095902
2023-04-16 00:00:00+00:00,-0.0829641407650798,-0.04216999454170774,-0.08196895272146684,0.03843590830051277
2023-04-23 00:00:00+00:00,-0.006651917010260176,-0.0027102539438907756,0.006132324112025549,0.007129954407661749
2023-04-30 00:00:00+00:00,0.0161208114595051,0.020721233952021172,-0.00840127313190506,-0.006939380120994125
2023-05-07 00:00:00+00:00,0.056605975317049605,0.045603619830389804,-0.03324557809958075,0.0035448029871563785
2023-05-14 00:00:00+00:00,-0.006701467554585705,-0.004842270282693549,0.00015250594087132434,-0.0010496278133046953
2023-05-21 00:00:00+00:00,-0.03346557902905284,-0.02231937971444328,0.02666416255882769,-0.00733048565812259
2023-05-28 00:00:00+00:00,0.008742902856795666,0.02228814257863979,-0.010784402595201154,0.009926923912956472
2023-06-04 00:00:00+00:00,0.12417930040866326,0.12007150394214014,-0.08307243546060793,0.052468161032188994
2023-06-11 00:00:00+00:00,-0.00936721763257081,-0.009392749547464429,-0.00864591461043699,-2.436601234842041e-05
2023-06-18 00:00:00+00:00,-0.17762135093243514,-0.17578140574667456,-0.08633385457595252,-0.05734372039327832
2023-06-25 00:00:00+00:00,0.0047228974929963315,0.006392300275566575,0.010259496452191682,6.501682193599847e-05
2023-07-02 00:00:00+00:00,0.014803842153292536,0.021115024995084164,0.012991174833785377,0.013882988770260703
2023-07-09 00:00:00+00:00,0.05222555860829265,-0.018520465694696606,-0.019394655335144288,-0.02153667681130534
2023-07-16 00:00:00+00:00,0.0053732284970799005,-0.007738446611586726,-0.007974456790381933,-0.010515671767843932
2023-07-23 00:00:00+00:00,-0.008530715188420555,0.020507827126903536,0.01919300086384086,0.009386342746073589
2023-07-30 00:00:00+00:00,-0.00726218359945484,-0.010564789640480694,-0.0064390445089813385,0.006640728460511477
2023-08-06 00:00:00+00:00,0.005580656550052838,-0.0012675363507057245,-0.0001441191457552926,-0.008284661010973795
2023-08-13 00:00:00+00:00,0.07031514237185242,0.05570976062525094,0.038652351624183845,0.021501687510332802
2023-08-20 00:00:00+00:00,0.010911133781812386,0.007763819105507894,0.004313476339463264,-0.004749879415479445
2023-08-27 00:00:00+00:00,0.03169159704105832,0.029438541820324356,0.014686511964612386,0.009813616604346655
2023-09-03 00:00:00+00:00,0.022572563331687515,0.026787228264361754,0.023358282799496553,-0.01718683769917457
2023-09-10 00:00:00+00:00,-0.01486512664138589,-0.015177750109434394,-0.00857165535739594,-0.005854650669520747
2023-09-17 00:00:00+00:00,-0.0013767634921993846,-0.0010453136867730833,-0.002302086907839616,0.00013470028287968948
2023-09-24 00:00:00+00:00,-0.024990812468927395,-0.06222827913701774,-0.03626542784288475,-0.004762978018507042
2023-10-01 00:00:00+00:00,-0.05137860709061839,-0.017645661786829067,0.0247812087517149,0.013157269529049274
2023-10-08 00:00:00+00:00,-0.013708995533050048,0.01642056811278096,0.012546776062709798,0.016618625870632914
2023-10-15 00:00:00+00:00,0.016271511539121982,0.01574283980555662,-0.014078139488065721,-0.018196132627609825
2023-10-22 00:00:00+00:00,0.03795446400834521,0.011391512401040318,-0.03076682538257732,-0.003967927135990952
2023-10-29 00:00:00+00:00,0.10009614036714305,0.10709404945109052,-0.009844510477290215,-0.035487805235182364
2023-11-05 00:00:00+00:00,0.1354678227862707,0.1335885222144789,0.04257635712664703,-0.01529788754184612
2023-11-12 00:00:00+00:00,-0.027171819186967792,-0.02468819635368653,-0.017525704860382227,-0.0016397308951103388
2023-11-19 00:00:00+00:00,-0.003978987671663112,-0.004238153164962174,-0.003154465768805722,-0.018166326862493556
2023-11-26 00:00:00+00:00,0.055841644422587766,0.055265469820936955,0.05267854209052786,0.025068426191730404
2023-12-03 00:00:00+00:00,0.09460668334359582,0.13505373066414803,0.12010051194513735,0.019496409593402306
2023-12-10 00:00:00+00:00,-0.04817545016799665,-0.05908433900218105,-0.051116941721142437,-0.010889240769085123
2023-12-17 00:00:00+00:00,0.09923831287804794,0.0991872490482607,0.10884237566033003,0.07403860284115495
2023-12-24 00:00:00+00:00,0.013309610289170725,0.013764247042179092,0.020855583845759165,-0.0033922756295582863
2023-12-31 00:00:00+00:00,-0.10420463505710995,-0.1287449269780349,-0.11933971056038396,-0.06066616386226383
2024-01-07 00:00:00+00:00,-0.049647487024806085,-0.04027318862041433,0.018635689185520353,0.004639368692625938
2024-01-14 00:00:00+00:00,-0.046929929804878916,-0.03750559274731595,-0.05169726855072466,0.03352965257817843
2024-01-21 00:00:00+00:00,0.0041435428427890825,0.014986685737765158,-0.0019920101715845896,0.0031650258989190726
2024-01-28 00:00:00+00:00,0.011517631727009904,0.019808047537196092,-0.015288881241095762,-0.007100951856899095
2024-02-04 00:00:00+00:00,-0.02212720367515308,-0.03568945662468419,0.025684156125382034,0.02838106883998404
2024-02-11 00:00:00+00:00,-0.004858065582050751,-0.03669763576823014,0.022632513793181406,0.013692248186364754
2024-02-18 00:00:00+00:00,0.05352665881309145,0.024276339653975538,0.006269264920579655,-0.012096508142838011
2024-02-25 00:00:00+00:00,0.21129642622721875,0.08513992628400104,0.07328155535633568,0.08201103991939598
2024-03-03 00:00:00+00:00,0.10225159718086861,0.1019196822872516,0.0901503340742215,0.0412767369747258
2024-03-10 00:00:00+00:00,-0.013931053992496473,-0.018541794644585677,-0.01578802670631535,0.014545568976015881
2024-03-17 00:00:00+00:00,-0.009242437511649026,-0.010142715151288017,-0.01096292790787762,-0.01791558512922414
2024-03-24 00:00:00+00:00,0.06164276631342406,0.06586329067125986,0.06509348881369861,0.030750538940580083
2024-03-31 00:00:00+00:00,-0.051504016172824754,-0.08165288609058696,-0.07553783824849766,-0.048452597907307854
2024-04-07 00:00:00+00:00,0.11530830255752841,0.005963881245865136,-0.18911131919687701,-0.09021710463611278
2024-04-14 00:00:00+00:00,-0.0396908155681778,-0.039971666632007595,-0.01883697823123759,0.017935282775171233
2024-04-21 00:00:00+00:00,0.028276070780094566,0.021494801960827658,0.005535540180878353,-0.02408054208931507
2024-04-28 00:00:00+00:00,-0.032630324626006645,-0.02127129712133787,-0.01480330057281527,0.012322337510771404
2024-05-05 00:00:00+00:00,0.05343481424372324,0.039639201588675045,0.022788462193384082,-0.010883345801110214
2024-05-12 00:00:00+00:00,-0.05161795007063757,-0.032183249849774206,0.012839525023508288,0.014498777020117553
2024-05-19 00:00:00+00:00,-0.06012476292088366,-0.07050587906426878,-0.04557255966986805,0.015171304187704328
2024-05-26 00:00:00+00:00,-0.022887559906510112,0.00510253143291624,-0.010046071306455545,-0.025895961727875793
2024-06-02 00:00:00+00:00,0.007437825529329629,0.012926805594642068,0.006029478740889997,-0.014922043739256562
2024-06-09 00:00:00+00:00,0.002156375553885297,0.027466145432270064,0.02063334285913447,-0.020243646277305138
2024-06-16 00:00:00+00:00,0.10071852067956755,0.027810395590188983,0.009695363314013777,-0.06706228475325532
2024-06-23 00:00:00+00:00,-0.041247057261314175,-0.028728353937529556,-0.011135703786946179,0.028793330802848082
2024-06-30 00:00:00+00:00,0.15412971883700882,0.09467397199894441,-0.010458045582410645,-0.0720451439714896
2024-07-07 00:00:00+00:00,-0.13509295804156865,-0.13527168144582397,-0.006125503474230921,0.05573426759493067
2024-07-14 00:00:00+00:00,-0.08306940977145738,-0.08462453551955158,0.0065365594225001685,0.06195985125362673
2024-07-21 00:00:00+00:00,-0.04607058409759421,0.01600768030518408,0.009426279880446519,-0.026681846805182482
2024-07-28 00:00:00+00:00,0.07237486144212366,0.07352772734072797,-0.022171901223425487,-0.09544900803899797
2024-08-04 00:00:00+00:00,0.01735171852082272,0.018382838180309898,0.003347683159989452,0.0010115938615286389
2024-08-11 00:00:00+00:00,-0.029653904015820784,-0.016961309688641794,0.008005813564668047,-0.00585311051449101
2024-08-18 00:00:00+00:00,-0.1331167913066526,-0.10338200719517975,0.010644637626455768,0.07321285583563059
2024-08-25 00:00:00+00:00,0.09437777243269309,0.061845342387787314,-0.00904856429753143,-0.07418898506729381
2024-09-01 00:00:00+00:00,-0.003921724197165747,-0.005770602320404995,-0.002997288957506457,0.00377076044925072
2024-09-08 00:00:00+00:00,-0.0004464296482802561,-0.018544100132429648,0.00986424176384069,0.019574340703429626
2024-09-15 00:00:00+00:00,-0.004845716281362942,-0.05188084025212307,-0.005126078790982931,0.03149447892705296
2024-09-22 00:00:00+00:00,-0.046527923187409496,-0.05708764272096529,-0.00032628719031695444,0.047330439746366526
2024-09-29 00:00:00+00:00,-0.0857567654298839,-0.014716234635920668,-0.003204656440171027,-0.035906564294148485
2024-10-06 00:00:00+00:00,-0.004883533450830274,0.0018649256659240417,0.005638148494543438,-0.00690493265752341
2024-10-13 00:00:00+00:00,0.04894744036555154,0.010051363357278619,-0.0006228718994320336,0.03374190703410108
2024-10-20 00:00:00+00:00,-0.04722186656074963,-0.04424230048327539,-0.012569682442743237,-0.0382731812379855
2024-10-27 00:00:00+00:00,0.05936681543628152,0.04923793919522804,-0.007696506637046052,-0.026703765141491434
2024-11-03 00:00:00+00:00,-0.22103514312778533,-0.15219691509372196,0.0532044595329846,0.15354668681092734
2024-11-10 00:00:00+00:00,0.0815577665626826,0.08168542613715069,0.07336108139436524,0.040966212421815536
2024-11-17 00:00:00+00:00,0.2688742432480725,0.3051499664763057,0.31387305565394896,0.21948798564799663
2024-11-24 00:00:00+00:00,0.1408128304879378,0.13683374197357492,0.1409404900624059,0.09655898364304917
2024-12-01 00:00:00+00:00,0.24658117190200843,0.23943304719422628,0.24658117190200843,0.1492361303143543
2024-12-08 00:00:00+00:00,-0.11170823354400597,-0.11173376545889958,-0.11170823354400597,-0.11247912909981816
2024-12-15 00:00:00+00:00,-0.2230127573708529,-0.23130405687792802,-0.23130405687792802,-0.19578645143471538
2024-12-22 00:00:00+00:00,-0.007924670235315324,-0.007950202150208942,-0.005648341396913952,0.016613727651387515
2024-12-29 00:00:00+00:00,-0.09368078441692952,-0.05001194932601451,-0.027569980163014852,0.11446483399001589
2025-01-05 00:00:00+00:00,0.11332726435222325,0.04493817319059286,0.025442168761528206,-0.10207349909012131
2025-01-12 00:00:00+00:00,0.013999324604695069,0.016829053623930078,0.023720319358185707,-0.002385702583984243
2025-01-19 00:00:00+00:00,0.014804060303932803,0.018375382598690627,0.0004281353174651815,-0.02989430223811383
2025-01-26 00:00:00+00:00,0.10343258270808584,0.11342441160818098,0.030409366445027747,-0.14555833061552473
2025-02-02 00:00:00+00:00,0.07147560090895541,0.06816604960780143,0.022070941736013965,-0.0640807991906519
2025-02-09 00:00:00+00:00,-0.03641407441037887,-0.02597888551714665,-0.007585824563189102,0.0347773645229546
2025-02-16 00:00:00+00:00,0.008618833534585027,0.008860732597251265,-0.005192841845709729,-0.010693587200304874
2025-02-23 00:00:00+00:00,-0.017771645148593362,-0.008328710518082965,-0.0004765165301946366,0.025584882878196356
2025-03-02 00:00:00+00:00,0.10353761523666132,0.1812025582695465,0.02106048133081501,-0.19484339393044053
2025-03-09 00:00:00+00:00,-0.0066112162829394805,-0.0034410508016122967,-0.010938759209016886,0.001285540941415299
2025-03-16 00:00:00+00:00,-0.06288692869631637,-0.061546433159896906,-0.004948007223465348,0.05538059588924643
2025-03-23 00:00:00+00:00,0.0860442521107961,0.08321472449125177,0.03307113775887845,-0.07038789570549982
2025-03-30 00:00:00+00:00,0.1357583092643408,0.1301338799713725,0.036757226727418935,-0.10616947596939887
2025-04-06 00:00:00+00:00,-0.0631746928599163,-0.07965619574451928,-0.02284726666319403,0.07129716606453519
2025-04-13 00:00:00+00:00,-0.025339980901319153,-0.027884162177224763,-0.019623619065739412,0.023934007019748432
2025-04-20 00:00:00+00:00,-0.08063048313702914,-0.08416355720599164,-0.013427176095235407,0.0802733903451361
2025-04-27 00:00:00+00:00,-0.024243055480318253,0.026442541044521397,0.018791424573692334,-0.04347291556117562
2025-05-04 00:00:00+00:00,0.18406743060815492,-0.12194051713401707,-0.08107546593558641,0.18088121129920182
2025-05-11 00:00:00+00:00,-0.05167225894651255,-0.05343735007072929,-0.020840619673542005,-0.054250360746329364
2025-05-18 00:00:00+00:00,-0.022313338824785155,-0.02078609884919344,-0.0015462186781133149,-0.029689956403847632
2025-05-25 00:00:00+00:00,-0.02016975266517468,-0.057871626790022605,-0.007653055582219075,-0.07300533206604802
2025-06-01 00:00:00+00:00,-0.0033460402332923457,-0.004093387161822147,-0.014722482377964325,-0.00563925882730014
2025-06-08 00:00:00+00:00,0.027886023955558566,-0.01622867289835271,-0.014415619311304027,-0.03516973319987562
2025-06-15 00:00:00+00:00,0.08990850262215205,-0.06793716457084971,-0.051793718413586924,-0.09320856064471396
2025-06-22 00:00:00+00:00,-0.11406227444295144,-0.09763806008379372,0.036814353087866514,0.09636820298404356
2025-06-29 00:00:00+00:00,0.016389503749670534,0.01456155263165554,-0.004810743479132892,-0.021150958060751145
2025-07-06 00:00:00+00:00,-0.1519157308690861,-0.13330922288442937,0.08750707884099128,0.14956461575589008
2025-07-13 00:00:00+00:00,0.15834937807739513,0.14926436174958532,0.11749408531645875,0.15496564177631783
2025-07-20 00:00:00+00:00,-0.038904367330985554,-0.03514788121065048,-0.030234448906260446,-0.03249171776197084
2025-07-27 00:00:00+00:00,-0.13094093324324532,-0.1252649208368923,-0.06415954394323937,-0.10019333941018096
2025-08-03 00:00:00+00:00,0.103892388908686,0.103892388908686,0.07160849592723013,0.09515120010982378
2025-08-10 00:00:00+00:00,-0.00026654810994223936,-0.01199259742547185,-0.005278021325093066,-0.010740479894308779
2025-08-17 00:00:00+00:00,-0.02815569924079068,0.031926800770246726,-0.019388957522884553,0.02179156492617044
2025-08-24 00:00:00+00:00,0.02624962285750871,-0.06665851166300867,-0.06267244954175992,-0.05933934732839583
2025-08-31 00:00:00+00:00,-0.006553314134563452,-0.003046838216070374,0.0016678276465034217,0.01156793306420931
2025-09-07 00:00:00+00:00,-0.026002125984530864,0.02279944920700357,0.032555328208618846,0.03838185930136062
2025-09-14 00:00:00+00:00,0.004832147034654062,-0.015088089724533824,-0.016522263249723574,-0.019304049514524114
2025-09-21 00:00:00+00:00,0.03320325034328244,-0.01711460174856777,-0.04293235101017718,-0.04430222213747316
2025-09-28 00:00:00+00:00,-0.011689114141830942,-0.001160516696464172,0.03254141637112202,0.03630405435020911
2025-10-05 00:00:00+00:00,0.03123101415380981,0.0019067929149998418,-0.08111554574921635,-0.10986603480530978
2025-10-12 00:00:00+00:00,0.044152970817006074,0.042144602724694266,-0.017560338244492033,-0.025964568369488645
2025-10-19 00:00:00+00:00,-0.04438548163276914,-0.04269559652638618,0.01081387231336005,0.019482700240224873
2025-10-26 00:00:00+00:00,0.04933889052650912,0.048826286416295245,-0.033913356072601014,-0.039676086902053785
2025-11-02 00:00:00+00:00,-0.012210035901761956,-0.024270480268517084,-0.021386481827300758,0.02298365862854629
2025-11-09 00:00:00+00:00,0.06088553766845989,0.0684207506813507,-0.06644106739458698,-0.08978580880123688
2025-11-16 00:00:00+00:00,0.06514363257305267,0.07119357595165957,-0.04630967334506934,-0.07949825674314186
2025-11-23 00:00:00+00:00,-0.006672782165768694,-0.02704039063835178,0.007923415727395642,0.00612459792338045
2025-11-30 00:00:00+00:00,0.03989738815945396,0.03554322064843089,-0.024958453192706676,-0.030033123257856013
2025-12-07 00:00:00+00:00,0.04028691069314183,0.034186139111788735,-0.01905517800052174,-0.02811066287151554
2025-12-14 00:00:00+00:00,0.05444885891136495,0.04299390744467405,-0.037284686276127674,-0.043647678174963025
2025-12-21 00:00:00+00:00,-0.023317670657633235,-0.021777525545367212,0.01312467585117646,0.020216928630604623
2025-12-28 00:00:00+00:00,-0.0736321967702248,-0.0646387667819756,0.037016586614034175,0.06314913893057746
2026-01-04 00:00:00+00:00,-0.003293997470909628,0.012276451683344868,-0.006245056942167482,-0.015359274641330162
2026-01-11 00:00:00+00:00,-0.003106296523270151,0.006716454989555459,-0.004704472275520711,0.0003511304570487828
2026-01-18 00:00:00+00:00,-0.07884201175038337,0.06301229167200957,-0.06084154043195227,-0.08189279778792154
2026-01-25 00:00:00+00:00,0.12202188234879514,0.10845493430089449,-0.08321640492110345,-0.11513015690029005
2026-02-01 00:00:00+00:00,0.07027476247562947,0.06436658655395072,-0.03927512457877472,-0.052995171882143366
2026-02-08 00:00:00+00:00,-0.024722762415656897,-0.02454352297183844,0.02136741559405378,0.019045686027716315
2026-02-15 00:00:00+00:00,0.038872499466786115,0.05921305835647333,-0.015046827415931845,-0.02417285863921857
2026-02-22 00:00:00+00:00,0.005912470315718677,0.014535653224372296,-0.02347549072142972,-0.01905051124450214
2026-03-01 00:00:00+00:00,0.019391611995103704,0.02034144320077746,-0.008604088739192144,-0.014031961450592713
2026-03-08 00:00:00+00:00,-0.061205129807807374,-0.0849241745427965,0.04371452757451884,0.06053755448576341
2026-03-15 00:00:00+00:00,0.019530601370265754,0.04792658428408147,-0.03324061074873424,-0.05472795945768956
2026-03-22 00:00:00+00:00,0.0024114537152640334,0.005708352111981465,0.006763629439285737,-0.012030042735098329
2026-03-29 00:00:00+00:00,-0.028973554773354268,-0.019064413836398664,0.029610844822848377,0.018600222277571413
2026-04-05 00:00:00+00:00,-0.006341413831058474,-0.006332631754135869,-0.009104704239008216,-0.008958384831809081
2026-04-12 00:00:00+00:00,-0.04731111860876143,-0.018720955728496278,0.026469396178415497,0.04669030984348386
2026-04-19 00:00:00+00:00,0.019693540715568322,-0.011323430240134626,0.0068056418334250905,0.042195650308097764
2026-04-26 00:00:00+00:00,-0.029917306047797347,-0.008949267865386922,-0.006756332698282224,-0.020301508102253896
2026-05-03 00:00:00+00:00,0.0590712286800462,-0.0017050012433563171,0.045832820382864806,0.08934033554048075
2026-05-10 00:00:00+00:00,-0.11188022727188443,-0.09459738389187158,-0.062241327367113686,-0.08593347961223409
2026-05-17 00:00:00+00:00,0.007472533441233704,0.009403822801844442,0.006011351165796116,-0.004045839678303831
2026-05-24 00:00:00+00:00,-0.006617277604320671,-0.017031822536703045,0.024179501010701272,-0.0012861295617715783
2026-05-31 00:00:00+00:00,0.09710058633689927,-0.00420833623838995,-0.017740308489557845,-0.12379353115746834
2026-06-07 00:00:00+00:00,-0.03230074899675641,-0.032632663890373434,-0.014243773499588785,0.022968737915410927
2026-06-14 00:00:00+00:00,0.035481315359506195,0.035481315359506195,0.03764950393462788,-0.03385822416902592
2026-06-21 00:00:00+00:00,0.06455707117581018,0.05913976276648901,0.030958383416988765,-0.06344099264999149
2026-06-28 00:00:00+00:00,-0.09346939158001669,-0.0934949234949103,-0.05026100576101856,0.07356487075598755
