time,gross,timing,select,fee,fund,net,market,sbar,timing_beta,idio_beta,breadth
2021-05-02 00:00:00+00:00,0.14734232024955446,0.06792570871341769,0.07941661153613677,0.0006,0.00011630425531914896,0.14662601599423533,0.16802675313319113,0.40425531914893614,0.06832681639828152,0.07901550385127294,0.7446808510638298
2021-05-09 00:00:00+00:00,-0.03210783691117997,-0.03884359012257722,0.006735753211397251,0.00028085106382978725,0.0001040617021276596,-0.03249274967713742,-0.10739110210359584,0.3617021276595745,-0.04458240692862858,0.01247457001744861,0.2127659574468085
2021-05-16 00:00:00+00:00,-0.018741561023322396,-0.010453202202636729,-0.008288358820685668,0.0003574468085106383,6.121276595744681e-06,-0.01910512910842878,-0.49130050352392624,0.02127659574468085,0.006719239170892196,-0.025460800194214595,0.0
2021-05-23 00:00:00+00:00,-0.1483140130497995,-0.14667348452165996,-0.0016405285281395343,0.0005361702127659574,-0.00025097234042553197,-0.1485992109221399,0.16813789689068337,-0.8723404255319149,-0.14757767693026383,-0.0007363361195356632,0.9787234042553191
2021-05-30 00:00:00+00:00,-0.11584338645823475,-0.1072744483494831,-0.008568938108751645,2.553191489361702e-05,-0.0002632148936170213,-0.11560570347951134,0.11725346680059781,-0.9148936170212766,-0.10792384020961145,-0.007919546248623302,0.8723404255319149
2021-06-06 00:00:00+00:00,0.11714746288038644,0.11714746288038644,0.0,5.106382978723404e-05,-0.00028770000000000005,0.11738409905059921,-0.11714746288038644,-1.0,0.11773213189907414,-0.0005846690186877002,0.0851063829787234
2021-06-13 00:00:00+00:00,0.0907572710947647,0.0907572710947647,0.0,0.0,-0.00028770000000000005,0.0910449710947647,-0.0907572710947647,-1.0,0.09108714507305748,-0.0003298739782927884,0.06382978723404255
2021-06-20 00:00:00+00:00,-0.015848331347896153,-0.018327477857986694,0.0024791465100905408,0.0006638297872340425,3.0606382978723406e-05,-0.01654276751810892,-0.17227829186507493,0.10638297872340426,-0.017166633977933943,0.0013183026300377897,0.0
2021-06-27 00:00:00+00:00,-0.14162529728323223,-0.12923695680810893,-0.0123883404751233,0.0006127659574468085,-0.0002632148936170213,-0.141974848347062,0.1412589993018865,-0.9148936170212766,-0.13100926342233285,-0.010616033860899377,0.9148936170212766
2021-07-04 00:00:00+00:00,0.014182745021958222,0.014183590940337956,-8.459183797344255e-07,7.659574468085106e-05,-0.0002754574468085107,0.014381606724085881,-0.014813972759908532,-0.9574468085106383,0.014087662072904916,9.508294905330623e-05,0.2978723404255319
2021-07-11 00:00:00+00:00,0.09732635464143256,0.11074626127981764,-0.013419906638385076,0.0001276595744680851,-0.00021424468085106389,0.09741293974781554,-0.14871640800432656,-0.7446808510638298,0.10993183872446526,-0.012605484083032692,0.02127659574468085
2021-07-18 00:00:00+00:00,-0.09650758485450338,-0.08745540958695683,-0.00905217526754655,0.00010212765957446807,-0.0002632148936170213,-0.09634649762046082,0.0955907965252784,-0.9148936170212766,-0.08722809883480864,-0.009279486019694735,0.9574468085106383
2021-07-25 00:00:00+00:00,-0.0010503532135911534,0.021608174298520584,-0.022658527512111736,0.0006638297872340425,5.509148936170214e-05,-0.0017692744901868982,0.11284268800338527,0.19148936170212766,0.020511930486986244,-0.021562283700577396,0.9148936170212766
2021-08-01 00:00:00+00:00,-0.017650982595348978,-0.007696270874794642,-0.009954711720554336,0.0004085106382978723,-1.8363829787234042e-05,-0.01804112940385962,0.12057491037178274,-0.06382978723404255,-0.008806351084105426,-0.008844631511243551,1.0
2021-08-08 00:00:00+00:00,0.16389327725681999,0.1641138679284988,-0.0002205906716788164,0.0005872340425531915,0.00018975957446808515,0.1631162836397987,0.2488177997625627,0.6595744680851063,0.1597273032316371,0.0041659740251828725,1.0
2021-08-15 00:00:00+00:00,0.09784870341817711,0.09784870341817711,0.0,0.00020425531914893615,0.00028770000000000005,0.09735674809902818,0.09784870341817711,1.0,0.09728275583902588,0.0005659475791512381,0.6595744680851063
2021-08-22 00:00:00+00:00,-0.005927225407129599,-0.005927225407129599,0.0,0.0,0.00028770000000000005,-0.006214925407129599,-0.005927225407129599,1.0,-0.005854384617013487,-7.284079011611166e-05,0.2127659574468085
2021-08-29 00:00:00+00:00,0.19681647863704374,0.19681647863704374,0.0,0.0,0.00028770000000000005,0.19652877863704374,0.19681647863704374,1.0,0.19402361027584214,0.0027928683612016003,0.9574468085106383
2021-09-05 00:00:00+00:00,-0.06269588938335287,-0.06269588938335287,0.0,0.0,0.00028770000000000005,-0.06298358938335287,-0.06269588938335287,1.0,-0.06169946164999453,-0.0009964277333583405,0.2553191489361702
2021-09-12 00:00:00+00:00,-0.017521007277284558,0.00020828392418662523,-0.017729291201471185,0.0006382978723404255,-1.8363829787234042e-05,-0.01814094131983775,-0.003263114812257129,-0.06382978723404255,0.0002643752234145133,-0.01778538250069907,0.2765957446808511
2021-09-19 00:00:00+00:00,0.027244833261324496,0.04016803158930463,-0.012923198327980136,0.00017872340425531915,-7.957659574468087e-05,0.027145686452813858,-0.1452228834382552,-0.2765957446808511,0.04490778322737745,-0.017662949966052954,0.02127659574468085
2021-09-26 00:00:00+00:00,-0.05919730972127128,-0.052000556058150356,-0.007196753663120926,0.00010212765957446807,-0.00012854680851063832,-0.05917089057233511,0.1163821968920508,-0.44680851063829785,-0.05103379795928643,-0.008163511761984855,0.9148936170212766
2021-10-03 00:00:00+00:00,-0.016920768779495853,0.01452561345772042,-0.03144638223721627,0.00010212765957446807,-0.00017751702127659578,-0.016845379417793724,-0.02354151146596068,-0.6170212765957447,0.01452493745891579,-0.03144570623841164,0.3829787234042553
2021-10-10 00:00:00+00:00,-0.01638519633346231,-0.02177506870077672,0.0053898723673144085,0.00028085106382978725,-0.00021424468085106389,-0.016451802716441033,0.029240806541043024,-0.7446808510638298,-0.021513826823796954,0.005128630490334643,0.5957446808510638
2021-10-17 00:00:00+00:00,-0.01407868394747434,-0.017084192924360836,0.003005508976886496,0.00033191489361702125,-0.0001040617021276596,-0.014306537138963703,0.047232768673232894,-0.3617021276595745,-0.01898469771092565,0.00490601376345131,0.6808510638297872
2021-10-24 00:00:00+00:00,0.10963166030362156,0.0785991232878999,0.03103253701572166,0.0006638297872340425,0.00018975957446808515,0.10877807094191944,0.119166412726816,0.6595744680851063,0.07478326084970977,0.0348483994539118,0.7446808510638298
2021-10-31 00:00:00+00:00,0.03999047215423665,0.03487665107550335,0.005113821078733302,0.0001531914893617021,0.00016527446808510643,0.039672006196789844,0.060711207427728044,0.574468085106383,0.03218281030752409,0.007807661846712562,0.7659574468085106
2021-11-07 00:00:00+00:00,0.02743677462403169,0.013576659295496219,0.013860115328535472,0.00015319148936170213,0.00021424468085106389,0.027069338453818925,0.018231513911094923,0.7446808510638298,0.012851521718424817,0.014585252905606874,0.5106382978723404
2021-11-14 00:00:00+00:00,-0.043852775016773954,-0.04960796246317336,0.0057551874463994054,0.0001531914893617021,0.0001652744680851064,-0.04417124097422076,-0.08635460132478325,0.574468085106383,-0.04619343159898076,0.002340656582206807,0.10638297872340426
2021-11-21 00:00:00+00:00,0.04314035288700558,0.0019464924643347644,0.041193860422670814,0.0004085106382978723,-3.0606382978723406e-05,0.04276244863168643,-0.018297029164746785,-0.10638297872340426,0.0021263862470416754,0.04101396663996391,0.2553191489361702
2021-11-28 00:00:00+00:00,0.09854115150745159,0.1127776179544749,-0.01423646644702331,0.00030638297872340425,-0.00015303191489361706,0.0983878004436218,-0.2120219217544128,-0.5319148936170213,0.10941031285516044,-0.01086916134770885,0.02127659574468085
2021-12-05 00:00:00+00:00,-0.0003374461969005988,-0.0007560086080698578,0.000418562411169259,0.0002297872340425532,-0.0002632148936170213,-0.0003040185373261306,0.000826334990215891,-0.9148936170212766,-0.0007262450540835748,0.000388798857182976,0.3829787234042553
2021-12-12 00:00:00+00:00,0.042776187857807506,0.045231929590314954,-0.002455741732507448,0.0,-0.0002632148936170213,0.043039402751424524,-0.049439550947553555,-0.9148936170212766,0.043465975637247196,-0.0006897877794396906,0.1276595744680851
2021-12-19 00:00:00+00:00,-0.16390607558113757,-0.16259547711507333,-0.001310598466064239,7.659574468085106e-05,-0.00025097234042553197,-0.1637316989853929,0.1863899371806938,-0.8723404255319149,-0.1568844313697408,-0.007021644211396755,0.9787234042553191
2021-12-26 00:00:00+00:00,0.0446017393130236,0.023490504081535548,0.021111235231488053,0.00017872340425531915,-0.00018975957446808515,0.04461277548323636,-0.035614635220392606,-0.6595744680851063,0.022785053667538364,0.021816685645485237,0.2127659574468085
2022-01-02 00:00:00+00:00,-0.009323735477600095,-0.0030929208530139566,-0.0062308146245861375,0.0004085106382978723,6.121276595744681e-06,-0.00973836739249371,-0.14536728009165598,0.02127659574468085,-0.006514697577689888,-0.0028090378999102066,0.0425531914893617
2022-01-09 00:00:00+00:00,-0.02202915218254655,-0.04347061829588926,0.02144146611334271,0.0004085106382978723,-0.00018975957446808515,-0.02224790324637634,0.0659070664486063,-0.6595744680851063,-0.041346955061491324,0.019317802878944773,0.8723404255319149
2022-01-16 00:00:00+00:00,-0.004156686944187183,0.006213725405547739,-0.010370412349734922,0.0004340425531914894,-6.121276595744681e-06,-0.004584608220782927,-0.29204509406074375,-0.02127659574468085,0.003041099761510966,-0.007197786705698149,0.0
2022-01-23 00:00:00+00:00,-0.0048976186901611,0.004073512149485073,-0.008971130839646173,0.0005617021276595745,-0.0002754574468085107,-0.005183863371012164,-0.004254557133906632,-0.9574468085106383,0.00395384944314693,-0.00885146813330803,0.46808510638297873
2022-01-30 00:00:00+00:00,-0.16362106980299546,-0.16362106980299546,0.0,2.553191489361702e-05,-0.00028770000000000005,-0.16335890171788908,0.16362106980299546,-1.0,-0.16070794013105663,-0.0029131296719388244,1.0
2022-02-06 00:00:00+00:00,0.06405270775678888,0.05894147591870385,0.005111231838085033,0.00017872340425531915,-0.00020200212765957452,0.06407598648019314,-0.08394695055088124,-0.7021276595744681,0.06204648236046859,0.0020062253963202895,0.1276595744680851
2022-02-13 00:00:00+00:00,0.07627128023867828,0.0775163625960956,-0.0012450823574173125,0.00017872340425531915,-0.0002632148936170213,0.07635577172803999,-0.08472718702363938,-0.9148936170212766,0.0776533002834665,-0.0013820200447882125,0.0425531914893617
2022-02-20 00:00:00+00:00,0.022582152695331446,0.005833054100369436,0.01674909859496201,0.0004851063829787234,-3.0606382978723406e-05,0.022127652695331446,-0.054830708543472696,-0.10638297872340426,0.007379043306350291,0.015203109388981156,0.2127659574468085
2022-02-27 00:00:00+00:00,-0.0032623105046072046,0.00668838551834646,-0.009950696022953665,0.0002553191489361702,-0.00015303191489361706,-0.0033645977386497577,-0.012574164774491345,-0.5319148936170213,0.00683637244548356,-0.010098682950090764,0.2127659574468085
2022-03-06 00:00:00+00:00,0.02279015106574289,0.024007320276969116,-0.001217169211226228,0.00028085106382978725,-0.0002632148936170213,0.022772514895530123,-0.026240559372501127,-0.9148936170212766,0.023841004998482046,-0.0010508539327391576,0.2553191489361702
2022-03-13 00:00:00+00:00,-0.13955543832370473,-0.13131162291016715,-0.00824381541353758,5.106382978723404e-05,-0.0002632148936170213,-0.13934328725987494,0.14352665759948502,-0.9148936170212766,-0.12880449272460434,-0.010750945599100392,1.0
2022-03-20 00:00:00+00:00,-0.033913709535914674,0.022988097553029156,-0.05690180708894383,0.0006127659574468085,3.0606382978723406e-05,-0.034557081876340205,0.21608811699847408,0.10638297872340426,0.02342838002340869,-0.057342089559323364,1.0
2022-03-27 00:00:00+00:00,0.10999088493372909,0.10999088493372909,0.0,0.0005361702127659574,0.00028770000000000005,0.10916701472096313,0.10999088493372909,1.0,0.1086329785228129,0.001357906410916196,0.851063829787234
2022-04-03 00:00:00+00:00,-0.17545018289195966,-0.17416749609835988,-0.0012826867935997743,2.553191489361702e-05,0.0002754574468085107,-0.1757511722536618,-0.1819082737027314,0.9574468085106383,-0.17126889984942167,-0.004181283042537981,0.02127659574468085
2022-04-10 00:00:00+00:00,-0.051072572835010065,-0.051454030722378634,0.0003814578873685692,2.553191489361702e-05,0.0002632148936170213,-0.0513613196435207,-0.05624045218492549,0.9148936170212766,-0.05087491234948206,-0.00019766048552800203,0.06382978723404255
2022-04-17 00:00:00+00:00,-0.00046686604564716056,0.0025878061005406745,-0.003054672146187835,0.0007404255319148936,-9.181914893617022e-05,-0.001115472428625884,-0.008108459115027446,-0.3191489361702128,0.002410129537450598,-0.0028769955830977587,0.2765957446808511
2022-04-24 00:00:00+00:00,0.0979869212287859,0.10703805870313975,-0.009051137474353849,0.00030638297872340425,-0.00021424468085106389,0.09789478293091355,-0.14373682168707339,-0.7446808510638298,0.10099413529318339,-0.0030072140643974954,0.0425531914893617
2022-05-01 00:00:00+00:00,0.07090500566614769,0.07090500566614769,0.0,0.00015319148936170213,-0.00028770000000000005,0.07103951417678599,-0.07090500566614769,-1.0,0.06987787233329677,0.001027133332850913,0.10638297872340426
2022-05-08 00:00:00+00:00,0.23563093367690255,0.23282607846555048,0.0028048552113520697,2.553191489361702e-05,-0.0002754574468085107,0.23588085920881743,-0.2431739041751305,-0.9574468085106383,0.2332580085229191,0.002372925153983435,0.02127659574468085
2022-05-15 00:00:00+00:00,0.04363110220873039,0.038486237926403336,0.0051448642823270566,0.0,-0.0002754574468085107,0.043906559655538906,-0.04019673738979904,-0.9574468085106383,0.03878493348215257,0.004846168726577824,0.3191489361702128
2022-05-22 00:00:00+00:00,0.07553802288681384,0.07109407237376278,0.004443950513051062,0.0,-0.0002754574468085107,0.07581348033362235,-0.07425380892370778,-0.9574468085106383,0.07164804897482156,0.0038899739119922783,0.1276595744680851
2022-05-29 00:00:00+00:00,-0.007975498065989418,-0.008060936800672604,8.5438734683186e-05,0.0,-0.0002754574468085107,-0.007700040619180907,0.008419200658480275,-0.9574468085106383,-0.00811364019284671,0.00013814212685729112,0.5957446808510638
2022-06-05 00:00:00+00:00,0.19654346162543646,0.19654346162543646,0.0,2.553191489361702e-05,-0.00028770000000000005,0.19680562971054283,-0.19654346162543646,-1.0,0.19465545127057382,0.0018880103548626348,0.0425531914893617
2022-06-12 00:00:00+00:00,0.03412077617192724,0.04962811394875577,-0.015507337776828528,0.00010212765957446807,-0.0002387297872340426,0.03425737829958682,-0.05980823988696208,-0.8297872340425532,0.048750370650364326,-0.014629594478437084,0.2553191489361702
2022-06-19 00:00:00+00:00,-0.1090130809942758,-0.11268797568830322,0.003674894694027417,7.659574468085106e-05,-0.0002754574468085107,-0.10881421929214814,0.11769633016333891,-0.9574468085106383,-0.11027372615483172,0.0012606451605559205,0.9787234042553191
2022-06-26 00:00:00+00:00,0.052736067492369545,0.05008932319682237,0.0026467442955471765,0.00015319148936170213,-0.00020200212765957452,0.05278487813066742,-0.07133933909850458,-0.7021276595744681,0.046392939362480984,0.006343128129888562,0.14893617021276595
2022-07-03 00:00:00+00:00,-0.05105807948247261,-0.05433374508998823,0.003275665607515618,7.659574468085106e-05,-0.0002387297872340426,-0.05089594543991942,0.06547912869819095,-0.8297872340425532,-0.0519843020462733,0.000926222563800691,0.8723404255319149
2022-07-10 00:00:00+00:00,-0.003217354253400434,0.0028529100190249953,-0.006070264272425429,0.0005617021276595745,3.0606382978723406e-05,-0.0038096627640387317,0.026817354178834955,0.10638297872340426,0.005787172055438015,-0.009004526308838448,0.6170212765957447
2022-07-17 00:00:00+00:00,0.044310541595999585,0.047860623385660654,-0.0035500817896610692,0.00040851063829787235,0.00015303191489361706,0.043748999042808094,0.08997797196504204,0.5319148936170213,0.04937880914309762,-0.005068267547098035,0.8936170212765957
2022-07-24 00:00:00+00:00,0.00830680593132336,0.035501537847373005,-0.027194731916049646,0.0004085106382978723,0.0001040617021276596,0.007794233590897827,0.09815131051920771,0.3617021276595745,0.03620162974943322,-0.027894823818109864,0.8723404255319149
2022-07-31 00:00:00+00:00,0.056132167788538696,0.05734178740778065,-0.0012096196192419514,0.00033191489361702125,0.0002632148936170213,0.055537038001304655,0.06267590716664397,0.9148936170212766,0.056346569722769954,-0.0002144019342312578,0.8936170212765957
2022-08-07 00:00:00+00:00,0.0307556150287615,0.0307556150287615,0.0,5.106382978723404e-05,0.00028770000000000005,0.03041685119897427,0.0307556150287615,1.0,0.030414279476524957,0.00034133555223654286,0.7446808510638298
2022-08-14 00:00:00+00:00,-0.1561080983161636,-0.1561080983161636,0.0,0.0,0.00028770000000000005,-0.1563957983161636,-0.1561080983161636,1.0,-0.15389799251434041,-0.002210105801823181,0.0425531914893617
2022-08-21 00:00:00+00:00,0.03786211309017482,0.028870228668002852,0.00899188442217197,0.0007914893617021276,-9.181914893617022e-05,0.037162442877408865,-0.09046004982640893,-0.3191489361702128,0.03001508992315482,0.00784702316702,0.02127659574468085
2022-08-28 00:00:00+00:00,-0.07770500391630161,-0.05883358083041635,-0.018871423085885262,0.00033191489361702125,-0.00025097234042553197,-0.07778594646949309,0.06744337314706264,-0.8723404255319149,-0.059429906361727125,-0.018275097554574488,0.9787234042553191
2022-09-04 00:00:00+00:00,-0.041516086525437326,-0.0448611773487177,0.0033450908232803764,2.553191489361702e-05,-0.0002632148936170213,-0.04127840354671392,0.04903431012534261,-0.9148936170212766,-0.04444790654779341,0.002931820022356084,0.8723404255319149
2022-09-11 00:00:00+00:00,0.1412941905655819,0.12742423036577794,0.013869960199803966,0.0,-0.0002632148936170213,0.14155740545919893,-0.13927764714398985,-0.9148936170212766,0.12587634852064897,0.015417842044932933,0.0425531914893617
2022-09-18 00:00:00+00:00,-0.017919241024402777,-0.0317260706547657,0.013806829630362925,5.106382978723404e-05,-0.0002387297872340426,-0.017731575066955968,0.03823398258394841,-0.8297872340425532,-0.032104724481188444,0.014185483456785667,0.5531914893617021
2022-09-25 00:00:00+00:00,-0.003403022797095767,0.006826467909637833,-0.0102294907067336,0.00033191489361702125,-7.957659574468087e-05,-0.003655361094968107,-0.024680307057921395,-0.2765957446808511,0.006841841406688183,-0.01024486420378395,0.2127659574468085
2022-10-02 00:00:00+00:00,-0.038810057198671595,-0.02954625313194167,-0.009263804066729924,0.00028085106382978725,-0.00021424468085106389,-0.03887666358165032,0.0396763970628931,-0.7446808510638298,-0.029917221205972205,-0.00889283599269939,0.9148936170212766
2022-10-09 00:00:00+00:00,0.03561244342685747,0.04091324303239384,-0.005300799605536373,7.659574468085106e-05,-0.00017751702127659578,0.03571336470345321,-0.06630766974215553,-0.6170212765957447,0.04136741905448494,-0.005754975627627473,0.0851063829787234
2022-10-16 00:00:00+00:00,-0.0018836693278388922,-0.0011158444714019734,-0.0007678248564369188,0.0001276595744680851,-0.0001407893617021277,-0.0018705395406048494,0.002280203919821424,-0.48936170212765956,-0.0012054924773745002,-0.000678176850464392,0.48936170212765956
2022-10-23 00:00:00+00:00,-0.08161591308402126,-0.05944187384652631,-0.022174039237494954,0.00030638297872340425,-0.00016527446808510643,-0.08175702159465956,0.10347289151061986,-0.574468085106383,-0.05940961489096797,-0.022206298193053288,0.8723404255319149
2022-10-30 00:00:00+00:00,0.013047808588715631,0.026338544707713768,-0.013290736118998137,0.0005617021276595745,0.0001040617021276596,0.012382044758928398,0.07281832948603217,0.3617021276595745,0.026298177322508658,-0.013250368733793027,0.6170212765957447
2022-11-06 00:00:00+00:00,-0.018782233287969755,-0.028868049815893346,0.010085816527923591,0.0002553191489361702,3.0606382978723406e-05,-0.019068158819884648,-0.27135966826939745,0.10638297872340426,-0.03281526094213198,0.014033027654162228,0.0
2022-11-13 00:00:00+00:00,0.027110098630181267,0.03382638150009263,-0.006716282869911362,0.0005361702127659574,-0.00022648723404255323,0.026800415651457864,-0.04296864677038793,-0.7872340425531915,0.030907735302940123,-0.0037976366727588556,0.1702127659574468
2022-11-20 00:00:00+00:00,-0.04075873499063773,-0.05568695263955435,0.014928217648916622,0.0,-0.00022648723404255323,-0.040532247756595176,0.07073748037997445,-0.7872340425531915,-0.050680540172193984,0.009921805181556255,0.9148936170212766
2022-11-27 00:00:00+00:00,-0.018967813920506293,-0.03319821204477353,0.014230398124267237,5.106382978723404e-05,-0.00025097234042553197,-0.01876790540986799,0.03805648697815502,-0.8723404255319149,-0.030897492067686088,0.011929678147179795,0.723404255319149
2022-12-04 00:00:00+00:00,0.039008622678462126,0.03764992889339655,0.0013586937850655761,5.106382978723404e-05,-0.0002754574468085107,0.039233016295483404,-0.0393232590664364,-0.9574468085106383,0.037359217212325595,0.0016494054661365318,0.1702127659574468
2022-12-11 00:00:00+00:00,0.008258716035072097,-0.0078074855471193215,0.01606620158219142,0.0006127659574468085,1.8363829787234042e-05,0.007627586247838054,-0.12231727357153604,0.06382978723404255,-0.004845292309162503,0.0131040083442346,0.0
2022-12-18 00:00:00+00:00,0.014558431293576746,0.008660404856323245,0.005898026437253501,0.00033191489361702125,-9.181914893617022e-05,0.014318335548895895,-0.027135935216479497,-0.3191489361702128,0.007056303913250356,0.00750212738032639,0.2765957446808511
2022-12-25 00:00:00+00:00,0.02778157440815465,0.029023944591283417,-0.0012423701831287687,0.00030638297872340425,-0.0002387297872340426,0.027713921216665285,-0.034977574251033865,-0.8297872340425532,0.03007168724169397,-0.0022901128335393213,0.1702127659574468
2023-01-01 00:00:00+00:00,-0.12069719187823814,-0.11527118599980468,-0.0054260058784334625,7.659574468085106e-05,-0.0002754574468085107,-0.12049833017611049,0.12039434982201822,-0.9574468085106383,-0.11674945877170041,-0.003947733106537732,0.9787234042553191
2023-01-08 00:00:00+00:00,-0.14887832337730494,-0.14829285194941888,-0.000585471427886064,0.00020425531914893618,-0.00017751702127659578,-0.14890506167517728,0.2403366910904375,-0.6170212765957447,-0.14750047924549078,-0.0013778441318141599,1.0
2023-01-15 00:00:00+00:00,0.05500099713452369,0.05500099713452369,0.0,0.0009702127659574467,0.00028770000000000005,0.05374308436856624,0.05500099713452369,1.0,0.05426089187114892,0.0007401052633747643,0.8936170212765957
2023-01-22 00:00:00+00:00,0.08426019674445864,0.08426019674445864,0.0,0.0,0.00028770000000000005,0.08397249674445864,0.08426019674445864,1.0,0.0831816164460803,0.0010785802983783455,0.9574468085106383
2023-01-29 00:00:00+00:00,0.011900063464205064,0.011900063464205064,0.0,0.0,0.00028770000000000005,0.011612363464205064,0.011900063464205064,1.0,0.011737519777928288,0.0001625436862767761,0.44680851063829785
2023-02-05 00:00:00+00:00,-0.06556581922318581,-0.06556581922318581,0.0,0.0,0.00028770000000000005,-0.06585351922318582,-0.06556581922318581,1.0,-0.06495713487462051,-0.0006086843485652998,0.0425531914893617
2023-02-12 00:00:00+00:00,0.1422539532867023,0.075146716318952,0.06710723696775028,0.0003829787234042553,0.0001040617021276596,0.14176691286117038,0.20775856864651437,0.3617021276595745,0.06925448400229527,0.07299946928440702,1.0
2023-02-19 00:00:00+00:00,-0.013539920975986146,-0.017930642364776653,0.004390721388790507,0.0002553191489361702,0.00022648723404255323,-0.01402172735896487,-0.022776761922824396,0.7872340425531915,-0.018061896221553752,0.0045219752455676054,0.3617021276595745
2023-02-26 00:00:00+00:00,-0.01580703574727965,-0.01037865857592948,-0.005428377171350168,0.00040851063829787235,3.0606382978723406e-05,-0.016246152768556246,-0.09755939061373711,0.10638297872340426,-0.011737301106002533,-0.004069734641277115,0.0425531914893617
2023-03-05 00:00:00+00:00,0.02309614302065135,0.0368254621437746,-0.013729319123123248,0.0004340425531914893,-0.00017751702127659578,0.02283961748873646,-0.05968264554335883,-0.6170212765957447,0.032001791102935884,-0.008905648082284532,0.0851063829787234
2023-03-12 00:00:00+00:00,-0.03628290319902466,-0.08515900258249708,0.04887609938347241,0.00015319148936170213,-0.00015303191489361706,-0.03628306277349275,0.1600989248550945,-0.5319148936170213,-0.07897764857019705,0.04269474537117239,1.0
2023-03-19 00:00:00+00:00,0.017867138736267933,0.028473198770943026,-0.010606060034675093,0.00017872340425531915,-0.00016527446808510643,0.01785368980009772,-0.049564457119789705,-0.574468085106383,0.025491042476555117,-0.007623903740287184,0.1276595744680851
2023-03-26 00:00:00+00:00,-0.007930223372724173,-0.016078745198642937,0.008148521825918765,0.00020425531914893615,-0.00021424468085106389,-0.007920234011022046,0.02159145783817766,-0.7446808510638298,-0.01588955684964233,0.007959333476918158,0.6382978723404256
2023-04-02 00:00:00+00:00,-0.005443579901960434,0.0020786294087303905,-0.007522209310690824,0.0005106382978723404,3.0606382978723406e-05,-0.0059848245828114975,0.01953911644206567,0.10638297872340426,0.0013223661434572662,-0.0067659460454177,0.723404255319149
2023-04-09 00:00:00+00:00,0.07356256214981045,0.07462067378731309,-0.0010581116375026345,0.0004340425531914893,0.0002387297872340426,0.07288978980938492,0.08992747866676193,0.8297872340425532,0.07376187168525618,-0.00019930953544572416,0.9787234042553191
2023-04-16 00:00:00+00:00,-0.08260790033954789,-0.08581752126736857,0.0032096209278206778,0.00017872340425531915,0.00017751702127659578,-0.0829641407650798,-0.13908356895056284,0.6170212765957447,-0.07683209863024672,-0.00577580170930117,0.02127659574468085
2023-04-23 00:00:00+00:00,-0.0060977467974942185,0.0006498213350144448,-0.0067475681325086636,0.000676595744680851,-0.00012242553191489365,-0.006651917010260176,-0.0015270801372839452,-0.425531914893617,0.0007209978274006564,-0.006818744624894875,0.425531914893617
2023-04-30 00:00:00+00:00,0.01628692848078169,0.017671218887290355,-0.0013842904065086634,0.0003191489361702127,-0.00015303191489361706,0.016120811459505096,-0.033221891508105866,-0.5319148936170213,0.02009513505974084,-0.0038082065789591495,0.06382978723404255
2023-05-07 00:00:00+00:00,0.056583743402155995,0.05540241079483713,0.001181332607318862,0.00020425531914893618,-0.00022648723404255323,0.05660597531704961,-0.0703760353339823,-0.7872340425531915,0.05858697194380078,-0.0020032285416447873,0.0425531914893617
2023-05-14 00:00:00+00:00,-0.006888086703521876,-0.004243154648871236,-0.00264493205465064,7.659574468085106e-05,-0.0002632148936170213,-0.006701467554585706,0.004637866709231351,-0.9148936170212766,-0.004321546318057967,-0.002566540385463909,0.425531914893617
2023-05-21 00:00:00+00:00,-0.03365324498649964,-0.03306616017933229,-0.0005870848071673485,5.106382978723404e-05,-0.0002387297872340426,-0.03346557902905283,0.03984896226740045,-0.8297872340425532,-0.03138816931901224,-0.002265075667487397,0.9361702127659575
2023-05-28 00:00:00+00:00,0.008768594346157368,0.010060362250887958,-0.00129176790473059,0.00017872340425531915,-0.00015303191489361706,0.008742902856795666,-0.01891348103166936,-0.5319148936170213,0.009006203875571243,-0.00023760952941387532,0.2553191489361702
2023-06-04 00:00:00+00:00,0.12417945998313139,0.11470033369962569,0.009479126283505696,0.00015319148936170213,-0.00015303191489361706,0.1241793004086633,-0.21563662735529632,-0.5319148936170213,0.11872554319796692,0.005453916785164464,0.0
2023-06-11 00:00:00+00:00,-0.009400645292145281,-0.006012737168287966,-0.0033879081238573153,0.00022978723404255317,-0.0002632148936170213,-0.009367217632570812,0.006572061556035683,-0.9148936170212766,-0.006176519438176008,-0.0032241258539692733,0.44680851063829785
2023-06-18 00:00:00+00:00,-0.17787127646435003,-0.17057251885701066,-0.007298757607339362,2.553191489361702e-05,-0.0002754574468085107,-0.17762135093243514,0.17815351969510002,-0.9574468085106383,-0.16996943520336158,-0.007901841260988446,1.0
2023-06-25 00:00:00+00:00,0.004636312386613347,-0.045325278135730694,0.04996159052234404,0.0001276595744680851,-0.00021424468085106389,0.004722897492996326,0.060865373496552654,-0.7446808510638298,-0.047677807760607344,0.05231412014722069,0.7021276595744681
2023-07-02 00:00:00+00:00,0.014905082578824448,0.023040078128726774,-0.008134995549902326,0.00022978723404255317,-0.00012854680851063832,0.014803842153292534,-0.05156588914524564,-0.44680851063829785,0.02488414059945117,-0.00997905802062672,0.1276595744680851
2023-07-09 00:00:00+00:00,0.05326802031042031,0.07254877180480776,-0.019280751494387453,0.0007914893617021276,0.00025097234042553197,0.05222555860829265,0.08316566523965767,0.8723404255319149,0.07236022593758308,-0.019092205627162774,0.8936170212765957
2023-07-16 00:00:00+00:00,0.005737524241760753,0.005737524241760753,0.0,7.659574468085106e-05,0.00028770000000000005,0.005373228497079901,0.005737524241760753,1.0,0.0056423139547873554,9.521028697339739e-05,0.5319148936170213
2023-07-23 00:00:00+00:00,-0.008070253486292894,-0.01256399843118551,0.0044937449448926164,0.00033191489361702125,0.00012854680851063832,-0.008530715188420555,-0.028119425060272336,0.44680851063829785,-0.012578596152193726,0.004508342665900831,0.23404255319148937
2023-07-30 00:00:00+00:00,-0.006934296365412288,0.00789584794060565,-0.014830144306017937,0.0003829787234042553,-5.509148936170213e-05,-0.00726218359945484,-0.0412338725787184,-0.19148936170212766,0.007554856366663916,-0.014489152732076203,0.14893617021276595
2023-08-06 00:00:00+00:00,0.0059074969755847535,-0.0004893241985613162,0.0063968211741460695,0.0003574468085106383,-3.0606382978723406e-05,0.005580656550052838,0.004599647466476372,-0.10638297872340426,-0.00013749447197840877,0.006044991447563162,0.48936170212765956
2023-08-13 00:00:00+00:00,0.07048178279738433,0.08040379441423001,-0.00992201161684568,0.00033191489361702125,-0.0001652744680851064,0.07031514237185242,-0.13996216064699296,-0.574468085106383,0.07445850147878157,-0.003976718681397234,0.0
2023-08-20 00:00:00+00:00,0.010878752930748555,0.010878752930748555,0.0,0.0002553191489361702,-0.00028770000000000005,0.010911133781812384,-0.010878752930748555,-1.0,0.010694081254326226,0.0001846716764223287,0.2553191489361702
2023-08-27 00:00:00+00:00,0.03144167150914342,0.02649083756135972,0.0049508339477837005,2.553191489361702e-05,-0.0002754574468085107,0.03169159704105832,-0.027668208119642372,-0.9574468085106383,0.025718055376553882,0.005723616132589537,0.0851063829787234
2023-09-03 00:00:00+00:00,0.022334880352964118,-0.0021105493662725693,0.02444542971923669,2.553191489361702e-05,-0.0002632148936170213,0.02257256333168752,0.00230687953987932,-0.9148936170212766,-0.0021100078160275044,0.02444488816899162,0.2978723404255319
2023-09-10 00:00:00+00:00,-0.015090567066917806,-0.013015780997510948,-0.0020747860694068573,2.553191489361702e-05,-0.00025097234042553197,-0.01486512664138589,0.014920529436171085,-0.8723404255319149,-0.013100296577534335,-0.00199027048938347,0.723404255319149
2023-09-17 00:00:00+00:00,-0.0014010890241142786,-0.009785164024801937,0.00838407500068766,0.0001531914893617021,-0.00017751702127659578,-0.001376763492199385,0.01585871410916176,-0.6170212765957447,-0.009803240085868817,0.008402151061754539,0.5957446808510638
2023-09-24 00:00:00+00:00,-0.024839555022118893,-0.03586293470234282,0.011023379680223929,0.0002553191489361702,-0.0001040617021276596,-0.0249908124689274,0.09915046653000661,-0.3617021276595745,-0.03537840944897493,0.01053885442685604,1.0
2023-10-01 00:00:00+00:00,-0.05038720921827794,-0.04433684473453093,-0.00605036448374701,0.0007404255319148936,0.00025097234042553197,-0.05137860709061837,-0.0508251634761696,0.8723404255319149,-0.04192902425586959,-0.008458184962408348,0.06382978723404255
2023-10-08 00:00:00+00:00,-0.013340512554326642,-0.020471626185926833,0.00713111363160019,0.00017872340425531915,0.00018975957446808515,-0.013708995533050047,-0.0310376267980181,0.6595744680851063,-0.020581341351927258,0.007240828797600615,0.0851063829787234
2023-10-15 00:00:00+00:00,0.01672041366678156,-0.012882126648299222,0.029602540315080784,0.0004978723404255318,-4.8970212765957454e-05,0.016271511539121986,0.07568249405875793,-0.1702127659574468,-0.007724802446810709,0.02444521611359227,0.9361702127659575
2023-10-22 00:00:00+00:00,0.03852981932749414,0.05586050881346708,-0.01733068948597294,0.00044680851063829785,0.00012854680851063832,0.03795446400834521,0.12502113877299775,0.44680851063829785,0.05716783517332378,-0.018638015845829636,0.9787234042553191
2023-10-29 00:00:00+00:00,0.10062901057990896,0.09844834653469572,0.0021806640452132348,0.00030638297872340425,0.00022648723404255323,0.10009614036714301,0.12505600776028916,0.7872340425531915,0.09654886806910595,0.004080142510803006,0.9787234042553191
2023-11-05 00:00:00+00:00,0.13588318236073874,0.13588318236073874,0.0,0.0001276595744680851,0.00028770000000000005,0.13546782278627065,0.13588318236073874,1.0,0.13187456138733847,0.004008620973400268,0.8936170212765957
2023-11-12 00:00:00+00:00,-0.026884119186967786,-0.026884119186967786,0.0,0.0,0.00028770000000000005,-0.027171819186967785,-0.026884119186967786,1.0,-0.02595726628533275,-0.0009268529016350363,0.23404255319148937
2023-11-19 00:00:00+00:00,-0.0036779983099609827,-0.004123243691032602,0.0004452453810716195,2.553191489361702e-05,0.0002754574468085107,-0.00397898767166311,-0.004306498966189606,0.9574468085106383,-0.003984211680229549,0.00030621337026856673,0.40425531914893614
2023-11-26 00:00:00+00:00,0.05614368059280049,0.04968654390039968,0.0064571366924008125,5.106382978723404e-05,0.00025097234042553197,0.055841644422587725,0.05695774544679963,0.8723404255319149,0.047833744595256945,0.008309935997543545,0.8085106382978723
2023-12-03 00:00:00+00:00,0.09492410249253201,0.09114607767125245,0.003778024821279563,0.0001276595744680851,0.00018975957446808515,0.09460668334359584,0.13818921453383437,0.6595744680851063,0.09108741064303102,0.0038366918495009866,0.9574468085106383
2023-12-10 00:00:00+00:00,-0.04763033740203921,-0.04876751439157893,0.0011371769895397177,0.00030638297872340425,0.0002387297872340426,-0.04817545016799665,-0.05877110708728743,0.8297872340425532,-0.04831278610075459,0.0006824486987153794,0.1276595744680851
2023-12-17 00:00:00+00:00,0.09959455330357986,0.07261398428846369,0.026980569015116168,0.00017872340425531915,0.00017751702127659578,0.09923831287804795,0.11768473315716528,0.6170212765957447,0.07427116890163346,0.025323384401946397,0.8723404255319149
2023-12-24 00:00:00+00:00,0.01368928901257498,0.01732289799724967,-0.003633608984674689,0.00015319148936170213,0.00022648723404255323,0.013309610289170723,0.022004762320830658,0.7872340425531915,0.01763299508302427,-0.0039437060704492904,0.6170212765957447
2023-12-31 00:00:00+00:00,-0.10386273080179088,-0.10545167705370825,0.0015889462519173697,0.0001276595744680851,0.00021424468085106389,-0.10420463505711003,-0.1416065377578368,0.7446808510638298,-0.1016963298321906,-0.002166400969600288,0.0425531914893617
2024-01-07 00:00:00+00:00,-0.049007982769486945,-0.032205696092036606,-0.01680228667745034,0.0008170212765957446,-0.00017751702127659578,-0.0496474870248061,0.05219543849399036,-0.6170212765957447,-0.02982133095974591,-0.019186651809741034,0.8297872340425532
2024-01-14 00:00:00+00:00,-0.04656531491126189,-0.0015829448000426788,-0.04498237011121921,0.0003829787234042553,-1.8363829787234042e-05,-0.04692992980487891,0.02479946853400197,-0.06382978723404255,-0.0014188983885491447,-0.04514641652271274,0.2765957446808511
2024-01-21 00:00:00+00:00,0.0043867790130018465,0.011228843130080095,-0.006842064117078248,0.0004085106382978723,-0.00016527446808510643,0.004143542842789081,-0.0195465047079172,-0.574468085106383,0.01250144175361087,-0.008114662740609024,0.2553191489361702
2024-01-28 00:00:00+00:00,0.011469867897222668,0.01688762158857351,-0.005417753691350844,0.00017872340425531915,-0.00022648723404255323,0.011517631727009902,-0.021451843639539326,-0.7872340425531915,0.01729439481496777,-0.005824526917745104,0.2553191489361702
2024-02-04 00:00:00+00:00,-0.021824848356004154,-0.014734010893091542,-0.007090837462912612,0.0003574468085106383,-5.509148936170214e-05,-0.02212720367515309,0.07694427910836694,-0.19148936170212766,-0.018106022306435897,-0.003718826049568257,0.9574468085106383
2024-02-11 00:00:00+00:00,-0.004557803879923092,-0.0019668429186082805,-0.0025909609613148114,0.00030638297872340425,-6.121276595744681e-06,-0.004858065582050751,0.0924416171745892,-0.02127659574468085,-0.005036289567831559,0.000478485687908467,0.9361702127659575
2024-02-18 00:00:00+00:00,0.05442921838755954,0.04523227153889625,0.00919694684866329,0.0006638297872340425,0.0002387297872340426,0.05352665881309146,0.05451068621354164,0.8297872340425532,0.046266898762727535,0.008162319624832007,0.7021276595744681
2024-02-25 00:00:00+00:00,0.2116484794187081,0.20634695282479243,0.0053015265939156675,7.659574468085106e-05,0.0002754574468085107,0.21129642622721873,0.2155179285058943,0.9574468085106383,0.20427571214905574,0.007372767269652358,1.0
2024-03-03 00:00:00+00:00,0.10256482909576223,0.10256482909576223,0.0,2.553191489361702e-05,0.00028770000000000005,0.10225159718086861,0.10256482909576223,1.0,0.09905247562472615,0.003512353471036081,0.7446808510638298
2024-03-10 00:00:00+00:00,-0.01363006463079435,-0.01747732465970969,0.003847260028915339,2.553191489361702e-05,0.0002754574468085107,-0.013931053992496476,-0.018254094644585675,0.9574468085106383,-0.016981374196826826,0.0033513095660324763,0.19148936170212766
2024-03-17 00:00:00+00:00,-0.008927111979734132,-0.011588561485400802,0.0026614495056666698,7.659574468085106e-05,0.0002387297872340426,-0.009242437511649024,-0.013965702302918916,0.8297872340425532,-0.01210679150263999,0.0031796795229058587,0.2553191489361702
2024-03-24 00:00:00+00:00,0.06189478546236024,0.05810998135774551,0.0037848041046147293,2.553191489361702e-05,0.00022648723404255323,0.06164276631342407,0.07381538172470375,0.7872340425531915,0.05998885306923486,0.0019059323931253785,0.8936170212765957
2024-03-31 00:00:00+00:00,-0.05113343957708009,-0.04418159315350554,-0.006951846423574548,0.00022978723404255317,0.0001407893617021277,-0.05150401617282477,-0.09028412513977219,0.48936170212765956,-0.04609632322121168,-0.005037116355868405,0.02127659574468085
2024-04-07 00:00:00+00:00,0.11578132596178373,0.12108577082027426,-0.005304444858490534,0.0006382978723404255,-0.00016527446808510643,0.1153083025575284,-0.21077893439084777,-0.574468085106383,0.11425315531913263,0.0015281706426510944,0.02127659574468085
2024-04-14 00:00:00+00:00,-0.039725290036262906,-0.028965837804981836,-0.01075945223128107,0.00020425531914893618,-0.0002387297872340426,-0.0396908155681778,0.03490754812395247,-0.8297872340425532,-0.027115252862559374,-0.012610037173703532,0.723404255319149
2024-04-21 00:00:00+00:00,0.028101694184349886,0.03052934296848284,-0.002427648784132954,7.659574468085106e-05,-0.00025097234042553197,0.02827607078009457,-0.03499705169557789,-0.8723404255319149,0.02958508818353816,-0.0014833939991882733,0.1702127659574468
2024-04-28 00:00:00+00:00,-0.03286800760473004,-0.025700188111843766,-0.007167819492886276,2.553191489361702e-05,-0.0002632148936170213,-0.03263032462600664,0.028090903285038535,-0.9148936170212766,-0.024994228082802442,-0.0078737795219276,0.5106382978723404
2024-05-05 00:00:00+00:00,0.05328492275436151,0.034849254086238804,0.018435668668122705,7.659574468085106e-05,-0.00022648723404255323,0.05343481424372321,-0.04426797140684388,-0.7872340425531915,0.034224121308757446,0.019060801445604063,0.1276595744680851
2024-05-12 00:00:00+00:00,-0.05160450113446735,-0.020756365536331475,-0.030848135598135876,0.00017872340425531915,-0.00016527446808510643,-0.05161795007063757,0.03613145111879923,-0.574468085106383,-0.02082534057653933,-0.03077916055792802,0.7021276595744681
2024-05-19 00:00:00+00:00,-0.06001023313364962,-0.035210118270715,-0.024800114862934625,0.0002553191489361702,-0.0001407893617021277,-0.060124762920883666,0.0719511112488524,-0.48936170212765956,-0.035321868856939956,-0.024688364276709666,0.8085106382978723
2024-05-26 00:00:00+00:00,-0.022335119480978202,-0.009034606565384516,-0.013300512915593686,0.0004851063829787234,6.733404255319151e-05,-0.02288755990651012,-0.0386024098702793,0.23404255319148937,-0.009352175889698852,-0.01298294359127935,0.10638297872340426
2024-06-02 00:00:00+00:00,0.007791244678265799,0.01016327627827698,-0.0023720316000111815,0.0004085106382978723,-5.509148936170214e-05,0.007437825529329629,-0.05307488723100201,-0.19148936170212766,0.009554641968150578,-0.0017633972898847793,0.10638297872340426
2024-06-09 00:00:00+00:00,0.0024321521496299767,0.006916709777595235,-0.004484557627965258,0.00030638297872340425,-3.0606382978723406e-05,0.0021563755538852956,-0.06501707190939521,-0.10638297872340426,0.00586039513610825,-0.003428242986478273,0.06382978723404255
2024-06-16 00:00:00+00:00,0.10090054408382286,0.09375106139953962,0.00714948268428324,0.0004085106382978723,-0.00022648723404255323,0.10071852067956753,-0.1190891861021179,-0.7872340425531915,0.09467753931639575,0.006223004767427112,0.0425531914893617
2024-06-23 00:00:00+00:00,-0.04136932321876098,-0.041453866141146524,8.45429223855429e-05,0.0001531914893617021,-0.0002754574468085107,-0.04124705726131417,0.043296260191864146,-0.9574468085106383,-0.04245074715925636,0.001081423940495381,0.851063829787234
2024-06-30 00:00:00+00:00,0.15385426139020034,0.14734322554230206,0.006511035847898278,0.0,-0.0002754574468085107,0.15412971883700885,-0.15389181334418214,-0.9574468085106383,0.1510479542851607,0.0028063071050396238,0.02127659574468085
2024-07-07 00:00:00+00:00,-0.13536841548837714,-0.13387400505134975,-0.001494410437027388,0.0,-0.0002754574468085107,-0.13509295804156862,0.13982396083140972,-0.9574468085106383,-0.13739751549389684,0.0020291000055197017,0.9787234042553191
2024-07-14 00:00:00+00:00,-0.08311822040975525,-0.06342205662137745,-0.019696163788377796,0.0001531914893617021,-0.00020200212765957452,-0.08306940977145738,0.09032838367287092,-0.7021276595744681,-0.07045329217221903,-0.012664928237536219,0.9361702127659575
2024-07-21 00:00:00+00:00,-0.045026028778445276,-0.04578297613339618,0.0007569473549509029,0.0008425531914893616,0.00020200212765957452,-0.046070584097594215,-0.06520605691726122,0.7021276595744681,-0.04316531728547438,-0.0018607114929708943,0.1702127659574468
2024-07-28 00:00:00+00:00,0.0729090976123364,0.06804441592795615,0.004864681684380243,0.0006382978723404255,-0.0001040617021276596,0.07237486144212363,-0.18812279697729054,-0.3617021276595745,0.07749618687636847,-0.0045870892640320765,0.0
2024-08-04 00:00:00+00:00,0.017351878095290808,0.007064556837208685,0.010287321258082124,0.00015319148936170213,-0.00015303191489361706,0.017351718520822724,-0.013281366853952328,-0.5319148936170213,0.00792164549902589,0.009430232596264918,0.3829787234042553
2024-08-11 00:00:00+00:00,-0.029674042313693118,-0.029155571794282242,-0.0005184705194108755,0.0002553191489361702,-0.0002754574468085107,-0.029653904015820777,0.03045137498513923,-0.9574468085106383,-0.029533950061937563,-0.00014009225175555529,0.7021276595744681
2024-08-18 00:00:00+00:00,-0.13326563598750366,-0.13592980301814983,0.002664167030646175,0.00010212765957446807,-0.00025097234042553197,-0.13311679130665258,0.15582196931348882,-0.8723404255319149,-0.1410282682225726,0.007762632235068956,0.9787234042553191
2024-08-25 00:00:00+00:00,0.09435344690077824,0.09623759055878932,-0.001884143658011081,0.00015319148936170213,-0.00017751702127659578,0.09437777243269313,-0.1559712674573482,-0.6170212765957447,0.09899453464636311,-0.004641087745584874,0.0
2024-09-01 00:00:00+00:00,-0.0037082071758891507,-0.001954230132850444,-0.0017539770430387066,0.00028085106382978725,-6.733404255319151e-05,-0.003921724197165746,0.008349892385815533,-0.23404255319148937,-0.002230971885126093,-0.0014772352907630576,0.6382978723404256
2024-09-08 00:00:00+00:00,-0.00020947432913131822,-0.002503215678625383,0.0022937413494940645,0.0002553191489361702,-1.8363829787234042e-05,-0.0004464296482802544,0.03921704563179767,-0.06382978723404255,-0.002031492021113739,0.0018220176919824208,0.851063829787234
2024-09-15 00:00:00+00:00,-0.004368824792001237,0.013247648874386165,-0.0176164736663874,0.0004340425531914893,4.2848936170212776e-05,-0.004845716281362938,0.08894849958516425,0.14893617021276595,0.014776824527788106,-0.01914564931978934,0.9787234042553191
2024-09-22 00:00:00+00:00,-0.0461836061661329,-0.04311671787420046,-0.0030668882919324403,0.0004851063829787234,-0.0001407893617021277,-0.046527923187409496,0.08810807565597485,-0.48936170212765956,-0.04001328820169313,-0.006170317964439773,0.9787234042553191
2024-09-29 00:00:00+00:00,-0.0845754484086073,-0.0845754484086073,0.0,0.0008936170212765957,0.00028770000000000005,-0.08575676542988389,-0.0845754484086073,1.0,-0.08391085699178308,-0.0006645914168242201,0.06382978723404255
2024-10-06 00:00:00+00:00,-0.004582544089128145,-0.004810636547361443,0.0002280924582332977,2.553191489361702e-05,0.0002754574468085107,-0.004883533450830273,-0.005024442616133062,0.9574468085106383,-0.0047431860549940336,0.00016064196586588857,0.40425531914893614
2024-10-13 00:00:00+00:00,0.04931592334427494,0.04951667391733109,-0.00020075057305615068,0.00017872340425531915,0.00018975957446808515,0.048947440365551535,0.07507366690692134,0.6595744680851063,0.05191053908571851,-0.0025946157414435678,0.8723404255319149
2024-10-20 00:00:00+00:00,-0.046852336773515586,-0.05324398734841808,0.006391650574902492,0.00020425531914893615,0.00016527446808510643,-0.04722186656074963,-0.0926839779768759,0.574468085106383,-0.05467657000050089,0.007824233226985305,0.06382978723404255
2024-10-27 00:00:00+00:00,0.05994406011713259,0.048979440234725946,0.010964619882406643,0.0007914893617021276,-0.00021424468085106389,0.05936681543628153,-0.06577239117234628,-0.7446808510638298,0.052571831857726896,0.007372228259405693,0.0851063829787234
2024-11-03 00:00:00+00:00,-0.22114726014906189,-0.22439477255443085,0.0032475124053689686,0.00010212765957446807,-0.00021424468085106389,-0.22103514312778527,0.30133012314452146,-0.7446808510638298,-0.24003686861285642,0.018889608463794533,0.9787234042553191
2024-11-10 00:00:00+00:00,0.08281672613715067,0.073964936549817,0.008851789587333667,0.0009957446808510637,0.0002632148936170213,0.08155776656268258,0.08084539576375348,0.9148936170212766,0.07260183853538463,0.010214887601766046,0.7021276595744681
2024-11-17 00:00:00+00:00,0.26920390495020025,0.25055627677626935,0.018647628173930897,0.0001276595744680851,0.00020200212765957452,0.2688742432480726,0.3568528790449897,0.7021276595744681,0.23004564753130638,0.039158257418893866,1.0
2024-11-24 00:00:00+00:00,0.14127925389219312,0.14127925389219312,0.0,0.00017872340425531915,0.00028770000000000005,0.1408128304879378,0.14127925389219312,1.0,0.13888135583872185,0.0023978980534712646,0.9148936170212766
2024-12-01 00:00:00+00:00,0.24686887190200849,0.24686887190200849,0.0,0.0,0.00028770000000000005,0.24658117190200848,0.24686887190200849,1.0,0.24203140493124659,0.0048374669707619,0.9787234042553191
2024-12-08 00:00:00+00:00,-0.11142053354400597,-0.11142053354400597,0.0,0.0,0.00028770000000000005,-0.11170823354400597,-0.11142053354400597,1.0,-0.10787621519238547,-0.0035443183516205012,0.06382978723404255
2024-12-15 00:00:00+00:00,-0.22271176800915085,-0.22118587360652694,-0.0015258944026239063,2.553191489361702e-05,0.0002754574468085107,-0.223012757370853,-0.23101635687792813,0.9574468085106383,-0.2206070211432149,-0.0021047468659359525,0.0
2024-12-22 00:00:00+00:00,-0.00722395321403873,-0.008072263972230423,0.0008483107581916923,0.0008170212765957446,-0.00011630425531914896,-0.007924670235315326,0.019968231931306837,-0.40425531914893614,-0.007360290771500514,0.0001363375574617836,0.6382978723404256
2024-12-29 00:00:00+00:00,-0.09371735250203592,-0.08669905291953159,-0.007018299582504328,0.0001531914893617021,-0.00018975957446808515,-0.09368078441692954,0.13144695120058017,-0.6595744680851063,-0.08080693755074782,-0.012910414951288099,1.0
2025-01-05 00:00:00+00:00,0.1132305303096701,0.11482068737991381,-0.0015901570702437084,0.00017872340425531915,-0.0002754574468085107,0.1133272643522233,-0.11992382904124331,-0.9574468085106383,0.11306200919905564,0.00016852111061446684,0.0425531914893617
2025-01-12 00:00:00+00:00,0.01377493098767379,0.005835770037291922,0.007939160950381868,5.106382978723404e-05,-0.0002754574468085107,0.013999324604695065,-0.0060951375945048954,-0.9574468085106383,0.005789859650698837,0.007985071336974951,0.3404255319148936
2025-01-19 00:00:00+00:00,0.015057445410315782,0.012078182498842509,0.0029792629114732735,0.0003574468085106383,-0.0001040617021276596,0.014804060303932803,-0.03339262220268223,-0.3617021276595745,0.012533323468783808,0.0025241219415319746,0.23404255319148937
2025-01-26 00:00:00+00:00,0.10343274228255396,0.09278076695036024,0.010651975332193725,0.00015319148936170213,-0.00015303191489361706,0.10343258270808588,-0.17442784186667726,-0.5319148936170213,0.10214924952450656,0.0012834927580473998,0.02127659574468085
2025-02-02 00:00:00+00:00,0.07145546261108308,0.07137315111955625,8.23114915268347e-05,0.0002553191489361702,-0.0002754574468085107,0.07147560090895543,-0.0745452911693143,-0.9574468085106383,0.07085163607823247,0.0006038265328506126,0.0425531914893617
2025-02-09 00:00:00+00:00,-0.036562919091229926,-0.035901357361034926,-0.0006615617301949997,0.00010212765957446807,-0.00025097234042553197,-0.03641407441037886,0.04115521453582052,-0.8723404255319149,-0.03778833537238885,0.0012254162811589225,0.851063829787234
2025-02-16 00:00:00+00:00,0.008469988853733961,0.007873842025829105,0.0005961468279048563,0.00010212765957446807,-0.00025097234042553197,0.008618833534585025,-0.009026111590584583,-0.8723404255319149,0.007791150784958493,0.0006788380687754681,0.44680851063829785
2025-02-23 00:00:00+00:00,-0.01800932812731677,-0.012118782751942217,-0.005890545375374553,2.553191489361702e-05,-0.0002632148936170213,-0.017771645148593366,0.013246111380029865,-0.9148936170212766,-0.012003563163043228,-0.0060057649642735415,0.5106382978723404
2025-03-02 00:00:00+00:00,0.1037409833217677,0.10412840104164628,-0.00038741771987857443,0.00033191489361702125,-0.00012854680851063832,0.10353761523666133,-0.23304927852177978,-0.44680851063829785,0.10373191194400362,9.071377764083288e-06,0.02127659574468085
2025-03-09 00:00:00+00:00,-0.006542516282939483,-0.002416074736767476,-0.004126441546172008,0.00033191489361702125,-0.0002632148936170213,-0.006611216282939484,0.002640825875071427,-0.9148936170212766,-0.0023814807012534525,-0.004161035581686031,0.44680851063829785
2025-03-16 00:00:00+00:00,-0.06313685422823129,-0.05953228192213874,-0.0036045723060925475,2.553191489361702e-05,-0.0002754574468085107,-0.06288692869631639,0.062178161118678237,-0.9574468085106383,-0.05974318203713371,-0.0033936721910975756,0.9574468085106383
2025-03-23 00:00:00+00:00,0.08581985849377481,0.08224229709867636,0.003577561395098447,5.106382978723404e-05,-0.0002754574468085107,0.0860442521107961,-0.08589751030306197,-0.9574468085106383,0.08357835441136967,0.0022415040824051435,0.02127659574468085
2025-03-30 00:00:00+00:00,0.1354961411792344,0.1354961411792344,0.0,2.553191489361702e-05,-0.00028770000000000005,0.13575830926434077,-0.1354961411792344,-1.0,0.134548922516342,0.0009472186628923795,0.0425531914893617
2025-04-06 00:00:00+00:00,-0.06334906945566098,-0.07390824023231748,0.01055917077665651,7.659574468085106e-05,-0.00025097234042553197,-0.0631746928599163,0.08472408026631516,-0.8723404255319149,-0.07099834571020933,0.007649276254548351,0.8723404255319149
2025-04-13 00:00:00+00:00,-0.02535101707153192,-0.019752121590256185,-0.005598895481275734,0.00017872340425531915,-0.00018975957446808515,-0.025339980901319153,0.029946764991678733,-0.6595744680851063,-0.02010707827381383,-0.00524393879771809,0.7021276595744681
2025-04-20 00:00:00+00:00,-0.08075588952000784,-0.07457306829696397,-0.006182821223043866,7.659574468085106e-05,-0.00020200212765957452,-0.08063048313702913,0.10621012757446384,-0.7021276595744681,-0.07359041412781281,-0.007165475392195031,1.0
2025-04-27 00:00:00+00:00,-0.023425146969679955,-0.02300216314102581,-0.0004229838286541436,0.0006893617021276595,0.00012854680851063832,-0.024243055480318253,-0.051481031791819676,0.44680851063829785,-0.02352156586534212,9.641889566216338e-05,0.1276595744680851
2025-05-04 00:00:00+00:00,0.18458701145921877,0.2023920264137985,-0.01780501495457973,0.00028085106382978725,0.0002387297872340426,0.18406743060815495,0.24390833952432128,0.8297872340425532,0.20081184705088667,-0.016224835591667902,1.0
2025-05-11 00:00:00+00:00,-0.0512824312869381,-0.0512824312869381,0.0,0.00010212765957446807,0.00028770000000000005,-0.05167225894651257,-0.0512824312869381,1.0,-0.05095846576167956,-0.0003239655252585405,0.19148936170212766
2025-05-18 00:00:00+00:00,-0.02202563882478515,-0.02202563882478515,0.0,0.0,0.00028770000000000005,-0.02231333882478515,-0.02202563882478515,1.0,-0.021890899190812257,-0.00013473963397289332,0.23404255319148937
2025-05-25 00:00:00+00:00,-0.019742514367302347,-0.034875314612603805,0.015132800245301458,0.0002680851063829787,0.00015915319148936173,-0.02016975266517469,-0.06304383795355303,0.5531914893617021,-0.03487348701293311,0.01513097264563076,0.06382978723404255
2025-06-01 00:00:00+00:00,-0.003038246616271068,-0.0007955885482005104,-0.0022426580680705577,0.00019148936170212765,0.00011630425531914896,-0.0033460402332923444,-0.0019680348297591577,0.40425531914893614,-0.0007539809522112196,-0.0022842656640598485,0.46808510638297873
2025-06-08 00:00:00+00:00,0.02834785161513303,0.029120724999685297,-0.0007728733845522653,0.0006638297872340425,-0.00020200212765957452,0.027886023955558562,-0.04147497196924876,-0.7021276595744681,0.03184998592924331,-0.00350213431411028,0.1276595744680851
2025-06-15 00:00:00+00:00,0.08985969198385418,0.0860787067604379,0.003780985223416286,0.00015319148936170213,-0.00020200212765957452,0.08990850262215205,-0.12259694599213883,-0.7021276595744681,0.08776358007960713,0.00209611190424705,0.0
2025-06-22 00:00:00+00:00,-0.11422440848550465,-0.11026315185607186,-0.003961256629432794,7.659574468085106e-05,-0.0002387297872340426,-0.11406227444295146,0.1328812342880866,-0.8297872340425532,-0.10780702174559824,-0.006417386739906411,0.9787234042553191
2025-06-29 00:00:00+00:00,0.016428484600734365,0.013067883473613331,0.0033606011271210337,0.00020425531914893615,-0.00016527446808510643,0.016389503749670534,-0.02274779715777135,-0.574468085106383,0.014481186699857672,0.0019472979008766933,0.2553191489361702
2025-07-06 00:00:00+00:00,-0.15191452448610737,-0.11950848024857622,-0.032406044237531156,0.00017872340425531915,-0.00017751702127659578,-0.15191573086908608,0.1936861576442442,-0.6170212765957447,-0.13109511431592324,-0.020819410170184127,1.0
2025-07-13 00:00:00+00:00,0.15941841850292696,0.14858805567379138,0.010830362829135576,0.0008425531914893616,0.00022648723404255323,0.15834937807739505,0.18874698963968092,0.7872340425531915,0.14771110845308424,0.011707310049842712,0.9574468085106383
2025-07-20 00:00:00+00:00,-0.038489007756517465,-0.038489007756517465,0.0,0.0001276595744680851,0.00028770000000000005,-0.038904367330985554,-0.038489007756517465,1.0,-0.03797056214398119,-0.000518445612536278,0.2127659574468085
2025-07-27 00:00:00+00:00,-0.13065323324324532,-0.13065323324324532,0.0,0.0,0.00028770000000000005,-0.13094093324324532,-0.13065323324324532,1.0,-0.128864943211965,-0.0017882900312803096,0.0425531914893617
2025-08-03 00:00:00+00:00,0.1042266016746434,0.10589713095497676,-0.0016705292803333577,8.936170212765958e-05,0.0002448510638297873,0.10389238890868595,0.12442912887209769,0.851063829787234,0.10613385475750267,-0.0019072530828592726,0.9787234042553191
2025-08-10 00:00:00+00:00,0.0001668114645258476,-0.008761649485220175,0.008928460949746022,0.0002680851063829787,0.00016527446808510643,-0.0002665481099422375,-0.015251760215012894,0.574468085106383,-0.008586005344947738,0.008752816809473585,0.2765957446808511
2025-08-17 00:00:00+00:00,-0.027631612006748126,-0.018188818831799937,-0.00944279317494819,0.0006893617021276595,-0.00016527446808510643,-0.028155699240790682,0.03166201796646655,-0.574468085106383,-0.02107795127911163,-0.0065536607276364955,0.5957446808510638
2025-08-24 00:00:00+00:00,0.026439701580912967,0.03284860486089813,-0.006408903279985161,0.00030638297872340425,-0.00011630425531914896,0.02624962285750871,-0.08125707518222168,-0.40425531914893614,0.03534783079415903,-0.00890812921324606,0.0425531914893617
2025-08-31 00:00:00+00:00,-0.006089712006903879,0.001810521282014956,-0.007900233288918835,0.00040851063829787235,5.509148936170214e-05,-0.0065533141345634534,0.00945494447274477,0.19148936170212766,0.00197372873474096,-0.00806344074164484,0.574468085106383
2025-09-07 00:00:00+00:00,-0.025670051516445764,-0.027042485807331117,0.0013724342908853528,0.00048510638297872335,-0.00015303191489361706,-0.02600212598453087,0.0508398733177825,-0.5319148936170213,-0.028304254519726398,0.0026342030032806343,0.9361702127659575
2025-09-14 00:00:00+00:00,0.005158987460185977,0.0028702936798984226,0.0022886937802875547,0.0003574468085106383,-3.0606382978723406e-05,0.004832147034654062,-0.02698076059104517,-0.10638297872340426,0.0031687227054074288,0.0019902647547785485,0.0425531914893617
2025-09-21 00:00:00+00:00,0.03342095459860158,0.03626093638366066,-0.0028399817850590786,0.0003829787234042553,-0.00016527446808510643,0.033203250343282434,-0.06312088926044633,-0.574468085106383,0.03726156611814407,-0.003840611519542486,0.0425531914893617
2025-09-28 00:00:00+00:00,-0.011703290737575624,-0.01875372046992031,0.007050429732344685,0.00010212765957446807,-0.00011630425531914896,-0.011689114141830943,0.04639078221506603,-0.40425531914893614,-0.01975189164803991,0.008048600910464287,0.9148936170212766
2025-10-05 00:00:00+00:00,0.031430195004873644,0.015745272386047927,0.015684922618825717,0.0002297872340425532,-3.0606382978723406e-05,0.031231014153809813,-0.14800556042885052,-0.10638297872340426,0.02207238808038575,0.009357806924487896,0.0425531914893617
2025-10-12 00:00:00+00:00,0.044425926136155,0.03961380617526515,0.0048121199608898504,0.0005361702127659574,-0.0002632148936170213,0.04415297081700606,-0.04329881140087121,-0.9148936170212766,0.037955155817785295,0.006470770318369706,0.1276595744680851
2025-10-19 00:00:00+00:00,-0.044648696526386165,-0.027326059634536794,-0.01732263689184937,0.0,-0.0002632148936170213,-0.04438548163276915,0.02986801867030766,-0.9148936170212766,-0.02594998239834359,-0.018698714128042575,0.8723404255319149
2025-10-26 00:00:00+00:00,0.049188999037147414,0.04162884886651366,0.007560150170633752,7.659574468085106e-05,-0.00022648723404255323,0.04933889052650912,-0.05287988910070655,-0.7872340425531915,0.041956722755323805,0.007232276281823609,0.06382978723404255
2025-11-02 00:00:00+00:00,-0.012383365688996,-0.013795567189482634,0.0014122015004866349,0.00010212765957446807,-0.0002754574468085107,-0.012210035901761958,0.014408703509015195,-0.9574468085106383,-0.013614659815826729,0.001231294126830729,0.40425531914893614
2025-11-09 00:00:00+00:00,0.06095005043441733,0.07275930463107695,-0.011809254196659624,0.0002297872340425532,-0.00016527446808510643,0.06088553766845988,-0.1266550858392821,-0.574468085106383,0.06867611769195153,-0.007726067257534205,0.06382978723404255
2025-11-16 00:00:00+00:00,0.06512035384964844,0.0702670306339059,-0.0051466767842574535,0.00017872340425531915,-0.00020200212765957452,0.0651436325730527,-0.10007728605435082,-0.7021276595744681,0.06747486093318733,-0.00235450708353889,0.0425531914893617
2025-11-23 00:00:00+00:00,-0.006743984293428272,-0.024112763693101082,0.01736877939967281,0.00020425531914893615,-0.0002754574468085107,-0.006672782165768697,0.02518444207946113,-0.9574468085106383,-0.023886013464292588,0.017142029170864315,0.6170212765957447
2025-11-30 00:00:00+00:00,0.03973525411690076,0.03695713479611027,0.002778119320790487,7.659574468085106e-05,-0.0002387297872340426,0.03989738815945395,-0.044538085523517505,-0.8297872340425532,0.03703837028005309,0.0026968838368476647,0.19148936170212766
2025-12-07 00:00:00+00:00,0.04007475962931204,0.04015223829003426,-7.747866072221887e-05,5.106382978723404e-05,-0.0002632148936170213,0.040286910693141824,-0.04388733022399094,-0.9148936170212766,0.04049664641428575,-0.00042188678497370735,0.14893617021276595
2025-12-14 00:00:00+00:00,0.054261192953918166,0.04850111290762242,0.005760080046295746,5.106382978723404e-05,-0.0002387297872340426,0.05444885891136497,-0.05845005914508343,-0.8297872340425532,0.04918270451087898,0.005078488443039188,0.10638297872340426
2025-12-21 00:00:00+00:00,-0.023429787678909835,-0.019922290441262605,-0.00350749723764723,0.00010212765957446807,-0.00021424468085106389,-0.023317670657633238,0.02675279002112407,-0.7446808510638298,-0.022059415675152363,-0.0013703720037574717,0.7021276595744681
2025-12-28 00:00:00+00:00,-0.07373102442979926,-0.06860816691039025,-0.00512285751940901,0.0001276595744680851,-0.00022648723404255323,-0.0736321967702248,0.08715091472400924,-0.7872340425531915,-0.07274615515185102,-0.0009848692779482332,0.9787234042553191
2026-01-04 00:00:00+00:00,-0.0027272208751649473,-0.001992807879638374,-0.0007344129955265733,0.0005361702127659574,3.0606382978723406e-05,-0.003293997470909628,-0.018732394068600715,0.10638297872340426,-0.000625113343387017,-0.0021021075317779305,0.23404255319148937
2026-01-11 00:00:00+00:00,-0.002784690140291427,-0.0012252787614883255,-0.0015594113788031016,0.00022978723404255317,9.181914893617022e-05,-0.0031062965232701504,-0.003839206785996753,0.3191489361702128,-0.0012748901015058305,-0.0015098000387855966,0.3829787234042553
2026-01-18 00:00:00+00:00,-0.0783213840908089,-0.08051900088604202,0.002197616795233129,0.00030638297872340425,0.00021424468085106389,-0.07884201175038336,-0.10812551547554215,0.7446808510638298,-0.07760430033962999,-0.0007170837511789041,0.0
2026-01-25 00:00:00+00:00,0.12271454405092282,0.11818961224866051,0.004524931802262308,0.0009191489361702127,-0.00022648723404255323,0.12202188234879514,-0.15013275069424442,-0.7872340425531915,0.12243119684179118,0.0002833472091316319,0.0
2026-02-01 00:00:00+00:00,0.07010143268839543,0.07141917815338238,-0.0013177454649869469,0.00010212765957446807,-0.0002754574468085107,0.07027476247562947,-0.07459336384908825,-0.9574468085106383,0.07037580059295029,-0.00027436790455485915,0.10638297872340426
2026-02-08 00:00:00+00:00,-0.024984930500763277,-0.024984930500763277,0.0,2.553191489361702e-05,-0.00028770000000000005,-0.024722762415656897,0.024984930500763277,-1.0,-0.02476656764517846,-0.000218362855584818,0.7021276595744681
2026-02-15 00:00:00+00:00,0.03858479946678612,0.03858479946678612,0.0,0.0,-0.00028770000000000005,0.03887249946678612,-0.03858479946678612,-1.0,0.03823609548480786,0.0003487039819782614,0.1276595744680851
2026-02-22 00:00:00+00:00,0.005700319251888888,0.02379133263995227,-0.018091013388063383,5.106382978723404e-05,-0.0002632148936170213,0.005912470315718675,-0.026004479862273413,-0.9148936170212766,0.023559002877628476,-0.01785868362573959,0.2765957446808511
2026-03-01 00:00:00+00:00,0.019230524761061147,0.02046201381617286,-0.0012314890551117126,0.00010212765957446807,-0.0002632148936170213,0.0193916119951037,-0.02236545696186336,-0.9148936170212766,0.01985962036570802,-0.0006290956046468739,0.23404255319148937
2026-03-08 00:00:00+00:00,-0.06119063406312653,-0.05683145554747102,-0.00435917851565551,0.00020425531914893615,-0.00018975957446808515,-0.06120512980780739,0.08616381970100447,-0.6595744680851063,-0.05460230906364841,-0.006588324999478125,0.9574468085106383
2026-03-15 00:00:00+00:00,0.019782939668138093,0.020196164476120278,-0.00041322480798218486,0.00033191489361702125,-7.957659574468087e-05,0.019530601370265754,-0.07301690233674255,-0.2765957446808511,0.019529337945218477,0.00025360172291961566,0.02127659574468085
2026-03-22 00:00:00+00:00,0.00251164733228531,0.01014726231069698,-0.007635614978411669,0.00020425531914893615,-0.0001040617021276596,0.002411453715264034,-0.028054195800162236,-0.3617021276595745,0.010402008371263389,-0.00789036103897808,0.14893617021276595
2026-03-29 00:00:00+00:00,-0.028897846262715972,-0.023073459120776643,-0.005824387141939329,0.00020425531914893618,-0.00012854680851063832,-0.02897355477335427,0.051640598984595346,-0.44680851063829785,-0.02570627467926181,-0.0031915715834541607,0.7659574468085106
2026-04-05 00:00:00+00:00,-0.00599008829914358,0.00026388423894809003,-0.00625397253809167,0.0003574468085106383,-6.121276595744681e-06,-0.0063414138310584735,-0.012402559230560231,-0.02127659574468085,0.0003641136606637658,-0.006354201959807346,0.2978723404255319
2026-04-12 00:00:00+00:00,-0.04707803137471885,-0.04238512709980735,-0.004692904274911501,0.0004595744680851064,-0.00022648723404255323,-0.04731111860876141,0.05384056685651204,-0.7872340425531915,-0.04378405611706861,-0.003293975257650246,0.8936170212765957
2026-04-19 00:00:00+00:00,0.020449189651738534,0.018832137688974786,0.0016170519627637485,0.0006638297872340425,9.181914893617022e-05,0.019693540715568322,0.059007364758787664,0.3191489361702128,0.017864118959399655,0.002585070692338879,0.9361702127659575
2026-04-26 00:00:00+00:00,-0.02927775711162714,-0.028798988812120407,-0.00047876829950673286,0.0003702127659574468,0.00026933617021276604,-0.029917306047797354,-0.030762556231128616,0.9361702127659575,-0.028089218552369098,-0.001188538559258042,0.14893617021276595
2026-05-03 00:00:00+00:00,0.05951787761621642,0.0623493209989679,-0.0028314433827514793,0.00029361702127659575,0.00015303191489361706,0.05907122868004621,0.11721672347805966,0.5319148936170213,0.0602923742963972,-0.0007744966801807793,0.9787234042553191
2026-05-10 00:00:00+00:00,-0.11134945067613973,-0.11265119035055834,0.0013017396744186144,0.0002553191489361702,0.0002754574468085107,-0.11188022727188442,-0.11765790992169427,0.9574468085106383,-0.11106804437954707,-0.00028140629659266503,0.06382978723404255
2026-05-17 00:00:00+00:00,0.007987199398680513,-0.0008500337457094439,0.008837233144389956,0.00045957446808510635,5.509148936170214e-05,0.007472533441233704,-0.0044390651164826515,0.19148936170212766,-0.0009080344576800687,0.008895233856360582,0.3617021276595745
2026-05-24 00:00:00+00:00,-0.006296398880916416,0.0052618883782779785,-0.011558287259194396,0.0005106382978723404,-0.00018975957446808515,-0.006617277604320671,-0.00797770173480855,-0.6595744680851063,0.005339936487215784,-0.0116363353681322,0.1702127659574468
2026-05-31 00:00:00+00:00,0.09715845442200563,0.09823407937614548,-0.0010756249541398477,0.00021702127659574465,-0.00015915319148936173,0.09710058633689925,-0.17757698964149374,-0.5531914893617021,0.1027685997099421,-0.005610145287936463,0.0
2026-06-07 00:00:00+00:00,-0.032346942613777685,-0.029772359256535895,-0.00257458335724179,0.0002170212765957447,-0.0002632148936170213,-0.03230074899675641,0.03254188104784156,-0.9148936170212766,-0.029351834433081137,-0.002995108180696548,0.8297872340425532
2026-06-14 00:00:00+00:00,0.03525587493397428,0.0335970457540473,0.0016588291799269766,2.553191489361702e-05,-0.00025097234042553197,0.035481315359506195,-0.038513686596103006,-0.8723404255319149,0.03276079738066694,0.0024950775533073427,0.19148936170212766
2026-06-21 00:00:00+00:00,0.0643326775587889,0.06874962680055838,-0.004416949241769483,5.106382978723404e-05,-0.0002754574468085107,0.06455707117581018,-0.07180516576947207,-0.9574468085106383,0.06812207808096765,-0.003789400522178757,0.0425531914893617
2026-06-28 00:00:00+00:00,-0.09369378519703797,-0.0882799864651474,-0.005413798731890573,5.106382978723404e-05,-0.0002754574468085107,-0.09346939158001669,0.09220354141915395,-0.9574468085106383,-0.08547580207409522,-0.008217983122942751,0.9787234042553191
