symbol,start,end,rows,med_quote_vol
1INCH,2021-04-02 00:00:00+00:00,2026-07-05 00:00:00+00:00,552961,11765.131000000001
AAVE,2021-04-02 00:00:00+00:00,2026-07-05 00:00:00+00:00,552961,83808.94200000001
ADA,2021-04-02 00:00:00+00:00,2026-07-05 00:00:00+00:00,552961,155079.53999999998
ALGO,2021-04-02 00:00:00+00:00,2026-07-05 00:00:00+00:00,552961,17514.752
ATOM,2021-04-02 00:00:00+00:00,2026-07-05 00:00:00+00:00,552961,43183.242
AVAX,2021-04-02 00:00:00+00:00,2026-07-05 00:00:00+00:00,552961,105706.11
BAND,2021-04-02 00:00:00+00:00,2026-07-05 00:00:00+00:00,552961,4839.2604
BAT,2021-04-02 00:00:00+00:00,2026-07-05 00:00:00+00:00,552961,4969.38
BCH,2021-04-02 00:00:00+00:00,2026-07-05 00:00:00+00:00,552961,111858.75
BTC,2021-04-02 00:00:00+00:00,2026-07-05 00:00:00+00:00,552961,9399621.673999999
CFX,2021-04-02 00:00:00+00:00,2026-07-05 00:00:00+00:00,552961,25575.815
CHZ,2021-04-02 00:00:00+00:00,2026-07-05 00:00:00+00:00,552961,21258.9678
COMP,2021-04-02 00:00:00+00:00,2026-07-05 00:00:00+00:00,552961,16874.044
CRV,2021-04-02 00:00:00+00:00,2026-07-05 00:00:00+00:00,552961,89522.4684
DOGE,2021-04-02 00:00:00+00:00,2026-07-05 00:00:00+00:00,552961,769365.5160000001
DOT,2021-04-02 00:00:00+00:00,2026-07-05 00:00:00+00:00,552961,108411.856
EGLD,2021-04-02 00:00:00+00:00,2026-07-05 00:00:00+00:00,552961,9131.2782
ETC,2021-04-02 00:00:00+00:00,2026-07-05 00:00:00+00:00,552961,91699.5
ETH,2021-04-02 00:00:00+00:00,2026-07-05 00:00:00+00:00,552961,11206621.464000002
FIL,2021-04-02 00:00:00+00:00,2026-07-05 00:00:00+00:00,552961,143483.38079999998
GRT,2021-04-02 00:00:00+00:00,2026-07-05 00:00:00+00:00,552961,14270.849999999999
IOST,2021-04-02 00:00:00+00:00,2026-07-05 00:00:00+00:00,552961,4375.375999999999
IOTA,2021-04-02 00:00:00+00:00,2026-07-05 00:00:00+00:00,552961,7055.4839999999995
KSM,2021-04-02 00:00:00+00:00,2026-07-05 00:00:00+00:00,552961,9250.121
LINK,2021-04-02 00:00:00+00:00,2026-07-05 00:00:00+00:00,552961,138341.477
LTC,2021-04-02 00:00:00+00:00,2026-07-05 00:00:00+00:00,552961,219627.63999999998
MANA,2021-04-02 00:00:00+00:00,2026-07-05 00:00:00+00:00,552961,13041.04
MASK,2021-04-02 00:00:00+00:00,2026-07-05 00:00:00+00:00,552961,21996.59
NEAR,2021-04-02 00:00:00+00:00,2026-07-05 00:00:00+00:00,552961,68548.932
NEO,2021-04-02 00:00:00+00:00,2026-07-05 00:00:00+00:00,552961,11363.59
ONT,2021-04-02 00:00:00+00:00,2026-07-05 00:00:00+00:00,552961,6371.748
QTUM,2021-04-02 00:00:00+00:00,2026-07-05 00:00:00+00:00,552961,6025.36
RSR,2021-04-02 00:00:00+00:00,2026-07-05 00:00:00+00:00,552961,8675.4277
SNX,2021-04-02 00:00:00+00:00,2026-07-05 00:00:00+00:00,552961,12345.050000000001
SOL,2021-04-02 00:00:00+00:00,2026-07-05 00:00:00+00:00,552961,1119034.0699999998
SUSHI,2021-04-02 00:00:00+00:00,2026-07-05 00:00:00+00:00,552961,26358.327
THETA,2021-04-02 00:00:00+00:00,2026-07-05 00:00:00+00:00,552961,12397.0
TRB,2021-04-02 00:00:00+00:00,2026-07-05 00:00:00+00:00,552961,19464.004
TRX,2021-04-02 00:00:00+00:00,2026-07-05 00:00:00+00:00,552961,42644.96
UMA,2021-04-02 00:00:00+00:00,2026-07-05 00:00:00+00:00,552961,4254.964
UNI,2021-04-02 00:00:00+00:00,2026-07-05 00:00:00+00:00,552961,81559.944
XLM,2021-04-02 00:00:00+00:00,2026-07-05 00:00:00+00:00,552961,22404.98
XRP,2021-04-02 00:00:00+00:00,2026-07-05 00:00:00+00:00,552961,319335.2928
XTZ,2021-04-02 00:00:00+00:00,2026-07-05 00:00:00+00:00,552961,10098.245
YFI,2021-04-02 00:00:00+00:00,2026-07-05 00:00:00+00:00,552961,10989.500000000002
ZIL,2021-04-02 00:00:00+00:00,2026-07-05 00:00:00+00:00,552961,7139.76
ZRX,2021-04-02 00:00:00+00:00,2026-07-05 00:00:00+00:00,552961,4322.483
