L,q,pick,trail,n,oos,oos_sum
12,2022Q2,1h·200·정,0.12970949999478176,136,0.011295987456526118,1.536254294087552
12,2022Q3,4h·125·정,0.1077074076384797,482,-0.14808328858981779,-71.37614510029218
12,2022Q4,4h·125·정,0.03909424280995404,266,0.060237214465243265,16.02309904775471
12,2023Q1,1h·175·역,0.02255739682491957,148,-0.35805634442702816,-52.99233897520017
12,2023Q2,4h·200·정,0.07440886601858873,111,0.2577452813958295,28.60972623493707
12,2023Q3,4h·200·정,0.200588845345962,80,-0.07465308332291129,-5.972246665832904
12,2023Q4,4h·200·정,0.2232852768397537,93,0.23541552152689768,21.893643502001485
12,2024Q1,4h·200·정,0.22245139368118289,163,-0.07792586345087757,-12.701915742493044
12,2024Q2,4h·125·정,0.10097158796614243,355,0.017204780048913633,6.10769691736434
12,2024Q3,1h·200·역,0.09729873230632179,62,0.09019354026241001,5.591999496269421
12,2024Q4,1h·200·역,0.10950499710377154,88,-0.366697901771736,-32.26941535591277
12,2025Q1,4h·200·역,0.11536451661797197,202,0.3285353969678682,66.36415018750938
12,2025Q2,4h·200·역,0.19906369739263766,125,-0.4039325981297263,-50.49157476621579
12,2025Q3,4h·200·역,0.12738669193307608,87,-0.24549743202664637,-21.358276586318233
12,2025Q4,1h·200·역,0.06621057081196738,65,0.06462223096629834,4.200445012809392
12,2026Q1,1h·200·역,0.19084806426492704,32,-0.35022900873781027,-11.207328279609929
12,2026Q2,1h·150·정,0.02101153045244831,60,0.21702261853143162,13.021357111885898
24,2023Q2,1h·200·정,0.11045165693456682,92,0.280676034634251,25.82219518635109
24,2023Q3,4h·200·정,0.09081707577650602,80,-0.07465308332291129,-5.972246665832904
24,2023Q4,4h·200·정,0.0882117040351913,93,0.23541552152689768,21.893643502001485
24,2024Q1,4h·200·정,0.09506185024119891,163,-0.07792586345087757,-12.701915742493044
24,2024Q2,4h·200·정,0.07576604532615762,160,-0.11671202143593322,-18.673923429749316
24,2024Q3,4h·200·정,0.08024319155402773,131,-0.5727967801060432,-75.03637819389165
24,2024Q4,4h·150·정,0.056312338972500396,307,0.1509715606600462,46.34826912263418
24,2025Q1,4h·125·정,0.0811136617602089,531,-0.12659370449222201,-67.22125708536988
24,2025Q2,4h·200·역,0.06827351142268007,125,-0.4039325981297263,-50.49157476621579
24,2025Q3,1h·200·역,0.08192097467985514,28,0.10963138694535432,3.069678834469921
24,2025Q4,1h·200·역,0.09000239950173591,65,0.06462223096629834,4.200445012809392
24,2026Q1,1h·200·역,0.09698792497191659,32,-0.35022900873781027,-11.207328279609929
24,2026Q2,4h·200·역,0.10404904082853218,47,-0.44289944689107474,-20.816274003880512
