symbol,n,net,gross,tf
1INCH,124,-0.2817384393317944,-0.25,4h
AAVE,161,-0.06263862666989663,-0.031055900621118012,4h
ADA,131,0.2073111018296962,0.2366412213740458,4h
ALGO,136,0.04992639519299508,0.08088235294117647,4h
ATOM,123,0.22271038393081707,0.25203252032520324,4h
AVAX,154,0.0011373729634973932,0.032467532467532464,4h
BAND,173,-0.16442426698671087,-0.1329479768786127,4h
BAT,126,0.14564161311080964,0.1746031746031746,4h
BCH,116,0.02862493508139509,0.0603448275862069,4h
BTC,41,-0.08480610866274321,-0.04878048780487805,4h
CFX,199,0.05697117305217702,0.08542713567839195,4h
CHZ,135,0.08873101534265233,0.11851851851851852,4h
COMP,144,-0.05936206729152836,-0.027777777777777776,4h
CRV,208,0.04184838782179137,0.07211538461538461,4h
DOGE,112,0.04175499652062281,0.07142857142857142,4h
DOT,113,0.0849203206146542,0.11504424778761062,4h
EGLD,93,-0.18281642191198652,-0.15053763440860216,4h
ETC,112,-0.09318774775053128,-0.0625,4h
ETH,80,0.015773371557967195,0.05,4h
FIL,143,0.28552687888383177,0.3146853146853147,4h
GRT,161,0.187894773210519,0.21739130434782608,4h
IOST,111,-0.10246501697177235,-0.07207207207207207,4h
IOTA,115,-0.030457242244818123,0.0,4h
KSM,139,0.0986128333209254,0.12949640287769784,4h
LINK,116,0.1862007813279482,0.21551724137931033,4h
LTC,101,0.008377366767264834,0.039603960396039604,4h
MANA,137,-0.05985362349006775,-0.029197080291970802,4h
MASK,171,-0.03392071127140255,-0.005847953216374269,4h
NEAR,176,0.21456678593796707,0.24431818181818182,4h
NEO,132,-0.0611044537718369,-0.030303030303030304,4h
ONT,129,-0.09227859256872792,-0.06201550387596899,4h
QTUM,126,-0.18158770223717843,-0.15079365079365079,4h
RSR,169,-0.13706160556766467,-0.10650887573964497,4h
SNX,194,0.11536794053486431,0.14432989690721648,4h
SOL,128,0.1881283535757143,0.21875,4h
SUSHI,182,0.14699263847114538,0.17582417582417584,4h
THETA,144,0.22748493787298946,0.2569444444444444,4h
TRB,191,-0.048353319852376266,-0.020942408376963352,4h
TRX,53,-0.275334522962066,-0.24528301886792453,4h
UMA,150,0.07182273970454978,0.1,4h
UNI,158,-0.13253688233270677,-0.10126582278481013,4h
XLM,100,0.11863015351440795,0.15,4h
XRP,98,0.27840864506133156,0.30612244897959184,4h
XTZ,115,-0.17087718334261068,-0.1391304347826087,4h
YFI,105,-0.022435322354918553,0.009523809523809525,4h
ZIL,145,0.031656641673431324,0.06206896551724138,4h
ZRX,164,-0.011017337831324076,0.018292682926829267,4h
1INCH,93,-0.17414668716061701,-0.13978494623655913,1h
AAVE,99,-0.18682577535339062,-0.15151515151515152,1h
ADA,52,0.23958674506620986,0.2692307692307692,1h
ALGO,77,-0.28115779459260265,-0.24675324675324675,1h
ATOM,68,-0.018281481995159835,0.014705882352941176,1h
AVAX,96,0.15539285649213183,0.1875,1h
BAND,116,-0.18049458670224408,-0.14655172413793102,1h
BAT,78,-0.18890034477311068,-0.15384615384615385,1h
BCH,69,-0.06206380139152696,-0.028985507246376812,1h
BTC,14,-0.18013595612271924,-0.14285714285714285,1h
CFX,138,0.2115722376523776,0.2391304347826087,1h
CHZ,100,-0.04353434628297296,-0.01,1h
COMP,96,0.09210337019909261,0.125,1h
CRV,114,-0.058973777285706144,-0.02631578947368421,1h
DOGE,76,0.24661910506628182,0.27631578947368424,1h
DOT,61,-0.13107467208507204,-0.09836065573770492,1h
EGLD,74,0.11758157976243928,0.14864864864864866,1h
ETC,92,-0.010114715658541822,0.021739130434782608,1h
ETH,30,0.2675147719660532,0.3,1h
FIL,101,-0.11296565024081995,-0.07920792079207921,1h
GRT,95,-0.053947740336545605,-0.021052631578947368,1h
IOST,77,-0.08391984246554879,-0.05194805194805195,1h
IOTA,72,-0.05967200146229398,-0.027777777777777776,1h
KSM,79,0.08281445851102368,0.11392405063291139,1h
LINK,62,0.12911017356980722,0.16129032258064516,1h
LTC,49,0.007038478308436921,0.04081632653061224,1h
MANA,95,-0.1814565347689689,-0.14736842105263157,1h
MASK,165,0.10405001956057286,0.13333333333333333,1h
NEAR,103,0.22155981716780748,0.2524271844660194,1h
NEO,78,0.16172883862595716,0.19230769230769232,1h
ONT,81,-0.3656516472825647,-0.3333333333333333,1h
QTUM,88,-0.21514516892522237,-0.18181818181818182,1h
RSR,102,0.20472843959013173,0.23529411764705882,1h
SNX,114,0.15296292901273545,0.18421052631578946,1h
SOL,78,0.23834987306163063,0.2692307692307692,1h
SUSHI,127,-0.08698091537688309,-0.05511811023622047,1h
THETA,97,0.04932109421474789,0.08247422680412371,1h
TRB,166,0.05522119631759644,0.08433734939759036,1h
TRX,36,-0.4503146106258835,-0.4166666666666667,1h
UMA,150,0.07795139080050317,0.10666666666666667,1h
UNI,86,-0.0922796417348347,-0.05813953488372093,1h
XLM,43,0.015985195580482288,0.046511627906976744,1h
XRP,56,0.038116959942439195,0.07142857142857142,1h
XTZ,61,-0.049179849801654504,-0.01639344262295082,1h
YFI,57,0.18100781604347407,0.21052631578947367,1h
ZIL,86,-0.12609504718712383,-0.09302325581395349,1h
ZRX,103,-0.07006234218799082,-0.038834951456310676,1h
