,2021,2022,2023,2024,2025,2026
1INCH,-0.6240735042569828,-1.8339166888486274,0.10986496913615752,-0.18106011118419765,-1.000090923633665,-0.6743712331547169
AAVE,-0.40980242957272683,-1.5955488002734333,0.7380256017726968,1.0367427136050504,-0.7532313991579118,-0.5020592158807667
ADA,0.09992731306448094,-1.6767820827612694,0.8818909328258947,0.347182799559395,-0.9364406008098617,-0.5524472984568102
ALGO,0.2272064179727596,-2.268623569505099,0.25806664839819266,0.39965243804212064,-1.1171756959805583,-0.20145460722177536
ATOM,0.5088846831871573,-1.2556772880965847,0.12604353541434257,-0.5406101851235182,-1.170196506513158,-0.19474926621957311
AVAX,1.3508848788157175,-2.311226546931092,1.2654707471087245,-0.08190484747596373,-1.0679168094497014,-0.5718072008424664
BAND,-1.1828047928932346,-1.2719303141402762,0.4449225356666226,-0.43343896015057054,-1.4769229372468855,-0.7030851505500777
BAT,0.04344451748936358,-1.987742463355526,0.43872232986464665,-0.096988654738269,-0.1256194774551086,-0.8723107589148779
BCH,-0.2540249357940146,-1.492010190654917,0.9853592720834763,0.5141291261748849,0.31939308053162735,-0.932584029243005
BTC,-0.23923917313434845,-1.0296077604511344,0.9389268379515018,0.7914063790607683,-0.06708534765711183,-0.3295636857967849
CFX,-1.6378767871244202,-2.2055384337039294,2.181268283355386,-0.22006977840230427,-0.802699978621689,-0.4292500131316065
CHZ,-0.5468705571635928,-1.0407788634300565,-0.14699302374066012,-0.05449742960690012,-0.6684367952997925,-0.8365021676478086
COMP,-0.816591210223518,-1.8614578986160568,0.6089572542705307,0.24237722926049113,-1.0883405400235155,-0.36839813548036693
CRV,0.4713397353544176,-2.3236171141304554,0.14025776917649088,0.38823046800052163,-0.919797261501666,-0.5282369032607385
DOGE,1.0223287848469287,-0.8862819494031322,0.24344881747495545,1.2581420127635012,-0.9925038758444122,-0.41773834904198315
DOT,-0.34153218388731266,-1.8256790708169037,0.6442583349486392,-0.21600973229290402,-1.314571255867244,-0.70700890023124
EGLD,0.45238642107682064,-1.9902083735687843,0.7309554640998841,-0.7126975662777498,-1.8034877032316994,-0.7041452180363066
ETC,0.8652176290541572,-0.7765555441417248,0.3345870502536996,0.12988674166522804,-0.7831329149964589,-0.4588714028225387
ETH,0.6304350370818689,-1.126213644637495,0.6459050115869708,0.3772514109700148,-0.11749906671147382,-0.5153522188763285
FIL,-1.6844009509075557,-2.436174623463415,0.8338054782987955,-0.3263863639683325,-1.3427621307909066,-0.4945857337443465
GRT,-1.0167054152658024,-2.456452081217962,1.202706179710743,0.07268377206310944,-1.800060762085691,-0.5723009474627384
IOST,-0.5569347107880573,-1.5397867899598925,0.3889853344004447,-0.4447179825826356,-1.2617006994940216,-0.8965700348553552
IOTA,-0.14348427922819315,-2.0841641006340095,0.6106548558057784,-0.098217628145446,-1.2571787665389027,-0.7194677875797739
KSM,-0.49952804008007484,-2.486165755989059,0.6714286566053025,-0.3179580408597137,-1.582381111046587,-0.7287614637024872
LINK,-0.42966439939562884,-1.2560381364606303,0.986510196920699,0.28768207245178085,-0.49655806776187256,-0.4248157491134506
LTC,-0.32367645247223703,-0.7362651257032164,0.03948433933288772,0.346693790692751,-0.30193547708609364,-0.5401131954327619
MANA,1.1707891021266186,-2.398323708707853,0.562981661190528,-0.11518572443728281,-1.3517250867090145,-0.5491819049558698
MASK,-0.6931879694164355,-1.7786873876607021,0.5488436909535116,-0.1829840278350759,-1.6150923429328432,-0.36124591550923507
NEAR,0.8961273722404735,-2.458613707645504,1.0705099259695365,0.2862582951340755,-1.184336829809077,0.27419872211449386
NEO,-0.7089211100325291,-1.4341610387907935,0.8223366701295187,-0.05183923049707679,-1.3577809597449815,-0.5648928450362665
ONT,-0.9622758451159785,-1.480938096381055,0.7980412316772771,-0.3587172241801585,-1.2823206880177065,-0.3028914911153097
QTUM,-0.14642596279674397,-1.5641481648701578,0.7058793043354493,-0.21493995043285,-0.808369818369094,-0.6283290564567611
RSR,-1.1129763032023103,-2.329869051942514,0.141610371736941,1.403030833702121,-1.6978590835785299,-0.6914888053871692
SNX,-1.2477543494788275,-1.3429174935341546,0.9902792344725598,-0.7058531728381003,-1.5485998532073757,-0.5764476860216011
SOL,2.188375247118955,-2.838796319056409,2.319035766230009,0.6156796077953419,-0.4211783521002998,-0.42504819063035065
SUSHI,-0.45199187322587814,-2.3261684431301313,0.3044242535948543,0.0786023107331206,-1.6024033703458809,-0.521814745341586
THETA,-0.8924754752429569,-1.8780809663812221,0.551059373181962,0.5692593691135819,-2.1401108612278685,-0.6155832948202957
TRB,-0.8140844754001336,-1.008005940760621,2.825559751183253,-1.1735071048312686,-1.1550952237483885,-0.22463869238515993
TRX,-0.12453043176554644,-0.32606439614613575,0.681051561969115,0.8595697301974207,0.1106756665231377,0.13451097736774326
UMA,-0.9734491457141037,-1.812037880649441,0.3980899489662405,0.17286415687322068,-1.3340677674518775,-0.5629858122771447
UNI,-0.524030571225603,-1.1965840870640017,0.3353652764971079,0.6035091344718108,-0.8594705431074245,-0.5697587162167104
XLM,-0.481082549563742,-1.3220747683855971,0.5981189291476767,0.9489803693541778,-0.5211397431703384,0.02389183769796826
XRP,0.3761057241837128,-0.898613060616706,0.5967291474402462,1.2177759016249938,-0.12430335950892439,-0.46657696298527623
XTZ,-0.16105489322329314,-1.8072808451306785,0.3420432816706684,0.23937474624279234,-0.9579337312340311,-0.7306078273774956
YFI,-0.099054910860637,-1.8818766926048163,0.4630239602513827,-0.01561757077702245,-0.9035721557853795,-0.5766930487536157
ZIL,-0.8698969443335959,-1.551343231555919,0.44876191386148856,-0.2127517711479622,-1.4669301299949553,-0.3966460529152479
ZRX,-0.9065536053432669,-1.6967872985531947,0.9222270687891051,0.21150222961620124,-1.1849724119714196,-0.415343404650259
