cell,name,n,weeks,net,t,gross,fee,win,risk,tp_r,ex25,pos,net_2021,n_2021,net_2022,n_2022,net_2023,n_2023,net_2024,n_2024,net_2025,n_2025,net_2026H1,n_2026H1
B0,기본형 (필터 없음),8976,274,0.031874860602914265,0.8788230284217433,0.05288027906114655,0.021005418458232276,0.4554367201426025,537.4008089621559,1.0,0.002742186649657253,4,-0.05208436291103028,1384,0.08631011141052944,1789,0.0315665719933804,1578,-0.11554134979937752,1679,0.151318823811268,1760,0.10387463553047849,786
B0L,기본형 · 예전 규약(미해결 0R),8976,274,0.028459822183478947,0.816111151839676,0.049465240641711226,0.021005418458232276,0.4554367201426025,537.4008089621559,1.0,-0.002304333339252776,4,-0.04715360407582411,1384,0.06944526257818247,1789,0.0264567693408583,1578,-0.1199868422873543,1679,0.154592859826679,1760,0.10700263370625648,786
A+,4H 정렬 (메움 = 추세 방향),4137,267,0.009178804339506576,0.19338528621315015,0.03139449036321869,0.022215686023712114,0.45322697606961565,501.43431970889975,1.0,-0.0011092125823121224,4,-0.11496948517885486,548,0.028003427451323296,734,0.01050594385734954,812,-0.08307402604577224,747,0.043411212109700385,956,0.2718994939659715,340
A−,4H 역정렬 (메움 = 추세 반대),4809,271,0.05310519976083149,1.1556346439582366,0.07308173422483921,0.019976534464007722,0.4578914535246413,570.5598282954745,1.0,0.007631184648908986,3,-0.002276191017660735,806,0.12687608868641312,1055,0.05389193758927734,766,-0.14156397946026075,932,0.2796268795161171,804,-0.024216063725278538,446
A0,4H 추세 없음,30,2,-0.24156234768729687,,-0.22252272223453778,0.019039625452759112,0.36666666666666664,659.5278299574204,1.0,-0.24156234768729687,0,-0.24156234768729684,30,,0,,0,,0,,0,,0
A24+,24/7 4H 정렬 (진단),1014,232,-0.061517380136054574,-1.129577964792636,-0.03405740028773725,0.02745997984831731,0.45857988165680474,367.75850078080794,1.0,-0.03572575130341051,2,-0.13659445261308367,191,-0.03702710490116326,181,0.17435528686680593,149,-0.1705582123980594,218,-0.1740998869452152,189,0.16884249035486892,86
A24−,24/7 4H 역정렬 (진단),7952,274,0.04410296836566874,1.134909748630955,0.0642841535141621,0.020181185148493347,0.4551056338028169,567.4590479606818,1.0,0.008067825717492622,4,-0.037004045313344794,1183,0.10019321847048986,1608,0.016678175551014827,1429,-0.10733212594823953,1461,0.19046849684307918,1571,0.09589287050919625,700
C,CISD 진입 확인,7462,274,-0.07797473564509673,-1.0274918787113405,0.006692605714279836,0.08466734135937656,0.24376842669525597,153.50571166962865,3.6313632441760024,-0.10984176348807366,2,-0.12509107990357515,1111,-0.032795821652464335,1525,-0.3496287159813079,1236,-0.07522755470876466,1368,0.04171449002645404,1569,0.1175263297888953,653
A+∧C,4H 정렬 + CISD,3426,264,-0.15325671016552103,-1.8993980381759634,-0.06014199718353111,0.09311471298198992,0.22591943957968477,135.0325474488548,3.7692307692307105,-0.18042634302840863,1,-0.23154923990457926,424,-0.11441396910049159,609,-0.4065836982873586,648,-0.17911875834398294,608,-0.07013823617028911,844,0.25380412548034104,293
A−∧C,4H 역정렬 + CISD (진단),4011,269,-0.013780174083174262,-0.13105990160854625,0.06385507190193819,0.07763524598511246,0.25903764647220145,168.2847896440131,3.5040485829959565,-0.054753190635070705,4,-0.05933776728747087,662,0.021467772011125836,916,-0.2868620007868847,588,0.007885408199409963,760,0.17192649128169712,725,0.006611346073357513,360
B0|C있음,기본형 · CISD 가 난 주,7461,274,0.0166768951956562,0.41330382390612097,0.03769009597459192,0.02101320077893572,0.44752714113389624,539.9719495091161,1.0,-0.017026270102002975,4,-0.11830637666059916,1111,0.06714948879647435,1525,0.02500592239400333,1236,-0.15898438065659112,1367,0.14324098055818513,1569,0.17632612387882493,653
B0|C없음,기본형 · CISD 가 먼저 안 난 주,1515,236,0.10672107836103464,1.7867294844457031,0.12768817081611947,0.020967092455084824,0.49438943894389437,524.3831999339867,1.0,0.09071480536626,5,0.217412550187032,273,0.19699173825308236,264,0.05527698984376068,342,0.07480039116796533,312,0.21767555713109543,191,-0.2518458298189216,133
D1,"메운 뒤 반전 (지정가, CISD 없음)",5127,274,-0.053943322624102064,-2.046411552209388,-0.03839286325861452,0.01555045936548754,0.3719524088160718,439.8563734290849,1.0,-0.057314524409505824,0,-0.05353128562417611,798,-0.07916856956369986,1025,-0.009553891504609861,839,-0.06900574076903424,921,-0.041191248706366694,1072,-0.07833611129028191,472
D2,"메운 뒤 연속 (역지정가, CISD 없음)",5127,274,0.013598094363652627,0.5092835390070615,0.03839286325861452,0.024794768894961898,0.41876340940120926,439.8563734290849,1.0,0.016713688639844605,5,0.01787551320200042,798,0.0404312034267985,1025,-0.03407986278634002,839,0.027511120839466795,921,0.0018128939998854178,1072,0.0324631927362191,472
D-T,메운 뒤 4H 추세 방향,5106,273,0.007019761155296767,0.26217500531631244,0.026964640729608476,0.01994487957431171,0.4061887974931453,439.5691563994003,1.0,0.01684712708123091,5,0.017235986887764704,777,0.02159737359552055,1025,0.01323124730479848,839,0.012877956596254845,921,-0.029961203532406916,1072,0.020063615221625263,472
D-CISD,메운 뒤 반전 + CISD 확인,4408,274,-0.1772330533245908,-3.6372255122500503,-0.10982571163606743,0.06740734168852337,0.27813067150635207,197.0247049865769,2.3768629712239546,-0.14912793270354918,0,-0.21624535521173938,650,-0.08086926833848007,906,-0.1569114251856163,710,-0.18975767089880682,760,-0.2799488109480598,947,-0.10731447199956182,435
D-CISD|A+,메운 뒤 반전 + CISD · 정렬 주,2037,250,-0.25528361462443305,-4.603577106727126,-0.18400222074596723,0.07128139387846577,0.2650957290132548,189.7961101193267,2.3499999999999956,-0.22436458781106491,0,-0.33537202206652894,255,-0.2156710180678827,391,-0.2538776372596517,351,-0.22780837771804274,342,-0.3518586315738804,494,-0.045714752172832274,204
D-CISD|A−,메운 뒤 반전 + CISD · 역정렬 주,2356,258,-0.11230824592817906,-1.863948122417672,-0.048012304398963104,0.06429594152921599,0.28862478777589134,202.04747244708145,2.396891191709847,-0.09106929450156293,1,-0.15370333316481422,380,0.021475361067726566,515,-0.062106020065877,359,-0.15862527441034108,418,-0.20153059596096176,453,-0.16171422457381646,231
D1|A+,메운 뒤 반전 · 정렬 주,2346,256,-0.0881538771155993,-2.0115324007348585,-0.07191942787390573,0.016234449241693573,0.36615515771526,414.80634576131047,1.0,-0.10525895195591721,0,-0.11275333900134302,314,-0.13480113843633093,450,-0.04622594023019157,402,-0.1119254924461959,416,-0.03162866649649374,545,-0.1295090360716062,219
D1|A−,메운 뒤 반전 · 역정렬 주,2760,263,-0.026236829748315083,-0.8300983859421758,-0.0112469283430442,0.014989901405270888,0.3760869565217391,463.21222567541906,1.0,-0.020373602656835483,1,-0.02153055768130711,463,-0.03563003740251033,575,0.02418103661365982,437,-0.03365006413992679,505,-0.0510804466273928,527,-0.03404018035308818,253
D2|A+,메운 뒤 연속 · 정렬 주,2346,256,0.04614516221836953,1.0462374111444854,0.07191942787390573,0.025774265655536203,0.4416027280477408,414.80634576131104,1.0,0.06299587194802839,5,0.07439812107719225,314,0.09472128764856,450,0.0013281181307377749,402,0.06936028946109073,416,-0.009539476723126985,545,0.08256708682163669,219
D2|A−,메운 뒤 연속 · 역정렬 주,2760,263,-0.012737115296212876,-0.39943363242385843,0.0112469283430442,0.023984043639257067,0.3996376811594203,463.21222567541906,1.0,-0.01894172655599145,1,-0.012336215850413957,463,-0.0020566885728409384,575,-0.06665196422493334,437,-0.006962649747851139,505,0.013553011730514939,527,-0.01090737170926094,253
